match_id,year,venue_id,runs5,wkts5,runs6,wkts6,runs7,wkts7,runs8,wkts8,runs9,wkts9,runs10,wkts10,runs11,wkts11,runs12,wkts12,runs13,wkts13,runs14,wkts14,runs15,wkts15,runs16,wkts16,runs17,wkts17,runs18,wkts18,runs19,wkts19,final
1001349,2017,0,43,0,47,0,53,0,61,0,67,0,75,0,78,1,89,2,93,2,100,2,116,2,129,3,139,3,148,3,154,5,168
1001351,2017,1,38,1,60,1,64,2,67,2,74,2,80,2,95,2,103,2,111,2,119,3,125,4,134,5,144,6,159,6,166,7,173
1001353,2017,2,53,0,62,0,66,0,78,0,81,1,93,1,100,1,107,1,124,1,128,2,135,2,147,2,167,2,177,2,182,5,187
1004729,2016,3,54,1,63,1,67,1,71,1,81,1,87,1,94,1,97,2,107,2,110,3,122,3,131,3,141,4,150,4,160,5,169
1007655,2016,4,33,1,41,1,50,2,57,2,67,2,72,2,80,2,91,2,98,3,100,4,111,4,115,5,130,5,134,6,155,6,170
1007657,2016,4,28,4,35,4,37,4,46,4,47,4,52,4,57,4,57,5,68,5,73,5,76,6,81,6,84,8,86,8,90,8,99
1007659,2016,4,27,3,29,3,34,3,39,3,49,3,53,3,61,3,69,3,78,4,85,4,87,4,93,4,95,5,111,5,122,6,138
1019979,2017,5,30,2,34,4,38,4,48,4,60,4,65,4,67,5,70,5,75,5,84,5,97,5,100,6,114,6,123,7,136,7,141
1019981,2017,6,42,2,49,3,55,3,70,3,75,3,87,3,92,3,107,3,135,3,145,3,153,3,163,3,171,5,179,5,190,5,195
1019983,2017,6,36,2,41,2,44,3,46,3,50,3,55,3,67,3,79,3,91,3,103,3,125,3,129,3,150,3,165,3,177,4,194
1020029,2017,7,42,1,56,1,61,1,71,1,87,1,98,1,102,1,107,2,118,2,127,3,139,3,146,4,157,4,171,4,173,5,185
1031431,2017,8,33,3,43,3,47,3,53,3,55,3,62,3,68,3,73,3,78,3,84,3,93,3,102,3,112,3,116,3,131,3,142
1031433,2017,9,30,1,45,1,55,1,60,2,63,2,84,2,96,3,100,3,113,3,120,4,130,5,136,5,144,5,156,5,164,7,174
1031435,2017,10,39,1,46,1,54,1,65,1,73,1,88,1,99,1,116,1,123,2,134,3,139,3,149,3,160,3,166,5,179,6,181
1031665,2017,11,55,0,72,0,80,1,93,1,99,1,106,1,116,3,122,3,125,4,128,5,138,5,142,7,147,7,158,7,167,8,176
1034825,2017,12,36,1,47,1,55,1,58,2,68,2,75,2,82,3,88,3,98,4,103,5,106,5,117,5,122,6,128,6,135,6,147
1034827,2017,13,37,1,46,1,54,1,56,2,57,2,67,2,72,3,87,3,93,3,105,3,108,3,114,3,124,3,129,4,139,5,144
1034829,2017,14,39,1,53,1,64,1,67,2,70,2,78,2,84,2,99,2,113,2,124,3,132,3,142,3,153,3,177,3,186,4,202
1041615,2016,15,64,0,78,0,91,0,101,0,121,0,132,1,164,1,168,1,181,1,189,1,199,1,205,3,215,3,225,3,235,3,245
1041617,2016,15,50,1,54,2,55,2,62,2,72,2,76,3,89,4,92,5,98,6,102,6,110,6,113,7,123,8,133,9,136,9,143
1050217,2016,16,22,5,25,5,30,5,39,5,43,5,46,5,48,7,48,8,56,8,58,8,71,8,90,8,98,8,101,8,112,8,115
1050219,2016,16,32,1,39,1,45,1,58,1,62,2,73,2,81,2,86,3,89,3,100,3,110,3,117,3,132,3,145,3,153,3,160
1050221,2016,17,21,3,26,3,28,3,31,3,36,4,44,4,54,4,58,4,67,5,71,5,75,5,77,5,87,5,94,5,98,5,103
1072316,2018,18,25,3,29,3,34,3,40,4,45,4,49,4,54,4,60,4,63,5,69,5,83,5,90,6,92,6,103,7,113,7,117
1072317,2018,19,50,1,60,1,65,2,79,2,88,2,96,3,103,3,107,3,113,4,122,4,125,5,127,7,136,8,140,9,143,9,155
1072318,2018,0,36,3,42,3,49,3,53,3,61,3,67,3,70,4,72,4,74,4,84,4,88,4,95,4,105,4,120,5,129,5,137
1072319,2018,20,42,1,50,1,56,1,60,1,71,1,83,1,99,1,109,1,119,1,122,3,134,3,154,3,166,3,169,4,181,5,196
1072320,2018,7,56,0,67,0,76,0,84,0,95,0,114,0,139,1,152,1,156,2,166,2,184,2,206,2,214,3,220,4,225,6,243
1072321,2018,21,37,2,41,2,57,2,60,2,71,2,85,2,106,2,117,2,120,3,123,4,127,4,133,4,148,4,166,5,176,6,194
1072322,2018,7,53,1,63,2,68,2,73,4,85,4,92,5,94,6,100,6,103,7,111,8,116,8,120,8,127,8,129,8,140,8,150
1074957,2017,17,34,0,47,0,60,0,62,2,66,2,75,2,87,2,99,2,111,2,121,2,133,2,144,2,154,2,161,2,178,2,189
1074959,2017,17,31,2,44,2,45,2,50,2,53,3,60,3,65,3,70,3,82,3,89,5,94,6,99,6,110,6,122,6,135,6,146
1074961,2017,17,32,3,38,4,41,5,46,5,47,6,49,6,56,6,56,8,59,8,65,8,69,8,72,9,76,9,85,9,87,10,87
1074964,2017,17,15,3,17,3,25,3,35,3,42,3,56,3,65,3,73,4,76,5,82,5,95,5,107,6,113,6,121,7,133,7,148
1074965,2017,16,35,1,43,1,47,2,52,3,59,3,66,3,70,3,86,3,103,3,108,4,120,4,128,5,131,5,140,5,151,6,160
1074966,2017,16,59,1,66,1,72,1,83,1,87,2,89,2,92,2,96,2,100,3,108,3,121,3,130,3,139,3,155,3,169,3,183
1074968,2017,16,26,2,33,2,34,2,38,2,42,2,51,2,61,4,65,4,73,4,78,4,87,5,95,6,101,6,116,7,128,7,133
1074970,2017,16,56,0,71,0,84,1,89,2,93,2,102,2,118,2,125,3,137,3,146,3,150,3,164,4,171,4,187,5,202,6,211
1075507,2017,22,47,1,65,1,77,1,83,1,90,1,97,2,102,2,112,2,123,3,130,3,133,4,144,4,157,4,171,4,186,4,195
1075508,2017,23,37,2,45,2,49,2,66,2,74,2,78,3,83,3,95,3,108,3,124,3,134,3,157,3,163,4,178,4,209,4,224
1077947,2017,24,28,1,34,1,37,2,38,4,42,4,44,5,49,6,51,6,58,6,60,6,67,6,74,6,85,7,91,7,105,7,111
1077948,2017,25,25,1,33,1,37,1,42,2,45,3,49,3,52,4,67,4,74,4,78,4,87,5,91,7,98,8,108,8,124,8,132
1083449,2017,26,57,1,58,3,65,3,69,3,71,4,76,4,82,4,85,5,94,5,102,5,112,5,123,5,131,5,139,5,146,6,155
1083450,2017,26,56,0,68,0,74,1,79,2,89,2,101,2,107,2,118,2,124,2,132,3,136,3,139,4,152,4,166,5,170,8,176
1085495,2017,25,32,2,42,2,49,2,59,2,62,2,76,2,86,2,92,2,93,3,96,4,106,4,116,5,122,5,127,6,132,7,137
1085496,2017,25,35,1,42,1,50,1,52,1,53,2,59,2,59,3,73,3,73,5,77,5,83,6,86,7,95,7,108,7,121,8,124
1089202,2017,17,10,3,14,3,23,3,27,4,30,4,41,4,49,4,61,5,66,5,73,5,80,5,90,7,97,7,100,9,102,10,102
1089203,2017,17,38,2,48,2,52,2,58,2,64,2,77,3,82,3,92,3,97,3,104,3,106,3,128,3,145,3,152,3,165,3,180
1089243,2017,17,37,0,46,0,48,0,54,1,57,1,63,1,67,2,74,2,79,2,84,2,91,3,98,3,109,3,115,4,119,5,128
1098211,2017,27,54,0,66,2,71,2,78,2,87,2,93,2,105,2,114,2,128,2,135,2,140,2,153,3,158,5,164,6,172,6,190
1109610,2017,28,47,2,60,2,65,3,67,3,84,3,90,3,98,3,101,4,105,4,113,6,118,6,127,6,136,7,144,7,157,7,170
1115798,2017,29,35,1,40,1,46,1,57,1,76,1,81,1,89,1,93,2,108,2,119,3,124,4,136,4,149,4,153,5,162,7,187
1115800,2018,6,52,0,63,0,73,0,80,0,96,0,118,0,128,0,137,1,157,1,167,1,183,1,191,2,204,2,211,3,226,4,243
1115807,2018,20,21,3,24,4,31,4,35,4,38,4,39,6,44,6,47,6,52,6,53,7,63,7,70,7,84,8,88,8,93,9,105
1115808,2018,7,44,0,57,0,61,0,83,0,86,0,94,1,100,2,108,2,121,2,130,2,137,2,150,2,168,2,181,2,190,4,201
1115809,2018,6,34,1,45,1,52,1,57,1,66,2,72,2,82,2,93,2,101,2,107,3,121,3,123,4,135,4,156,5,165,6,181
1117821,2017,30,41,1,49,1,62,1,70,1,76,1,85,1,95,1,106,1,117,1,130,1,133,2,143,3,149,3,161,4,176,4,197
1117822,2017,30,42,1,43,1,47,1,55,1,69,1,78,1,87,1,99,1,106,2,115,2,121,2,134,2,138,3,151,3,157,5,174
1117824,2017,30,38,0,51,0,53,0,59,0,66,1,76,1,85,1,95,1,101,1,107,1,117,1,127,1,142,1,164,2,175,2,183
1119502,2017,32,31,4,38,4,43,4,47,4,54,4,61,5,67,5,69,6,71,7,77,7,85,7,90,7,101,7,104,8,114,8,118
1119542,2018,33,59,0,70,0,83,0,92,0,98,1,116,2,128,2,134,3,144,3,154,3,163,3,178,3,195,3,204,3,213,4,221
1119543,2018,34,50,1,53,1,59,1,66,1,72,1,77,1,95,1,100,2,106,2,109,5,112,5,117,6,137,6,148,7,151,8,159
1119544,2018,10,23,3,31,3,36,3,41,3,48,3,52,3,67,3,79,3,82,4,89,4,93,4,101,4,111,4,115,5,126,5,148
1119545,2018,9,51,0,73,0,82,0,94,1,97,1,111,2,118,2,120,2,132,2,140,4,150,4,159,4,175,4,181,6,191,7,198
1120093,2017,35,38,0,46,0,53,0,56,0,74,0,80,0,94,0,100,0,114,0,125,0,140,0,158,0,160,2,174,2,185,3,202
1120094,2017,36,41,0,48,0,52,0,68,0,72,0,83,0,104,0,108,1,122,1,136,1,147,2,158,2,174,2,179,2,187,2,196
1120291,2017,17,34,2,40,2,44,2,50,2,53,3,58,3,66,4,66,6,72,7,82,7,83,7,87,8,91,9,95,9,102,10,102
1120292,2017,17,34,0,42,0,45,1,48,1,55,1,61,1,69,1,73,1,86,1,95,1,98,1,106,1,108,3,111,5,117,8,124
1120293,2017,30,37,0,47,0,52,0,57,1,65,1,71,1,85,1,91,1,99,2,103,2,108,2,124,2,134,2,147,2,157,2,180
1122285,2018,38,60,2,78,2,84,2,98,2,106,2,110,3,116,3,128,3,138,3,149,3,157,4,164,4,175,4,183,4,194,5,203
1122286,2018,39,45,2,45,3,53,3,58,3,66,3,85,3,92,4,97,4,106,4,116,4,124,4,133,4,146,4,157,4,170,4,188
1122287,2018,40,47,1,57,1,62,1,65,1,75,1,81,2,85,2,102,2,111,2,117,3,125,3,130,4,136,4,147,4,162,5,172
1122729,2017,41,38,1,50,1,53,1,65,1,75,1,84,1,90,1,98,1,102,2,110,2,114,3,119,3,138,3,147,3,168,3,180
1122730,2017,42,43,0,59,0,71,0,87,0,108,0,117,0,143,0,149,0,166,1,177,1,196,1,202,1,223,1,236,1,253,3,260
1122731,2017,43,26,3,37,3,45,3,53,3,57,4,67,4,71,4,74,5,85,6,91,6,96,6,106,6,110,6,113,7,117,7,135
1127300,2018,44,42,1,50,2,56,2,62,2,69,2,82,2,91,3,96,3,102,3,115,3,124,3,144,3,164,3,174,3,184,4,204
1127301,2018,44,39,0,54,0,59,0,61,1,66,2,76,2,81,2,84,3,93,3,98,5,104,5,118,5,123,5,132,5,151,5,166
1130746,2018,45,58,1,71,1,80,1,84,1,93,1,100,1,103,3,113,3,123,3,131,3,139,3,154,3,162,3,171,3,183,4,193
1130747,2018,46,47,0,63,0,73,0,79,0,86,0,91,0,98,1,108,1,119,1,137,1,147,1,158,2,161,3,177,3,194,3,210
1133817,2018,28,35,2,40,2,48,2,57,2,71,2,80,2,90,2,100,2,105,3,109,3,124,3,134,3,150,3,153,4,160,4,174
1133818,2018,28,35,2,44,2,51,2,55,2,66,3,69,3,72,4,75,4,85,4,96,4,107,4,111,5,119,6,121,6,134,7,139
1133819,2018,28,62,1,70,1,73,1,81,1,86,1,98,1,111,1,123,1,135,1,143,3,150,4,157,4,174,4,184,4,198,4,214
1133821,2018,28,38,0,49,0,54,0,63,0,67,0,71,1,80,1,84,1,93,1,104,1,117,1,126,1,140,1,161,1,172,1,176
1133822,2018,28,29,2,35,4,37,4,41,4,43,5,53,5,63,5,68,5,86,5,90,5,99,5,110,5,127,5,137,5,150,6,159
1133823,2018,28,33,3,40,3,45,3,59,3,63,3,68,3,72,4,82,4,90,4,100,4,110,5,120,5,134,6,145,6,148,8,166
1140069,2018,47,46,1,56,1,65,1,72,2,79,2,94,2,103,2,110,2,122,2,126,2,137,2,145,3,156,4,159,5,182,5,203
1140070,2018,47,42,1,54,1,63,1,69,1,75,1,90,1,101,1,114,1,122,1,130,2,144,2,156,2,167,3,183,3,196,3,205
1140071,2018,47,24,1,29,1,42,1,46,1,53,1,64,1,73,1,76,2,81,2,90,3,96,4,99,5,109,5,123,5,140,5,153
1140384,2018,28,52,2,59,2,62,3,65,3,74,3,89,3,107,4,116,4,126,4,141,4,150,5,152,5,165,5,171,5,177,7,187
1140992,2018,48,50,0,59,0,65,0,77,0,84,0,94,0,106,0,111,0,122,0,133,0,148,0,160,1,174,1,187,2,201,2,208
1140993,2018,48,50,1,57,1,63,1,83,1,92,1,101,1,117,1,128,1,131,3,135,3,144,3,157,3,167,3,174,4,192,4,213
1141232,2018,49,39,0,51,0,65,0,75,1,81,1,87,1,100,2,101,3,113,3,127,3,137,3,149,3,158,4,165,4,189,4,199
1142501,2018,50,45,1,52,2,53,4,57,4,61,4,67,4,72,4,81,4,90,4,99,4,113,4,117,5,126,6,132,6,139,8,144
1142502,2018,50,58,0,61,1,65,2,75,2,82,3,84,3,92,3,98,3,103,3,116,4,123,4,127,5,136,5,145,6,150,6,158
1142503,2018,51,57,1,68,1,76,2,81,3,88,3,101,3,107,3,118,3,125,3,137,3,153,3,167,3,172,4,183,4,191,4,205
1142504,2018,51,63,0,73,0,79,0,93,0,97,1,106,1,109,1,115,1,119,1,123,2,132,2,138,3,146,3,158,3,179,4,185
1142505,2018,52,49,1,62,1,70,1,75,1,81,1,86,2,93,2,103,2,110,2,116,2,121,2,132,2,141,3,145,3,152,4,160
1142506,2018,52,64,1,77,1,82,1,95,1,101,1,109,1,121,1,134,1,138,2,148,2,155,2,173,2,183,2,199,2,208,2,221
1142589,2018,28,42,2,48,3,54,3,57,4,64,4,69,4,73,7,78,7,84,7,85,8,89,8,93,9,98,10,98,10,98,10,98
1142913,2018,4,40,1,42,1,49,2,58,2,65,2,78,3,81,3,97,3,109,3,117,3,121,4,137,4,139,4,154,4,168,4,182
1142914,2018,4,19,3,23,3,26,4,31,4,45,4,50,5,55,5,63,6,66,6,69,6,84,6,90,6,93,7,103,7,108,7,116
1142915,2018,4,60,0,75,0,79,0,93,0,96,0,106,0,110,0,119,0,127,0,143,0,163,0,184,0,192,0,200,0,221,0,229
1142916,2018,4,38,0,46,0,47,0,49,1,55,1,72,1,82,1,92,2,102,2,109,2,118,2,128,2,132,2,144,2,154,3,162
1142917,2018,4,43,1,51,1,58,1,71,1,80,2,81,2,95,2,103,2,114,3,128,3,134,4,141,4,156,4,159,5,176,6,194
1142918,2018,4,34,2,44,3,49,3,53,3,58,3,65,3,69,3,70,3,79,3,98,3,111,3,114,4,126,5,139,5,142,8,151
1142919,2018,4,38,0,54,0,68,0,81,0,85,0,96,1,102,1,109,2,112,2,119,2,137,2,147,3,157,4,168,5,176,6,183
1144149,2018,53,44,2,52,2,59,3,64,3,71,3,82,3,88,3,91,3,102,3,113,3,117,3,124,3,139,4,149,5,156,6,160
1144150,2018,23,33,2,34,2,39,3,43,3,49,3,56,3,58,3,61,3,66,4,73,4,97,4,101,5,108,6,115,6,121,7,132
1144161,2019,40,39,1,48,1,62,1,68,1,79,1,88,1,103,1,116,1,128,1,142,1,157,1,158,3,166,3,178,4,185,5,192
1144162,2019,38,33,0,44,0,44,0,55,0,58,1,61,1,73,1,84,1,93,2,103,2,115,2,126,2,134,3,152,3,159,3,188
1144163,2019,39,46,1,50,2,56,2,68,2,78,2,83,2,91,3,94,4,101,5,111,5,122,5,129,6,136,6,145,7,147,9,168
1144172,2019,40,39,2,42,3,47,3,56,3,60,3,65,3,72,3,76,4,80,5,89,5,94,5,102,5,109,5,113,5,121,7,134
1144173,2019,39,28,1,39,1,45,1,56,1,63,1,82,1,94,1,98,1,110,1,118,1,128,2,138,2,142,3,157,3,165,3,180
1144174,2019,38,29,0,38,1,44,1,51,1,60,1,70,1,82,1,96,1,109,1,116,1,127,2,142,2,156,2,173,2,189,2,198
1144992,2018,18,41,0,49,0,52,0,64,0,73,1,76,3,79,3,85,3,90,3,98,4,107,4,120,5,129,5,137,6,149,6,164
1146723,2018,56,41,2,43,4,60,4,72,4,85,4,95,5,100,5,107,5,108,5,116,5,121,6,125,6,130,7,132,7,139,9,143
1146724,2018,15,27,2,35,2,43,2,52,3,57,3,67,3,74,3,82,3,96,3,105,3,116,3,138,4,146,4,149,4,162,4,171
1146725,2018,15,66,1,71,2,76,2,79,2,89,2,97,3,102,4,105,4,117,4,128,4,137,4,146,5,151,5,164,5,170,5,184
1152840,2019,10,31,2,38,2,42,2,57,2,68,2,81,2,90,2,96,2,111,2,122,2,133,2,137,4,141,5,148,5,157,5,173
1153317,2018,46,48,3,54,4,58,4,66,4,70,4,73,4,77,5,86,5,93,5,98,5,102,5,110,6,115,7,123,8,129,10,129
1153318,2018,45,47,1,61,1,66,1,75,1,83,1,99,1,110,1,113,3,120,4,133,4,140,4,159,4,179,4,195,4,202,4,211
1153319,2018,45,76,1,88,1,98,2,108,2,120,2,123,4,129,4,134,4,151,4,160,5,168,5,176,5,179,7,187,7,189,9,190
1153696,2019,20,54,0,66,0,74,0,85,0,88,1,97,1,114,1,127,1,138,2,146,2,164,3,169,4,180,4,190,5,207,6,219
1153697,2019,7,40,1,43,3,48,3,51,4,56,4,60,4,79,4,97,4,105,4,114,4,121,4,129,5,136,5,145,5,153,6,158
1153698,2019,21,46,0,66,0,79,0,83,1,87,1,96,1,110,1,118,1,135,1,140,2,151,3,167,3,182,3,192,3,200,4,212
1153843,2019,7,29,4,33,4,36,4,44,4,47,4,55,5,57,5,68,5,85,5,95,5,103,6,115,6,138,6,156,7,162,7,179
1157372,2018,17,38,1,45,1,49,1,56,1,68,1,77,1,85,1,93,1,102,1,107,2,114,3,125,3,130,5,133,7,138,8,155
1157373,2018,16,40,1,46,1,51,1,59,1,64,1,69,1,77,1,86,1,90,1,99,2,104,2,107,3,117,4,128,4,132,6,147
1157374,2018,16,45,0,54,0,61,0,66,0,69,0,74,0,80,0,90,0,97,1,100,2,111,2,121,2,126,3,139,3,145,5,150
1157375,2018,17,24,2,31,2,39,2,43,2,56,2,61,2,72,2,78,3,85,3,92,3,101,4,106,4,113,4,123,6,134,6,148
1157376,2018,16,47,0,50,1,56,2,62,2,65,2,68,3,72,3,76,3,85,4,90,4,101,4,109,4,125,4,126,5,142,5,153
1157377,2018,16,28,0,33,1,38,1,45,1,58,1,67,1,82,1,86,1,90,1,95,1,112,1,123,1,135,2,145,2,156,3,166
1157759,2018,57,29,3,31,3,34,3,44,3,47,3,49,4,53,5,54,5,56,6,58,6,63,7,70,7,81,7,87,8,103,8,109
1157760,2018,58,37,0,49,0,57,0,62,0,78,0,83,0,89,0,96,0,107,0,123,1,129,1,136,2,148,2,169,2,175,2,195
1157761,2018,59,38,0,51,0,56,1,59,1,62,2,67,2,78,2,84,2,95,3,101,3,117,3,132,3,145,3,149,3,158,3,181
1158071,2019,60,37,3,43,3,46,3,51,3,53,3,67,3,76,3,90,3,94,3,101,4,102,5,113,5,128,6,139,7,148,7,160
1158072,2019,61,32,3,39,4,44,4,49,4,55,4,64,4,75,4,80,4,86,4,94,4,110,4,114,5,132,5,138,5,160,5,182
1162727,2018,62,15,2,21,3,23,3,25,3,35,3,37,3,42,3,52,3,53,3,59,3,65,3,72,4,82,4,92,5,103,5,117
1168247,2019,63,38,1,49,1,59,1,65,1,76,2,80,3,85,3,91,3,94,5,95,5,100,6,104,6,109,7,115,7,118,7,126
1168248,2019,64,39,0,53,0,61,0,65,1,70,1,73,2,74,3,81,3,90,3,99,3,113,3,135,3,138,3,157,3,172,3,190
1168522,2019,65,39,1,45,3,49,3,53,3,55,3,58,3,66,3,77,3,89,3,92,4,106,4,124,4,131,5,147,6,159,6,171
1170457,2019,66,24,2,40,2,43,3,47,3,53,3,63,3,74,3,81,3,97,3,105,4,114,4,122,4,135,5,138,6,145,6,153
1170458,2019,66,26,2,35,4,37,4,40,4,44,4,52,4,62,5,68,5,72,6,74,6,79,7,91,7,95,8,100,8,107,9,107
1172505,2019,67,41,3,43,3,44,4,48,4,57,4,63,4,75,4,83,4,96,4,100,5,113,5,121,5,130,5,136,6,143,7,153
1172506,2019,67,43,0,46,1,52,1,60,1,67,1,77,1,86,1,99,1,107,1,122,1,125,2,128,3,133,4,142,4,153,4,159
1172507,2019,67,23,1,30,1,33,1,35,2,42,2,46,2,63,2,69,2,82,2,90,2,106,2,121,2,136,3,138,4,151,4,166
1172508,2019,67,44,0,55,0,64,0,76,0,84,0,98,0,112,0,117,1,122,1,126,2,130,2,135,3,139,5,158,5,164,6,180
1172509,2019,67,64,0,79,0,96,0,104,0,116,0,119,1,123,1,132,2,136,3,140,6,145,6,150,6,154,7,164,7,171,8,182
1172510,2019,67,9,3,17,4,23,4,28,4,38,4,42,5,46,5,53,5,57,5,62,6,72,6,76,7,90,7,94,8,107,8,111
1176792,2019,68,41,1,60,1,69,1,76,1,82,2,94,2,108,2,119,2,135,2,146,2,153,3,161,3,169,3,190,3,202,4,216
1176793,2019,68,23,1,35,1,44,1,51,1,58,1,61,1,64,1,68,3,77,3,83,3,86,3,93,3,96,4,100,5,109,5,124
1176794,2019,68,31,2,35,2,39,2,44,2,49,2,53,2,81,2,84,2,96,2,103,3,114,3,119,3,126,5,137,5,147,6,156
1176795,2019,68,50,0,60,0,65,0,76,0,81,1,99,1,106,1,115,1,120,1,132,1,143,1,154,2,160,2,175,2,184,2,205
1177485,2019,66,39,1,49,1,55,1,71,1,84,1,90,1,94,1,99,2,110,2,129,3,136,4,153,4,160,5,163,7,170,7,182
1178996,2019,69,24,1,27,1,33,1,36,2,38,2,42,2,47,2,57,2,63,2,68,2,75,4,78,6,84,6,96,6,107,6,130
1183524,2019,2,52,0,57,0,65,0,80,0,87,0,112,0,123,1,128,1,143,1,165,1,178,1,185,1,198,1,216,1,223,1,233
1183525,2019,55,28,1,36,2,41,2,49,2,54,3,65,4,75,5,77,6,82,6,89,6,93,7,97,8,107,8,110,9,117,10,117
1183526,2019,0,34,2,41,2,47,2,51,2,59,2,65,2,71,2,76,3,85,3,98,3,104,4,110,4,111,5,118,5,132,6,142
1183528,2019,70,29,2,32,2,38,2,43,2,56,2,62,3,69,3,73,4,78,4,83,4,97,4,106,5,114,5,120,5,142,5,150
1183529,2019,71,22,3,34,3,41,3,48,3,54,3,59,4,63,4,69,4,79,5,86,5,89,6,92,6,96,8,104,8,105,8,106
1184258,2019,72,35,1,38,2,39,3,39,3,41,3,42,3,45,3,50,3,58,3,61,5,64,6,69,6,76,6,80,6,86,7,91
1184260,2019,73,31,2,41,2,45,2,55,2,62,2,73,2,83,2,90,3,96,3,103,4,107,4,111,5,123,5,126,5,135,6,142
1184261,2019,72,24,2,32,2,36,2,43,2,47,2,51,2,58,3,63,3,70,3,79,3,87,3,102,3,106,4,123,4,135,5,141
1184262,2019,72,37,2,43,2,46,3,47,3,54,4,68,4,82,4,93,4,104,4,111,4,115,5,132,5,140,6,145,6,153,6,167
1184263,2019,73,20,1,35,1,39,1,43,1,50,1,66,1,73,2,81,3,86,4,91,4,94,4,101,5,108,5,108,6,110,8,119
1184266,2019,72,25,0,30,1,39,1,41,3,55,3,59,4,62,4,65,4,70,4,75,4,78,4,86,4,89,6,98,6,107,6,113
1184900,2019,72,21,2,24,2,29,2,31,2,34,2,41,2,52,2,68,2,74,3,84,3,91,3,96,5,105,6,121,6,123,7,135
1184902,2019,73,27,2,30,2,31,2,37,2,42,2,43,2,47,2,56,2,62,3,70,3,73,4,92,4,110,4,121,5,130,5,145
1185181,2019,74,33,0,38,0,44,0,52,1,56,1,74,2,76,2,80,3,83,3,89,4,95,4,102,4,108,5,112,7,114,8,117
1185182,2019,74,26,0,35,0,45,0,55,0,59,1,66,1,76,2,88,2,96,4,100,4,106,4,114,4,116,6,126,6,133,6,141
1185184,2019,74,39,3,43,3,46,3,52,3,64,3,77,3,81,3,94,5,97,5,99,6,104,6,110,6,114,7,118,8,125,8,131
1185185,2019,75,49,0,54,0,59,0,65,0,70,0,76,2,85,2,88,3,94,4,101,5,108,6,110,7,113,8,115,8,121,9,121
1185186,2019,74,39,1,47,1,56,1,58,2,69,2,74,2,87,2,97,2,102,2,117,2,121,2,131,3,139,4,146,4,155,5,160
1185188,2019,75,22,2,26,2,31,3,37,3,46,3,55,4,60,4,65,5,69,6,72,6,75,6,81,7,86,8,91,9,94,9,99
1185190,2019,75,33,2,38,2,43,3,48,4,50,5,54,5,61,5,69,5,76,5,80,5,84,5,91,5,95,5,109,5,115,5,134
1185192,2019,75,33,2,46,2,49,3,53,3,60,3,65,3,77,3,86,3,91,3,97,4,104,5,113,5,119,5,131,5,136,6,149
1185193,2019,74,16,2,24,2,33,2,40,2,46,2,50,3,52,4,55,4,68,4,71,5,77,5,84,5,90,6,98,6,104,8,109
1185313,2020,53,54,1,68,1,77,1,84,1,97,1,105,1,111,2,113,3,118,3,128,3,135,3,148,4,160,4,169,4,172,5,177
1185314,2020,76,38,1,55,1,69,2,78,2,87,2,90,3,93,3,104,3,108,3,115,3,125,4,136,5,157,5,176,6,189,6,204
1185315,2020,39,60,0,64,0,77,0,86,1,90,2,100,2,112,2,116,3,129,3,141,3,164,3,174,3,179,4,195,4,210,5,222
1185316,2020,38,58,1,70,1,78,1,83,1,90,2,99,2,106,2,116,3,125,4,131,4,147,4,155,4,159,4,169,5,178,6,196
1185317,2020,77,46,0,59,0,62,1,70,1,78,1,81,1,88,2,95,2,100,2,113,2,122,3,127,3,138,3,142,3,147,4,158
1185318,2020,40,63,0,75,0,84,0,93,0,102,0,114,0,119,0,121,1,125,2,135,2,145,2,151,3,159,4,165,4,173,5,193
1186488,2019,78,28,1,30,1,35,1,37,2,42,2,46,2,57,2,60,2,72,2,88,3,92,3,102,3,103,6,108,6,110,6,113
1186490,2019,78,40,0,46,1,49,1,55,2,62,2,65,2,69,2,73,3,86,3,96,3,98,3,101,4,108,6,114,6,122,7,130
1186491,2019,78,31,1,36,2,46,2,50,5,59,5,63,5,68,5,74,6,77,6,80,6,85,6,90,6,96,6,110,6,114,7,127
1186493,2019,78,57,1,65,1,69,1,72,1,80,1,83,1,90,1,93,2,105,2,110,4,120,4,122,5,131,5,139,6,145,6,153
1187005,2019,79,32,1,39,1,45,1,55,1,64,1,78,1,87,1,90,2,98,3,105,3,110,3,122,3,126,3,129,4,133,5,149
1187006,2019,64,41,1,54,1,62,1,66,2,73,3,76,3,79,3,87,3,93,5,97,5,99,6,104,6,109,6,118,6,127,6,134
1187013,2019,35,29,1,35,1,44,2,51,2,60,2,69,2,73,3,75,3,83,3,85,3,95,4,102,5,110,5,118,5,132,6,148
1187014,2019,36,41,0,54,0,59,0,64,1,69,1,78,1,86,2,97,2,103,4,106,4,112,4,123,4,136,5,140,5,144,6,153
1187015,2019,13,34,1,41,2,49,2,54,2,59,2,71,2,87,2,94,2,97,3,109,3,129,3,139,3,144,5,157,5,163,5,174
1187018,2019,80,57,1,66,2,70,2,82,2,91,2,101,2,107,3,120,3,132,3,141,3,144,3,155,3,172,3,178,5,190,5,207
1187019,2019,37,37,1,42,1,45,1,58,2,84,2,93,2,104,3,112,3,119,3,128,4,132,4,144,4,150,5,156,5,164,6,170
1187020,2019,43,58,0,72,0,81,0,102,0,107,0,116,0,132,0,136,1,142,2,151,2,173,2,176,2,187,2,204,2,231,2,240
1187665,2019,81,36,1,39,2,48,2,53,2,61,2,72,2,76,3,83,3,93,3,96,4,105,4,116,4,129,4,138,4,147,4,153
1187666,2019,20,43,1,53,1,59,2,70,2,85,2,96,3,98,4,110,4,118,4,122,5,128,5,138,5,149,5,151,7,166,7,176
1187667,2019,29,47,2,52,2,67,2,70,3,73,3,84,3,96,3,101,3,118,3,133,3,136,4,147,4,155,4,163,5,171,6,180
1187668,2019,5,31,1,48,1,57,1,61,2,73,2,88,2,108,2,120,2,129,2,149,2,156,2,165,2,193,2,208,2,233,2,241
1187677,2020,7,52,0,68,0,73,0,81,1,84,1,91,1,102,1,116,2,121,3,130,3,143,3,165,3,178,4,182,5,191,5,203
1187678,2020,7,39,0,48,1,58,1,63,1,69,2,73,2,76,3,79,3,84,4,90,4,94,4,109,4,115,4,118,4,123,4,132
1187679,2020,21,42,0,69,0,77,0,82,0,89,1,92,1,96,3,99,3,106,3,114,3,127,3,131,3,142,4,151,4,161,5,179
1187680,2020,20,50,2,51,2,55,3,69,3,78,4,83,4,87,5,88,6,97,6,104,6,112,6,125,6,138,7,144,8,154,8,165
1187681,2020,6,44,1,53,1,55,1,62,1,69,1,84,1,94,1,101,2,104,2,106,2,117,2,131,2,140,2,143,2,148,3,163
1188379,2019,50,55,1,70,1,78,1,87,2,91,3,96,4,101,4,108,4,120,4,128,4,137,4,140,5,158,5,166,5,184,5,199
1188380,2019,50,44,2,55,3,59,3,65,3,75,3,82,3,89,3,99,4,102,5,111,5,120,6,122,7,127,7,132,7,146,7,152
1188621,2019,15,28,4,33,5,34,5,37,5,43,5,45,5,45,5,54,5,63,5,65,5,70,6,70,7,78,7,88,7,95,8,95
1188622,2019,15,39,0,52,0,61,0,68,1,72,1,77,1,87,1,98,1,111,1,117,2,126,2,130,3,135,4,141,4,147,5,167
1188623,2019,82,21,3,22,3,30,3,33,3,46,3,58,3,65,3,73,3,80,3,84,4,100,4,108,5,113,5,121,6,130,6,146
1189743,2019,74,22,1,26,1,34,1,41,2,45,3,50,3,53,4,62,5,68,5,69,5,74,5,79,6,86,6,99,7,105,7,118
1189744,2019,74,31,2,44,2,52,2,61,2,68,3,79,3,83,3,92,3,105,3,118,3,131,3,132,5,136,6,142,7,151,7,158
1190767,2019,83,34,0,38,0,52,1,58,1,72,1,83,1,97,1,104,1,110,2,120,2,128,2,144,2,153,3,169,3,175,6,186
1190768,2019,83,27,1,34,1,38,1,47,2,59,2,64,2,76,2,87,2,89,3,94,3,109,3,116,4,134,4,149,5,158,7,162
1190769,2019,83,35,0,49,1,52,1,57,1,61,2,67,2,68,3,75,3,81,3,89,4,92,4,97,4,106,4,109,5,117,7,122
1190772,2019,83,49,1,63,1,70,1,85,1,93,1,97,1,106,1,112,2,119,4,131,4,134,4,138,4,155,4,170,4,185,5,197
1190773,2019,83,23,2,28,2,30,3,34,3,38,3,46,4,50,4,57,5,62,5,66,5,70,6,78,7,86,8,89,9,92,10,92
1190774,2019,83,37,1,46,3,55,3,58,3,64,5,71,5,76,5,80,5,88,5,94,6,96,7,102,7,106,8,111,8,124,9,141
1190775,2019,83,44,1,53,2,62,2,69,2,80,2,83,2,92,2,106,2,109,3,112,4,117,4,121,5,134,5,140,7,144,9,144
1190776,2019,83,34,1,45,1,57,1,75,1,89,1,96,1,101,2,109,2,122,2,132,2,138,2,145,2,164,2,174,4,185,5,191
1191006,2019,52,35,2,42,2,47,2,55,2,63,3,72,3,77,3,80,4,90,4,97,4,102,4,110,4,117,5,123,5,131,7,136
1191008,2019,84,46,1,51,1,57,1,61,1,67,2,73,2,75,2,80,3,89,3,96,3,102,4,110,4,129,4,134,4,143,5,150
1192223,2019,78,34,1,43,1,45,2,51,2,55,2,61,2,65,2,71,2,83,2,92,2,96,3,99,3,111,4,118,5,125,6,128
1192224,2019,78,36,1,42,3,48,3,60,3,65,3,70,3,79,3,82,3,89,4,96,4,107,4,120,5,133,5,148,5,156,6,173
1192875,2019,85,44,1,50,1,56,1,61,1,68,1,73,2,83,2,89,2,95,2,103,2,114,2,131,2,136,3,144,3,151,3,174
1192876,2019,85,34,1,38,1,42,2,48,2,59,2,69,2,80,2,89,2,103,2,110,3,116,4,124,5,135,5,148,6,151,7,161
1192877,2019,85,31,1,36,1,41,2,46,2,50,3,56,3,69,3,76,3,81,4,91,4,100,5,101,6,109,7,111,8,116,8,125
1197143,2019,86,49,1,55,2,63,2,76,3,79,3,83,3,93,3,102,3,112,3,121,3,134,3,142,3,146,4,152,4,166,5,175
1197396,2019,87,37,2,38,2,43,3,54,3,60,3,68,3,73,4,76,4,81,4,90,4,111,4,124,4,129,5,131,6,135,7,141
1197397,2019,87,30,2,43,2,46,2,56,2,73,2,75,2,87,2,103,2,106,4,120,4,137,4,151,4,160,5,174,5,186,6,196
1197399,2019,47,18,2,20,3,21,3,25,3,33,3,36,3,40,3,41,5,42,6,44,6,46,6,49,6,51,6,59,6,63,7,68
1197400,2019,87,28,0,31,0,34,1,40,1,41,1,42,1,48,1,57,1,74,1,85,1,87,3,97,3,100,6,105,7,110,7,116
1197401,2019,87,45,1,53,1,61,1,70,1,75,2,77,2,85,2,88,3,91,3,95,4,99,4,109,4,114,5,119,5,129,5,144
1197402,2019,87,23,1,28,1,33,1,36,2,43,3,48,3,50,3,54,3,55,3,60,3,63,5,67,5,70,6,80,6,86,6,91
1197403,2019,88,36,2,39,3,43,4,47,4,52,4,59,4,67,4,72,4,78,4,85,4,99,6,107,7,111,8,116,8,127,9,141
1197404,2019,87,19,1,25,2,25,3,26,5,31,5,40,5,48,5,49,6,52,6,54,6,56,7,58,8,60,8,62,8,63,9,66
1197406,2019,87,43,1,44,2,49,3,57,3,59,3,75,3,89,3,98,3,115,3,121,3,129,4,135,5,148,5,157,6,161,7,173
1197407,2019,87,29,1,33,1,36,1,40,1,43,1,50,2,55,4,63,4,73,4,82,4,86,4,92,6,98,6,111,8,114,9,114
1197507,2019,89,55,0,58,0,71,0,79,0,83,1,85,2,90,3,94,3,103,3,112,3,117,4,134,4,145,4,158,4,171,4,193
1197508,2019,89,44,1,66,1,70,1,80,1,89,1,110,1,120,2,129,3,136,3,149,3,166,3,177,3,182,3,200,3,231,3,240
1197509,2019,89,57,2,64,2,68,2,72,2,76,3,79,3,85,3,94,3,99,3,109,3,112,5,122,5,135,5,152,6,167,6,174
1197510,2019,89,24,1,33,1,35,2,38,3,43,3,46,4,49,4,54,4,57,5,59,6,60,7,63,7,72,7,76,7,80,7,85
1197521,2019,67,44,1,54,1,69,2,75,2,86,2,93,2,103,2,112,2,122,2,127,3,130,3,143,3,152,3,157,3,160,5,167
1197522,2019,67,32,2,38,2,45,3,56,3,61,3,67,3,78,3,82,3,95,3,110,3,117,3,130,4,140,5,147,6,159,7,173
1197523,2019,67,41,3,42,3,47,3,51,3,59,3,63,3,67,3,72,3,81,3,85,3,99,3,104,3,107,5,113,5,119,5,125
1197524,2019,67,47,1,51,2,54,2,58,2,72,2,81,2,88,2,94,2,97,3,103,3,105,4,109,5,114,5,122,7,127,8,133
1197525,2019,67,49,0,63,0,67,0,80,0,82,1,87,1,101,2,110,2,117,2,132,2,141,3,167,3,173,3,183,4,196,4,208
1197526,2019,67,41,1,47,1,59,1,71,1,74,1,87,1,94,1,96,3,104,3,108,3,112,4,116,6,119,6,123,7,127,8,145
1197527,2019,67,42,1,43,2,48,2,59,2,71,2,73,5,75,7,84,7,88,8,92,8,93,9,94,10,94,10,94,10,94,10,94
1197528,2019,67,38,1,50,1,53,1,67,1,79,1,96,1,99,2,106,2,111,2,116,3,121,4,126,4,139,4,159,4,170,4,185
1198235,2020,8,48,1,55,1,62,1,65,2,70,2,75,3,86,3,92,4,106,4,109,5,117,5,122,5,125,6,147,6,152,7,162
1198236,2020,8,30,3,39,3,41,3,52,3,56,3,60,3,69,3,79,4,89,5,93,5,101,5,110,5,117,5,128,5,139,6,157
1198237,2020,8,23,1,33,1,40,1,53,1,58,2,69,2,77,3,83,3,92,3,98,4,110,4,116,4,120,5,136,5,141,5,145
1198245,2020,34,42,0,51,0,58,0,66,0,75,1,87,1,99,1,109,1,113,2,119,2,132,2,155,2,165,3,177,3,188,3,195
1198246,2020,34,37,2,47,2,54,2,66,2,77,2,84,2,100,2,108,2,117,2,130,2,134,3,148,3,159,3,170,3,181,4,190
1198489,2019,30,50,0,64,0,68,0,77,0,81,0,84,1,91,1,100,1,107,1,117,1,126,2,135,3,150,3,153,3,159,5,165
1198490,2019,30,41,2,52,2,59,2,67,2,74,2,80,2,99,2,106,2,111,2,128,2,135,2,142,3,147,5,155,6,168,6,182
1198491,2019,30,30,3,44,3,52,3,58,4,61,4,72,4,76,4,87,4,89,4,94,4,104,4,111,4,125,4,134,5,140,6,147
1199499,2019,66,38,2,51,2,57,3,63,3,66,3,77,3,83,3,97,3,106,3,113,3,117,3,128,3,136,4,146,5,156,5,168
1199500,2019,17,39,2,41,2,51,2,58,2,63,2,74,2,80,2,87,2,92,3,97,3,113,3,124,3,130,4,135,4,146,4,153
1199501,2019,66,51,1,61,1,65,1,67,1,74,1,86,1,95,1,108,1,114,2,118,3,123,3,127,4,135,4,143,4,156,4,166
1199502,2019,17,29,1,30,3,35,3,39,3,41,3,46,3,54,3,55,4,60,4,68,4,73,4,81,5,87,5,99,5,105,8,108
1199503,2019,66,27,5,33,5,41,5,45,6,56,6,60,7,67,7,72,7,75,8,76,8,81,8,84,8,88,9,89,10,89,10,89
1199504,2019,17,53,1,57,2,67,2,71,2,75,2,89,2,93,3,101,3,112,3,121,3,128,3,138,3,148,3,157,3,170,4,184
1199505,2019,66,24,1,25,2,30,2,38,2,42,2,50,3,54,3,64,3,69,4,78,4,89,4,98,4,117,4,123,5,134,5,140
1199506,2019,90,36,1,43,2,48,2,51,2,52,2,60,2,77,2,89,2,95,3,100,4,116,4,122,5,134,5,144,5,158,5,170
1199507,2019,17,35,1,41,1,45,1,49,1,51,2,55,3,60,3,68,4,73,4,81,4,87,4,93,4,103,4,113,4,122,6,125
1199508,2019,90,43,0,56,0,60,0,75,0,87,0,100,0,108,0,123,0,128,2,132,2,139,3,149,3,162,3,181,3,186,7,197
1199509,2019,62,34,0,42,0,44,0,52,1,54,2,58,2,63,2,75,2,88,2,103,2,121,2,127,2,145,3,158,3,164,5,176
1199510,2019,90,24,0,25,2,28,2,38,3,43,3,48,3,48,4,59,4,66,4,74,4,88,4,102,4,109,6,117,6,135,7,149
1199511,2019,17,32,1,35,1,45,1,47,1,51,2,53,3,58,4,65,5,68,5,76,5,83,6,90,7,92,8,95,8,99,9,102
1199512,2019,66,33,2,42,2,49,2,58,2,66,2,70,2,75,2,80,3,84,4,91,4,98,4,103,4,114,5,124,5,136,5,146
1199513,2019,17,31,0,35,0,40,1,44,1,48,1,55,1,61,2,67,2,73,2,82,2,88,2,95,3,100,3,108,3,114,5,116
1199514,2019,62,34,1,45,1,52,1,58,1,71,1,79,2,87,2,93,2,103,2,111,2,119,3,128,3,140,3,154,3,174,3,183
1199515,2019,66,31,2,36,2,41,3,46,3,51,3,56,3,61,3,66,4,77,4,83,4,89,4,100,4,106,4,117,4,129,4,138
1199516,2019,17,41,1,44,2,52,2,59,3,62,3,75,3,81,3,88,3,91,4,93,4,100,4,110,5,117,6,136,6,153,6,159
1199517,2019,66,30,2,40,2,47,3,50,3,54,3,60,3,65,3,79,3,92,3,98,4,100,4,111,4,128,4,137,4,150,5,159
1199518,2019,66,26,0,35,0,37,1,43,1,54,1,65,1,67,2,76,3,79,5,82,5,86,6,90,6,94,7,96,9,101,10,101
1199519,2019,62,39,1,42,2,47,3,53,3,60,3,67,3,73,4,75,4,85,5,89,5,104,5,109,6,132,6,136,6,144,8,147
1199520,2019,90,23,2,25,3,32,3,35,5,39,6,42,6,47,6,49,7,52,8,61,8,67,8,79,9,84,9,90,9,98,9,106
1199521,2019,62,17,1,22,1,29,1,34,2,36,4,38,4,40,4,45,4,48,4,51,4,52,6,56,6,60,6,65,7,68,8,71
1199522,2019,90,40,2,44,2,50,2,52,2,56,2,64,2,84,2,88,2,96,3,103,3,113,3,124,4,133,4,148,5,156,6,157
1199523,2019,17,29,1,35,1,47,1,57,1,64,1,72,1,83,1,92,1,103,1,113,1,124,1,128,2,135,4,142,4,150,4,156
1199524,2019,17,48,0,52,1,55,2,61,2,68,2,76,3,81,4,81,6,84,6,89,6,93,6,100,6,109,6,118,6,131,6,144
1199525,2019,66,29,2,37,3,44,3,47,3,50,4,56,5,59,5,63,5,67,6,74,6,77,7,82,7,87,7,100,7,114,7,126
1199526,2019,62,9,2,18,2,22,2,24,3,26,3,31,3,39,3,39,3,50,3,67,3,70,3,84,3,92,3,101,3,107,3,111
1199527,2019,62,27,3,33,3,39,3,43,3,49,3,59,3,63,4,73,4,80,4,95,4,99,5,106,5,118,5,129,5,137,5,150
1199528,2019,16,29,1,37,1,51,1,61,2,66,2,76,2,84,2,100,2,108,2,125,2,138,3,144,3,158,3,179,3,191,3,204
1199529,2019,16,46,0,61,1,76,1,81,1,84,3,89,3,93,3,101,3,108,4,113,4,127,4,139,4,145,4,159,4,166,4,180
1199530,2019,62,36,2,37,3,39,4,43,4,48,4,49,5,56,5,62,5,67,6,71,7,76,7,83,7,86,8,93,8,99,9,105
1199531,2019,16,43,1,52,1,58,1,68,1,72,1,75,1,81,2,87,3,90,4,100,4,114,5,117,5,124,5,136,5,156,5,181
1199532,2019,17,47,0,56,0,59,1,64,1,69,1,76,2,84,2,92,2,94,3,103,3,110,4,118,4,123,4,133,4,138,6,144
1199533,2019,17,13,3,22,3,22,3,25,4,28,4,33,4,39,5,41,5,42,5,44,5,50,5,56,5,59,6,61,7,62,9,66
1199534,2019,16,43,0,51,0,57,0,63,0,73,0,87,0,100,0,113,0,126,1,130,2,138,2,151,2,163,2,174,2,191,3,206
1199535,2019,16,46,1,52,2,56,3,66,3,73,3,81,3,92,3,95,3,124,3,129,4,139,4,149,4,162,4,174,4,184,5,191
1199536,2019,16,21,6,22,6,27,6,32,6,35,6,44,6,49,6,55,6,63,6,70,6,81,6,91,6,97,8,105,9,111,9,118
1199537,2019,62,27,0,30,2,37,2,40,4,41,4,43,4,46,4,49,4,52,4,55,4,56,5,61,6,64,7,69,7,78,7,81
1199538,2019,17,42,0,51,0,58,0,60,2,67,2,73,3,79,3,87,4,96,5,102,5,107,5,108,5,116,6,122,6,131,6,141
1199539,2019,16,33,1,49,1,55,1,58,2,61,3,65,3,70,3,75,3,87,3,90,4,99,5,104,6,109,7,118,7,126,7,130
1199540,2019,17,32,2,41,2,48,2,48,3,53,3,58,3,66,3,71,3,78,3,86,3,95,3,112,3,121,3,124,5,141,5,154
1199541,2019,16,9,5,14,5,17,5,20,5,25,5,31,5,38,5,40,5,44,5,45,7,47,7,51,7,58,7,64,7,79,7,80
1199542,2019,16,33,2,36,3,41,3,44,3,53,3,55,4,64,4,69,4,78,5,82,5,94,5,113,5,132,5,149,5,152,7,161
1199543,2019,16,44,0,46,0,51,0,54,0,65,0,81,0,85,0,96,1,108,1,119,2,127,2,145,2,158,3,171,5,183,5,198
1199544,2019,16,23,3,28,3,33,4,37,5,42,6,46,6,48,6,57,6,59,6,63,6,71,6,77,6,84,7,101,7,116,7,134
1199545,2019,66,47,1,56,1,59,1,64,2,68,2,80,2,87,3,93,3,100,4,104,4,112,4,122,4,131,4,141,5,154,5,167
1199546,2019,16,23,1,33,2,38,2,47,2,55,2,61,2,69,2,73,3,84,3,97,3,102,4,106,4,117,4,128,4,147,4,158
1199547,2019,16,26,2,32,3,35,3,41,3,49,3,56,3,59,3,65,3,78,3,81,4,91,4,100,4,105,5,113,5,126,5,130
1199548,2019,16,36,1,44,1,52,2,59,2,71,2,77,3,84,3,87,4,98,4,102,4,106,5,111,5,118,6,120,8,135,9,135
1199549,2019,16,29,2,30,3,35,3,39,3,42,3,52,3,62,3,71,3,77,4,84,5,85,5,88,5,96,5,102,7,106,8,128
1200425,2019,48,58,0,72,0,78,0,94,0,101,0,116,0,131,0,152,0,184,0,186,0,200,0,203,2,217,2,231,2,239,2,252
1200426,2019,48,50,2,53,2,60,3,74,3,83,3,91,3,102,4,113,4,121,4,136,4,148,4,158,4,166,5,174,7,181,7,193
1200427,2019,48,53,2,62,2,77,2,89,2,98,2,110,2,117,2,128,3,132,3,136,3,145,4,152,4,155,5,160,5,173,5,181
1200428,2019,48,39,1,47,2,50,3,55,4,58,5,60,5,65,5,69,5,76,6,84,6,87,6,90,6,96,6,108,6,118,8,123
1201668,2019,91,14,2,18,2,20,2,22,3,39,3,43,4,46,5,49,6,52,6,57,6,61,6,65,6,69,6,73,6,79,6,87
1201669,2019,91,40,1,41,2,46,2,50,2,58,2,61,2,64,2,69,2,73,2,76,3,77,4,84,5,90,5,99,5,108,6,113
1201670,2019,91,16,0,23,0,29,0,36,0,44,1,47,1,49,1,52,1,58,1,63,2,69,3,71,3,80,3,89,4,92,4,98
1201671,2019,91,24,0,37,0,43,0,50,0,62,0,70,1,77,1,88,1,99,2,103,3,111,3,115,4,127,5,135,5,136,6,143
1201673,2019,91,33,2,36,3,39,3,43,3,46,3,51,3,57,3,58,4,60,4,69,5,73,6,76,7,81,7,92,7,95,8,95
1201680,2019,83,18,1,30,1,33,2,38,3,41,3,55,3,60,4,67,4,74,4,79,4,88,4,94,5,96,6,108,6,115,6,132
1201681,2019,83,45,1,50,1,55,1,57,1,64,2,74,2,78,2,83,2,93,2,99,2,104,3,113,3,127,3,134,3,136,3,151
1201683,2019,83,38,3,43,3,47,3,50,3,62,3,72,3,85,3,91,3,98,4,112,5,118,5,130,5,135,5,142,5,150,5,160
1201685,2019,83,48,1,67,1,74,1,82,1,93,1,111,1,114,2,115,2,126,2,130,2,133,4,140,4,145,4,153,5,163,5,167
1202007,2019,78,44,0,50,0,53,0,55,0,65,1,70,1,82,1,85,3,94,3,101,3,113,3,116,4,125,4,131,4,138,5,151
1202008,2019,78,51,1,60,1,73,1,76,2,85,2,88,2,98,2,107,2,121,2,125,2,131,2,157,2,159,3,161,5,176,5,188
1202009,2019,78,29,1,38,3,48,3,57,4,58,4,67,4,71,4,83,4,91,5,93,6,99,7,104,7,112,8,118,8,130,8,134
1202010,2019,78,28,2,36,2,40,3,45,3,51,3,54,3,56,4,63,4,75,4,84,4,90,4,100,5,103,5,115,5,133,5,144
1202011,2019,78,46,0,51,1,69,1,79,1,93,1,101,1,109,2,114,2,130,2,145,2,154,2,162,3,166,3,176,3,188,4,206
1202243,2020,42,39,1,48,1,53,1,56,2,64,2,67,2,75,2,84,3,91,3,102,4,104,5,113,5,117,6,127,6,130,9,142
1202244,2020,92,52,0,63,0,72,0,76,0,82,0,92,0,103,1,112,2,123,4,130,4,138,4,142,4,158,4,167,6,182,6,201
1203676,2020,93,69,0,93,0,106,0,115,0,124,0,130,0,143,0,153,0,156,1,157,2,160,2,166,4,178,4,198,4,202,5,208
1203678,2020,61,55,2,61,2,73,2,76,4,88,4,92,4,96,6,102,6,107,6,112,8,115,8,122,8,126,9,135,9,138,9,138
1207081,2020,94,27,2,36,2,41,3,46,3,54,3,61,3,68,3,73,3,81,3,90,4,101,4,108,5,113,6,122,6,132,6,139
1207082,2020,94,25,0,34,0,46,0,52,0,64,0,70,0,82,0,97,0,105,1,109,1,123,1,129,2,131,3,144,3,161,3,180
1208606,2019,95,70,0,81,0,89,0,106,0,120,1,132,1,139,2,145,2,161,2,168,2,184,2,198,2,206,2,219,3,224,3,236
1208609,2019,95,41,1,48,3,54,3,60,3,69,3,72,4,77,5,84,5,86,5,98,5,105,5,110,6,121,6,130,6,139,7,163
1208612,2019,95,27,2,40,2,44,3,47,3,52,3,55,3,59,3,63,3,70,3,78,3,83,3,89,3,96,4,105,4,113,6,117
1208613,2019,95,24,1,25,2,35,2,36,4,42,6,44,6,51,6,53,7,58,7,62,7,64,7,71,8,73,8,75,8,85,8,94
1213058,2020,30,29,0,35,0,41,0,51,0,57,0,62,0,71,1,79,1,86,1,96,1,100,3,106,3,116,3,124,4,128,5,141
1213059,2020,30,27,2,33,2,39,2,41,3,45,3,57,3,62,3,74,3,79,3,84,3,88,4,102,4,111,4,119,5,126,5,136
1214670,2020,45,48,0,59,0,70,0,79,0,83,0,91,0,95,1,98,1,106,2,117,2,125,2,147,3,163,3,170,3,180,3,200
1214671,2020,45,25,1,31,1,43,1,47,1,55,1,62,1,69,1,71,2,75,2,78,3,85,3,97,4,101,5,107,5,113,7,119
1215138,2020,78,26,1,33,1,40,2,45,2,54,3,61,3,67,3,80,3,87,4,95,4,105,4,125,4,129,5,131,7,141,7,152
1215139,2020,78,38,1,48,1,57,1,61,1,71,2,77,2,84,2,97,2,105,2,113,2,120,3,134,3,141,4,147,5,156,5,167
1215140,2020,78,40,1,52,1,56,2,60,3,66,3,73,3,87,3,93,3,104,3,109,3,125,3,137,3,145,3,154,3,162,5,171
1215159,2020,67,28,2,39,2,43,2,54,2,57,2,71,2,74,2,81,2,85,2,93,2,96,3,101,4,112,4,118,6,125,6,129
1215160,2020,96,46,1,54,1,60,2,63,3,68,3,72,3,79,3,86,3,106,3,124,3,135,3,138,4,141,5,149,7,150,10,150
1215161,2020,67,10,2,20,2,25,2,28,2,30,3,41,3,42,4,49,4,63,4,76,4,77,5,80,5,87,7,93,7,102,9,106
1215162,2020,96,40,2,40,3,44,3,44,4,52,4,56,4,63,4,64,6,66,7,73,7,75,7,80,7,84,7,91,7,97,7,108
1215163,2020,67,53,0,68,0,70,0,88,0,94,0,105,0,112,0,123,0,129,1,132,2,143,2,149,3,160,3,171,3,190,3,210
1215164,2020,96,42,2,51,2,54,2,62,2,66,2,71,3,78,3,88,4,94,4,98,5,102,7,108,7,112,7,121,8,122,10,122
1215165,2020,67,46,0,56,0,67,0,73,1,78,1,86,1,94,2,103,2,108,2,121,2,131,2,141,3,146,4,171,4,174,4,199
1217738,2020,97,30,1,31,1,37,1,44,1,53,1,60,2,65,2,75,2,82,2,88,2,98,2,104,3,112,3,115,5,126,6,139
1217740,2020,97,38,0,48,0,51,0,58,1,69,1,84,2,90,3,100,3,107,3,110,4,115,4,120,4,126,5,135,5,148,6,154
1217741,2020,97,10,3,13,3,15,3,18,3,19,4,27,4,32,4,41,4,45,4,58,4,68,4,72,5,74,6,77,7,80,8,85
1217742,2020,97,44,0,59,0,66,0,80,0,85,0,91,0,97,1,113,1,128,1,146,1,157,1,170,1,183,1,203,2,219,3,239
1217743,2020,97,30,2,31,3,31,3,36,3,39,3,41,3,45,4,45,4,49,5,52,6,59,6,63,7,70,8,70,8,73,8,77
1217744,2020,97,12,2,13,2,15,2,19,3,22,3,25,4,31,4,39,4,39,5,47,6,49,6,51,7,53,7,54,8,54,9,66
1217745,2020,97,51,1,59,1,62,1,70,1,80,1,83,1,87,3,96,3,102,3,112,3,115,3,126,3,131,3,140,4,159,4,168
1217747,2020,97,33,1,41,1,45,1,49,1,57,2,60,3,62,3,69,3,78,3,90,4,94,4,99,4,113,4,121,5,124,6,132
1223952,2020,70,30,1,42,1,51,2,56,2,68,2,75,2,86,2,89,3,91,4,93,5,97,5,104,5,115,6,127,6,150,6,161
1223953,2020,18,47,1,59,1,68,1,75,2,81,2,91,2,100,2,111,2,123,3,127,3,132,3,152,3,159,3,169,4,177,5,194
1223954,2020,18,45,1,51,1,59,1,68,1,73,1,82,2,87,2,101,2,114,2,124,2,139,2,145,2,157,2,168,2,175,3,186
1229820,2020,98,26,2,35,2,41,2,43,3,49,3,56,4,59,4,69,4,74,5,84,5,104,5,117,5,125,6,145,6,156,8,165
1229822,2020,98,40,3,46,4,50,5,56,5,62,5,64,5,64,5,72,5,80,5,86,5,90,5,97,5,121,5,137,6,146,6,161
1229823,2020,98,22,2,27,2,32,2,44,2,51,2,56,3,71,3,85,3,94,3,109,4,123,4,132,4,136,5,156,5,165,7,184
1229824,2020,75,28,2,35,2,43,2,47,2,50,2,56,2,58,3,61,3,64,3,69,3,73,4,75,4,83,5,91,6,97,6,100
1233464,2020,99,37,2,42,2,49,2,62,2,69,2,77,3,88,4,91,4,95,4,106,4,110,4,120,4,124,5,130,5,141,5,156
1233465,2020,99,38,3,45,3,53,3,59,3,65,3,66,5,70,5,74,5,78,5,90,6,96,6,101,6,111,6,120,6,125,7,134
1233466,2020,99,32,1,39,2,42,2,55,2,57,3,58,4,65,4,74,4,76,6,80,6,87,7,98,7,110,7,120,7,126,9,129
1233955,2020,6,41,0,49,1,57,2,66,2,70,2,84,2,102,2,113,2,137,2,151,2,160,2,168,2,192,2,215,2,228,2,238
1233959,2020,7,25,4,29,4,32,4,39,4,42,5,48,5,51,5,66,5,73,5,83,6,99,6,100,6,114,6,134,7,142,8,153
1233960,2020,21,31,2,33,3,46,3,55,3,58,4,65,4,73,4,78,4,86,4,90,4,107,4,119,5,128,5,134,6,145,6,163
1233961,2020,5,45,1,47,2,57,2,61,3,67,3,76,3,81,3,90,3,105,3,109,3,120,4,128,4,133,5,149,5,165,6,173
1233971,2021,81,28,3,34,3,38,3,46,3,55,3,67,3,81,3,91,3,98,4,108,4,118,4,132,4,141,5,151,5,167,5,184
1233972,2021,100,30,1,45,1,59,1,66,1,72,1,85,1,102,1,123,1,137,1,149,1,163,2,175,3,189,3,195,4,199,6,219
1233973,2021,20,38,1,47,1,62,1,69,1,84,1,89,2,95,2,109,2,116,2,130,2,145,2,153,3,181,3,194,4,200,4,208
1233974,2021,20,33,1,38,1,42,2,48,2,61,2,70,3,77,3,85,3,93,4,97,5,100,5,109,5,116,6,123,6,130,6,156
1233975,2021,101,32,1,47,1,53,1,58,1,66,1,74,2,77,3,86,3,99,3,102,3,106,4,112,4,122,4,124,6,134,6,142
1233979,2021,21,38,1,48,1,54,2,63,2,74,2,88,2,91,2,102,2,109,2,123,2,133,2,146,2,162,3,176,3,190,3,210
1235829,2020,102,31,1,38,1,41,2,44,3,54,3,62,3,67,3,70,4,76,4,82,4,85,4,91,4,103,4,111,4,115,5,128
1237122,2020,40,50,1,57,1,63,1,71,1,78,1,86,2,90,2,96,2,106,2,113,3,127,3,139,3,147,4,158,4,163,5,179
1237123,2020,103,44,1,50,2,54,2,58,2,65,3,75,3,77,4,82,4,92,4,97,5,102,5,108,5,112,5,127,5,139,6,146
1237124,2020,40,36,1,44,1,52,1,61,2,63,2,66,3,70,3,84,3,90,3,98,3,107,3,123,3,145,3,154,3,171,3,191
1239540,2021,104,43,0,49,0,58,0,64,0,75,0,80,0,93,0,111,0,121,0,139,0,155,1,173,2,183,3,205,3,221,4,232
1239541,2021,105,47,2,66,2,81,2,87,3,90,3,105,3,110,3,121,3,136,3,150,4,154,5,165,6,178,6,190,7,193,9,200
1239542,2021,106,40,0,50,1,56,1,67,1,69,3,73,3,87,3,92,3,101,3,108,3,113,3,116,4,125,5,135,6,149,6,154
1243019,2021,30,37,1,45,2,57,2,63,2,69,2,71,3,91,3,99,3,106,4,113,4,123,4,127,4,137,5,143,6,157,6,169
1243020,2021,30,36,2,46,2,51,3,55,3,60,3,68,3,73,3,87,3,90,3,95,4,96,4,99,5,111,5,126,5,129,7,144
1243021,2021,30,28,2,41,3,47,5,49,6,57,6,61,6,70,7,76,7,93,7,97,7,106,7,110,8,123,8,133,8,139,8,164
1243388,2021,107,20,3,22,3,29,3,34,3,40,3,48,4,55,4,58,4,63,4,71,4,83,4,92,4,102,4,105,6,114,6,124
1243389,2021,107,37,1,44,1,51,1,64,1,74,2,83,2,91,2,97,3,111,3,120,4,129,4,136,4,142,4,149,5,158,5,164
1243390,2021,107,24,2,24,3,30,3,38,3,44,3,55,3,62,3,71,4,74,4,83,4,87,5,100,5,114,5,131,5,142,5,156
1243391,2021,107,34,1,45,1,59,1,68,2,70,3,75,3,79,3,92,3,104,3,120,4,128,4,140,4,149,5,167,5,174,6,185
1243392,2021,107,44,0,60,0,70,0,81,0,94,1,110,1,114,1,133,1,142,1,146,2,157,2,170,2,181,2,193,2,211,2,224
1249206,2021,108,33,2,39,2,45,2,50,3,52,4,57,4,69,4,74,4,79,4,84,5,94,5,97,6,100,6,104,6,117,6,129
1249207,2021,108,21,2,26,2,29,2,37,2,44,2,47,2,55,2,65,2,72,3,76,5,81,5,84,5,88,6,90,7,97,7,111
1249208,2021,109,39,0,48,0,55,0,62,0,79,0,93,0,98,0,106,1,114,1,125,1,143,1,147,2,151,4,160,4,163,6,180
1251575,2021,110,37,2,48,2,55,2,67,2,85,2,98,2,102,3,116,3,129,3,140,3,151,3,159,3,163,4,169,5,174,6,188
1251576,2021,110,24,2,35,2,46,2,55,2,60,2,65,2,72,3,90,3,93,4,99,4,102,4,110,4,124,6,128,7,135,8,140
1251577,2021,111,52,0,65,0,72,0,76,0,89,0,100,0,116,1,130,1,140,1,143,2,148,3,158,3,166,4,181,4,194,4,203
1251578,2021,111,36,1,53,1,64,1,71,1,75,2,85,2,87,2,100,2,110,3,114,4,119,5,123,7,130,7,141,8,143,9,144
1251953,2021,112,44,2,48,3,52,3,57,3,61,3,75,3,83,4,89,4,104,4,115,4,120,5,127,5,139,5,144,6,148,7,165
1251954,2021,113,36,3,38,3,41,4,50,4,56,4,58,5,64,5,68,5,76,5,82,5,91,5,103,5,116,5,123,6,135,7,159
1251955,2021,113,31,0,35,0,45,0,55,0,59,0,63,0,74,0,87,0,97,0,110,0,123,0,133,1,148,1,160,2,176,2,189
1252066,2021,114,30,1,40,1,47,1,60,1,70,1,71,2,77,2,82,2,86,3,96,4,100,5,105,5,109,6,117,7,124,7,131
1252067,2021,114,42,0,56,0,62,0,72,0,84,0,94,0,96,2,100,2,105,3,112,3,118,3,124,4,131,5,142,5,154,5,160
1252068,2021,114,24,2,27,3,35,3,40,3,45,3,47,4,53,4,61,4,65,4,74,4,82,4,95,4,105,4,111,4,118,4,131
1256720,2022,115,24,4,26,4,29,5,34,5,35,5,39,5,41,6,49,7,59,7,71,7,81,7,84,7,87,8,95,8,102,8,103
1256721,2022,115,32,0,40,2,44,2,48,2,56,2,64,2,88,2,97,2,105,3,115,4,118,5,128,5,146,5,153,6,163,7,171
1256722,2022,115,48,1,54,2,60,2,70,2,84,2,96,2,101,2,111,2,114,2,140,2,153,2,169,2,180,3,199,3,210,4,224
1256723,2022,115,32,1,45,1,57,1,65,1,80,1,84,1,93,1,96,2,103,3,109,3,118,3,129,3,134,3,162,3,180,4,193
1256724,2022,115,47,0,58,0,60,1,69,2,78,2,86,2,91,3,95,3,99,3,103,3,105,4,113,4,131,4,146,4,160,4,179
1257183,2021,4,32,1,42,1,45,2,55,2,63,3,67,3,74,3,82,3,89,4,93,4,96,4,104,6,111,6,124,7,129,7,149
1257184,2021,4,23,1,25,1,27,1,33,1,40,1,47,1,54,2,65,2,71,3,79,4,85,5,88,5,105,5,114,6,116,7,118
1257185,2021,4,35,1,43,1,49,1,54,1,59,1,66,1,72,1,81,1,93,1,100,1,109,1,116,1,130,1,140,1,158,1,165
1257404,2021,116,37,0,39,1,41,2,43,2,53,2,59,2,62,2,66,2,74,2,87,2,89,3,92,4,102,4,110,4,123,4,134
1257405,2021,117,26,2,30,3,34,3,35,4,38,4,47,4,65,4,68,4,75,4,85,4,91,4,100,4,107,5,117,5,121,6,134
1257406,2021,117,48,0,58,0,66,0,71,1,78,1,87,1,91,1,97,1,105,1,116,1,129,1,137,2,143,2,159,3,172,3,189
1257945,2021,118,22,2,23,2,37,2,38,2,41,2,50,2,54,2,62,2,65,2,73,3,77,3,91,3,99,4,109,4,126,4,136
1257946,2021,118,33,1,45,1,56,1,65,1,68,2,76,2,80,2,87,2,98,2,115,2,128,2,143,2,150,2,159,2,174,2,191
1257947,2021,118,38,2,44,2,45,3,52,4,61,4,68,4,72,5,77,6,83,6,91,6,101,7,107,9,109,10,109,10,109,10,109
1257948,2021,118,46,1,60,1,63,2,72,2,75,2,85,2,92,2,107,2,117,2,133,2,142,3,166,4,178,5,185,6,194,6,206
1257950,2021,118,44,1,54,1,69,1,75,1,84,1,97,1,106,1,112,3,122,3,135,3,147,3,150,5,164,5,190,5,213,5,217
1257951,2021,118,48,1,56,1,62,1,74,1,83,1,91,2,107,2,113,2,126,2,137,2,157,2,169,3,184,3,206,3,222,3,238
1262758,2021,119,35,1,51,1,55,2,59,2,70,2,78,2,87,2,101,2,105,2,113,2,121,3,130,4,137,4,147,4,155,5,164
1262759,2021,119,38,0,45,0,49,1,51,1,54,1,61,1,71,1,81,1,85,2,88,2,94,2,100,3,107,4,114,4,128,4,132
1262760,2021,119,25,4,29,4,33,4,35,4,36,5,39,5,42,5,43,5,48,5,53,5,55,6,62,7,63,8,66,8,75,8,81
1263151,2021,120,46,1,53,1,62,2,68,2,80,2,86,2,95,2,100,3,104,3,109,3,114,4,122,4,133,4,140,4,147,6,160
1263152,2021,120,58,0,69,0,77,1,81,1,86,1,95,1,103,2,110,2,122,2,127,3,138,3,145,4,150,5,157,6,163,6,166
1263153,2021,120,44,2,51,2,57,2,68,2,85,2,91,3,97,3,103,3,117,3,122,3,131,3,140,3,146,3,150,5,161,7,167
1263154,2021,120,46,2,57,2,58,2,60,2,63,3,67,3,71,4,79,4,87,4,94,5,99,5,101,6,112,6,124,6,149,6,167
1263155,2021,120,34,1,49,1,60,1,71,1,77,1,87,1,98,1,112,1,119,1,128,1,136,2,142,2,147,3,153,4,160,4,168
1263156,2021,121,22,1,24,2,34,2,38,3,42,3,53,3,59,3,66,4,73,4,76,4,92,4,101,5,117,5,125,5,136,5,145
1263157,2021,121,37,1,46,2,53,2,59,3,65,3,73,3,78,3,88,3,104,3,118,3,129,3,135,3,149,3,164,4,180,4,196
1263158,2021,121,41,1,45,1,52,1,56,1,63,2,72,2,79,2,81,4,86,4,92,4,99,4,109,4,124,4,130,4,137,4,141
1263159,2021,121,60,1,72,1,78,1,86,1,96,1,112,1,124,1,131,3,137,4,141,4,146,4,154,5,166,5,168,6,176,6,189
1263160,2021,121,60,1,81,1,84,2,102,2,115,2,119,2,124,3,127,3,152,3,162,3,169,4,173,5,177,6,183,7,190,7,199
1263165,2021,82,48,1,55,1,66,1,70,1,76,1,85,1,89,1,94,1,102,1,112,1,117,2,134,2,139,3,145,5,150,7,157
1263471,2022,18,30,1,37,1,49,1,53,1,61,1,75,1,83,2,92,3,97,3,106,4,111,5,124,5,140,5,143,7,146,9,149
1263472,2022,18,40,1,52,1,56,1,61,2,70,2,80,2,92,2,100,3,106,3,112,4,121,4,127,4,138,4,144,4,148,6,164
1263473,2022,122,30,2,37,2,39,3,42,4,48,4,51,4,55,4,58,4,63,4,69,4,76,4,87,4,89,5,102,5,111,5,121
1263474,2022,0,36,1,41,1,45,1,57,1,63,1,73,1,77,2,83,2,88,2,93,2,104,2,112,3,116,4,119,6,122,8,139
1263475,2022,0,13,2,22,2,36,2,40,2,51,2,58,3,69,3,78,3,84,5,88,5,96,5,108,5,125,5,137,5,147,6,154
1263708,2021,123,41,0,44,0,54,0,63,0,68,0,75,0,83,1,85,2,87,2,89,3,93,3,101,3,112,3,115,3,122,3,126
1263710,2021,123,30,0,45,1,46,2,49,2,54,2,60,2,73,2,78,2,83,2,92,3,105,3,122,3,127,4,133,5,149,5,162
1263711,2021,123,40,1,46,1,55,1,65,1,74,1,79,3,82,3,88,4,93,4,99,5,107,5,113,6,128,6,135,7,149,7,161
1263712,2021,123,35,2,43,2,49,2,60,2,69,2,78,2,87,2,92,2,109,2,115,2,132,2,139,2,152,2,160,3,168,3,179
1267304,2021,124,30,4,44,5,47,5,52,5,61,5,69,5,77,5,85,5,94,5,107,5,130,5,137,6,141,6,146,6,148,8,157
1267306,2021,124,52,1,52,3,56,3,57,3,72,3,79,3,82,3,87,4,98,4,102,4,110,5,120,6,122,7,128,7,137,8,144
1267307,2021,124,50,1,55,3,70,3,72,3,83,3,89,4,97,4,107,4,121,4,124,6,125,7,134,7,140,8,146,8,151,8,157
1267308,2021,124,70,1,84,1,88,3,97,3,100,3,123,4,124,5,137,6,143,6,148,7,156,7,168,8,177,9,182,9,190,9,191
1267310,2021,124,24,0,32,0,36,1,41,1,48,1,50,1,55,2,61,2,62,2,70,3,87,3,90,3,95,3,106,5,109,6,115
1267311,2021,124,45,2,46,3,47,3,56,4,62,4,78,5,86,5,86,6,88,7,97,7,104,7,121,7,121,9,125,9,132,9,140
1267680,2021,4,46,1,50,1,56,1,74,1,77,2,91,2,92,4,101,4,110,4,119,5,120,6,130,6,136,6,143,8,152,10,152
1267681,2021,4,41,1,48,2,54,2,61,2,71,2,77,2,83,2,90,2,94,2,101,3,112,3,124,4,135,4,140,5,156,5,166
1267682,2021,4,51,0,63,1,68,1,78,1,91,1,101,1,122,1,126,3,132,3,139,3,146,3,149,4,156,4,175,4,177,5,193
1268188,2021,125,18,2,24,2,30,2,35,2,44,2,50,2,55,2,62,2,66,3,68,3,73,4,76,5,84,5,91,6,95,7,99
1268190,2021,125,25,3,27,3,34,3,35,3,41,3,44,3,48,3,58,3,61,4,64,5,67,5,70,7,72,8,88,8,102,9,114
1268191,2021,125,29,2,34,3,37,6,47,6,51,6,56,6,59,6,68,7,74,9,77,9,88,9,95,9,105,9,116,9,124,9,128
1268192,2021,125,32,1,35,1,41,1,48,2,50,2,59,3,78,3,95,3,105,3,111,3,122,4,128,5,132,5,141,5,155,6,172
1270834,2021,45,26,1,33,1,37,2,41,2,52,2,58,2,61,2,67,2,76,3,83,3,89,4,96,4,104,5,114,6,120,6,131
1270835,2021,45,27,1,32,2,34,2,43,2,46,2,53,2,62,2,67,2,77,2,87,2,90,3,99,3,102,4,105,6,110,7,121
1270836,2021,45,20,2,28,2,32,2,47,2,50,3,60,3,71,3,76,4,79,4,81,5,93,5,98,6,104,6,114,6,122,6,127
1270837,2021,45,29,1,30,1,37,1,39,1,43,1,48,2,51,4,56,4,60,4,68,4,70,5,79,6,82,6,85,7,90,7,104
1270838,2021,45,43,1,46,1,49,1,56,1,57,2,60,3,65,3,75,3,82,3,91,4,102,5,105,5,106,5,110,6,114,6,122
1271445,2021,126,10,5,12,6,12,6,12,7,19,7,23,7,26,7,29,7,37,7,41,7,45,7,49,7,62,7,71,8,76,10,76
1271446,2021,126,39,1,42,2,45,3,48,3,49,4,51,5,54,5,58,5,61,5,65,5,69,5,75,6,79,6,94,7,103,7,112
1271448,2021,126,34,0,39,0,41,1,45,1,55,1,59,1,69,1,81,1,92,1,103,1,106,1,113,2,125,2,132,2,147,2,164
1271449,2021,126,26,1,30,1,33,1,39,1,39,2,49,2,61,2,65,3,70,4,83,4,95,4,104,5,110,6,113,8,119,8,131
1271450,2021,126,40,1,43,2,46,2,53,2,58,2,60,2,62,2,78,2,80,2,87,2,92,3,109,3,128,4,147,4,173,5,185
1271451,2021,126,16,1,19,1,22,1,28,3,40,3,44,3,50,3,53,4,59,4,67,5,69,5,84,5,93,6,101,6,112,7,127
1271630,2021,119,40,0,47,0,54,0,58,0,69,0,73,1,79,1,84,2,87,3,94,3,107,3,117,3,130,3,147,3,153,4,163
1271631,2021,119,38,2,52,2,58,2,60,3,65,3,75,4,78,5,83,5,87,6,94,6,97,6,102,7,103,8,103,9,103,10,103
1271632,2021,119,39,3,47,3,52,3,55,3,61,3,62,4,66,4,74,4,80,5,86,6,86,7,89,7,93,7,100,7,111,8,120
1272093,2021,45,10,4,18,4,23,4,29,4,36,4,40,4,44,5,46,6,49,7,52,7,55,9,58,9,60,10,60,10,60,10,60
1272094,2021,45,27,0,36,0,42,0,47,0,53,0,60,2,72,3,83,3,86,3,92,3,103,3,107,4,110,5,117,5,130,5,141
1272095,2021,45,35,1,40,1,46,3,49,3,53,3,60,4,62,5,67,5,73,5,77,5,82,5,88,5,95,5,108,5,117,5,128
1272096,2021,45,19,2,22,2,30,2,35,2,42,2,46,2,52,3,52,5,57,5,65,5,72,5,74,7,82,7,89,7,92,8,93
1272097,2021,45,47,0,58,2,63,2,67,2,71,3,81,3,85,4,89,4,92,4,96,4,107,4,116,4,125,5,133,5,151,5,161
1272373,2021,127,32,2,38,2,43,3,48,3,59,3,65,3,75,4,79,4,81,5,84,5,88,5,92,6,101,6,107,6,113,7,117
1272374,2021,127,35,1,39,2,43,3,49,3,54,3,64,4,65,5,69,5,77,5,85,5,93,5,103,5,116,5,125,5,138,5,152
1272375,2021,128,29,0,33,1,42,1,45,1,52,1,60,1,64,1,72,1,86,1,97,1,106,1,112,2,129,2,137,2,162,2,178
1272376,2021,128,44,0,57,0,67,0,75,0,80,0,89,0,94,1,100,1,114,1,118,2,134,2,142,2,146,3,152,4,163,4,174
1272377,2021,128,23,2,34,2,34,3,38,3,41,3,51,3,64,3,66,3,73,3,80,3,87,3,96,4,102,4,110,4,115,4,124
1273133,2021,129,23,0,27,0,32,1,39,1,45,1,49,1,57,1,61,1,66,1,75,1,82,1,93,1,112,1,124,2,132,2,135
1273134,2021,129,43,1,50,1,55,1,62,2,66,4,73,4,74,5,79,5,87,6,90,6,95,6,103,6,112,7,117,8,118,9,122
1273136,2021,130,27,1,32,1,40,1,47,1,58,1,71,1,77,1,86,1,89,1,95,1,103,1,119,1,125,2,134,3,141,3,148
1273138,2021,130,35,3,42,3,46,3,51,3,58,3,65,3,72,3,87,3,96,3,107,3,121,3,136,3,151,3,164,3,181,3,197
1273139,2021,130,50,1,68,1,80,1,96,1,104,1,114,1,125,1,133,1,138,2,140,3,151,3,166,3,179,4,187,4,194,5,218
1273141,2021,131,55,0,57,0,68,0,77,0,82,1,86,1,92,1,99,1,115,2,122,2,132,2,136,2,141,4,148,5,155,5,164
1273143,2021,131,25,3,37,3,39,4,42,4,47,4,55,4,62,4,71,4,72,5,80,5,84,5,89,6,102,7,112,8,124,8,136
1273144,2021,131,37,0,42,0,50,0,54,0,57,1,62,1,76,1,90,1,105,2,116,2,121,3,127,3,131,4,142,4,157,5,166
1273145,2021,131,40,2,48,2,54,2,65,2,68,2,79,2,81,3,88,4,91,5,95,6,97,6,105,7,124,7,126,8,140,8,147
1273147,2021,132,24,3,34,3,42,3,47,3,50,3,59,3,63,4,71,5,79,5,89,5,96,5,98,6,100,6,115,6,128,7,141
1273148,2021,132,26,2,34,2,41,2,50,2,55,3,60,3,64,4,66,4,73,4,80,4,84,4,93,4,112,4,121,4,134,5,141
1273149,2021,132,33,2,36,2,43,2,47,3,51,3,54,3,58,3,62,4,69,4,88,4,99,4,111,5,119,5,123,7,128,7,145
1273271,2021,133,29,3,32,4,40,4,44,4,56,4,59,4,67,4,74,4,77,5,89,5,97,5,108,5,112,6,121,6,127,6,141
1273272,2021,133,30,3,38,3,42,3,43,3,50,3,59,3,65,3,74,3,85,3,89,3,92,4,99,5,110,5,117,5,128,5,136
1273273,2021,133,28,1,50,1,58,1,72,1,77,3,81,3,84,3,91,3,96,3,105,3,115,3,122,3,127,3,138,3,147,4,177
1273712,2021,67,26,2,40,2,46,2,58,2,63,2,70,2,80,2,85,3,96,3,102,3,112,4,113,7,117,8,120,9,124,9,129
1273713,2021,67,26,1,39,1,44,1,47,3,50,3,51,3,52,5,55,6,65,6,77,6,87,6,96,6,104,6,119,7,131,7,140
1273714,2021,134,24,2,25,2,37,2,42,2,50,2,52,6,53,6,59,6,71,6,74,6,80,6,87,6,90,7,99,7,102,7,106
1273715,2021,134,21,1,30,2,35,2,46,2,50,2,54,2,58,2,68,2,70,3,76,4,82,5,85,6,89,6,92,7,96,8,96
1273716,2021,67,33,2,37,2,46,2,55,2,61,2,67,2,81,2,91,2,109,2,116,2,120,3,135,3,146,3,150,3,155,5,165
1273717,2021,67,25,2,29,2,41,2,45,2,54,2,63,2,71,2,88,2,98,2,104,3,112,4,120,4,127,6,137,6,146,8,153
1273718,2021,134,39,0,45,1,54,1,58,2,62,2,69,2,74,2,86,2,93,2,107,2,116,2,121,2,127,2,140,3,150,3,164
1273719,2021,134,30,3,47,3,54,3,65,3,68,3,78,3,80,3,95,3,102,3,116,3,130,3,137,4,145,5,150,5,157,6,171
1273720,2021,67,37,1,45,1,50,1,54,2,58,2,71,2,77,3,89,3,94,3,104,4,113,4,123,4,142,4,153,6,161,7,181
1273721,2021,67,31,2,37,2,40,2,44,2,50,2,53,3,66,3,72,3,81,4,86,4,94,5,98,6,103,6,106,7,116,7,122
1273722,2021,135,43,0,55,0,61,0,66,1,68,2,71,2,75,2,84,2,88,2,94,2,95,3,101,3,104,5,112,6,118,7,125
1273724,2021,134,23,3,29,3,39,3,46,4,54,4,59,4,63,4,71,4,77,4,82,6,83,7,86,7,98,7,101,8,106,8,118
1273726,2021,135,38,0,41,1,55,1,58,2,65,2,72,2,83,2,87,2,96,2,107,2,118,2,129,2,140,3,149,3,159,4,171
1273727,2021,16,30,2,36,3,39,3,43,3,52,3,60,3,66,3,81,3,87,4,96,4,100,4,110,4,114,4,127,5,144,6,151
1273729,2021,16,36,0,43,0,46,0,47,0,56,0,65,0,74,1,86,1,89,2,93,3,95,3,111,3,121,3,131,4,136,6,143
1273730,2021,135,36,0,42,1,45,1,48,1,56,2,60,3,63,3,75,3,90,3,95,4,100,4,107,4,116,4,119,6,125,7,134
1273731,2021,134,24,2,27,3,30,3,42,3,49,3,60,3,63,4,66,4,76,5,80,5,83,6,90,6,98,6,102,7,119,7,124
1273732,2021,134,16,3,22,4,26,4,32,4,39,4,43,4,57,4,58,5,68,5,78,5,84,5,92,5,96,6,99,6,102,7,109
1273733,2021,16,46,1,53,1,60,1,64,1,75,1,79,2,88,3,90,4,95,5,97,5,105,5,111,5,128,5,135,6,144,6,154
1273734,2021,135,21,2,29,2,33,3,39,3,44,3,48,3,56,3,61,3,64,4,70,4,84,4,99,4,103,4,119,4,123,6,142
1273736,2021,135,26,1,39,1,44,1,46,1,61,2,67,3,72,3,79,4,89,4,92,5,94,5,101,5,112,6,129,6,134,8,142
1273737,2021,16,19,3,21,3,27,4,32,4,37,4,41,4,49,4,51,5,53,5,57,5,67,5,75,5,95,5,110,6,112,8,125
1273739,2021,16,29,1,35,2,37,2,41,3,43,3,48,3,52,4,58,4,62,4,67,4,73,5,78,5,86,5,94,5,99,7,110
1273740,2021,135,34,2,36,3,37,3,41,3,44,3,47,3,59,3,61,3,75,3,83,3,105,3,110,3,122,3,141,3,149,4,163
1273741,2021,134,24,2,28,3,31,3,34,4,36,5,40,5,43,5,46,6,54,6,56,6,62,6,71,7,77,7,84,8,84,10,84
1273742,2021,134,23,0,29,0,36,0,45,0,50,0,59,0,71,0,89,0,101,0,109,0,118,1,127,2,138,2,155,2,165,2,189
1273743,2021,16,36,2,52,2,54,3,58,3,62,3,70,3,82,3,92,3,106,3,110,3,120,3,137,3,150,3,155,3,163,5,172
1273745,2021,16,28,3,33,4,38,5,47,5,54,5,58,5,62,7,64,7,65,8,70,8,73,10,73,10,73,10,73,10,73,10,73
1273746,2021,134,42,0,48,1,61,1,67,1,77,1,82,1,91,1,101,1,112,1,120,1,132,1,137,2,153,2,170,2,180,3,189
1273747,2021,135,36,1,43,1,46,2,55,2,59,2,62,2,77,2,81,2,82,3,87,4,91,4,96,4,110,4,131,4,145,4,163
1273748,2021,16,27,1,27,2,29,4,32,4,36,4,44,4,57,4,60,5,61,5,64,6,70,6,81,6,83,9,85,10,85,10,85
1273749,2021,134,44,3,50,3,53,3,57,3,65,3,74,4,81,4,87,4,92,5,94,5,99,5,109,5,123,5,136,6,143,6,157
1273750,2021,135,26,1,40,1,49,1,56,1,65,1,73,1,85,1,91,2,103,2,114,2,118,2,139,2,150,2,160,2,173,2,189
1273752,2021,135,32,0,35,0,38,1,45,1,57,1,60,2,68,2,75,2,87,2,97,2,112,3,124,3,139,3,146,4,163,4,189
1273753,2021,16,33,1,34,2,35,2,42,3,47,3,51,4,62,4,67,4,77,5,90,5,93,6,95,7,102,7,114,7,119,8,132
1273754,2021,134,37,0,40,1,45,1,53,1,60,2,67,2,78,2,85,2,94,2,100,2,110,2,119,3,130,3,146,3,155,3,166
1273755,2021,16,38,0,47,0,51,0,62,0,68,0,71,1,75,1,89,1,92,1,106,1,117,1,122,1,143,1,158,2,161,3,176
1273756,2021,16,30,1,32,1,37,1,40,1,51,1,57,1,76,1,81,2,97,2,102,2,114,2,136,2,144,2,149,4,162,4,172
1275039,2021,136,32,1,33,3,37,4,38,4,44,4,50,4,55,4,60,5,61,6,64,6,77,6,80,7,85,7,90,7,96,7,107
1275040,2021,136,29,1,39,1,43,1,47,1,55,1,58,2,73,2,76,2,92,2,96,2,110,3,115,3,124,3,131,4,136,4,152
1275042,2021,136,37,1,42,1,50,1,60,1,64,2,71,2,76,2,90,2,96,2,100,2,116,2,131,2,138,3,146,3,150,4,162
1275043,2021,136,31,2,42,2,46,3,63,4,65,6,70,6,72,6,75,6,78,7,85,8,89,8,92,8,100,8,106,8,114,8,123
1275044,2021,136,37,1,43,1,51,1,60,1,68,1,76,1,87,1,96,1,101,2,112,2,121,2,124,3,133,3,140,4,148,6,151
1275047,2021,136,29,0,31,0,35,1,44,1,46,2,53,2,64,2,75,2,95,2,105,2,117,2,127,2,138,2,155,2,161,4,172
1275051,2021,136,25,0,35,0,45,1,50,1,55,1,59,1,75,1,79,2,86,3,88,5,93,5,101,5,107,6,111,6,115,9,120
1275052,2021,137,19,1,27,2,28,3,31,3,35,4,36,5,45,5,49,5,59,5,68,5,86,6,89,7,100,7,106,7,123,7,128
1275053,2021,137,27,2,32,3,32,3,41,3,44,3,62,3,62,5,67,5,72,5,75,6,83,6,91,6,95,6,102,7,107,8,115
1275054,2021,137,34,3,39,4,46,4,52,5,53,6,62,7,65,7,68,7,70,7,77,7,87,7,93,7,101,8,105,9,112,9,119
1275268,2021,138,57,2,64,3,82,3,90,3,98,3,105,3,108,4,113,5,118,5,122,5,138,5,161,6,170,7,179,7,197,7,211
1275269,2021,138,31,1,43,1,51,1,63,1,74,1,84,1,101,1,108,1,118,1,120,2,124,2,136,2,150,2,168,2,181,3,187
1275270,2021,138,45,0,52,0,65,0,76,0,77,1,82,1,90,1,105,1,113,1,119,2,130,2,135,3,145,3,153,4,158,5,165
1275271,2021,138,31,4,32,5,34,6,39,6,54,6,58,6,67,6,71,6,77,6,81,7,84,7,95,7,98,8,102,8,106,9,112
1275272,2021,138,42,3,55,3,61,3,68,3,73,3,87,3,99,3,111,3,123,3,127,3,140,3,148,4,162,4,173,5,186,5,195
1275274,2021,138,40,1,54,1,73,1,76,2,78,2,82,2,91,3,101,3,109,3,118,3,128,3,134,3,146,4,160,4,170,6,179
1275275,2021,138,60,0,66,1,76,1,87,1,92,1,98,2,107,2,120,2,130,2,139,3,152,3,161,3,177,3,188,5,196,6,202
1275276,2021,138,30,1,33,1,46,1,54,1,66,1,74,1,88,1,95,1,104,1,112,3,118,3,130,3,140,4,143,4,154,5,170
1275277,2021,138,41,3,49,3,55,3,64,3,71,3,80,4,86,4,90,4,99,4,109,4,125,5,129,5,143,5,148,6,152,8,156
1276904,2022,109,50,2,66,2,75,2,86,2,91,3,105,3,120,3,126,4,141,4,150,4,157,4,165,4,178,5,182,6,187,6,198
1276905,2022,139,49,1,61,1,61,3,69,3,73,3,86,3,89,5,91,5,101,5,107,5,115,5,132,6,145,7,152,7,159,8,170
1276906,2022,104,43,1,52,1,61,1,71,2,82,2,86,3,98,3,111,3,125,3,142,3,152,3,167,3,169,5,190,5,198,6,215
1276913,2022,140,43,2,48,2,59,2,73,2,77,2,98,2,101,2,112,3,120,3,134,3,148,3,168,3,201,3,218,4,227,4,234
1276914,2022,108,45,1,58,1,65,1,74,1,87,1,100,1,109,1,118,2,136,2,143,2,154,3,170,3,176,3,191,3,203,3,207
1276915,2022,109,36,1,53,1,57,2,64,2,72,2,80,2,87,2,93,2,104,2,116,2,127,2,141,2,151,3,166,3,181,3,191
1277974,2021,45,16,3,25,3,33,3,37,3,40,4,40,4,55,4,59,4,62,5,67,5,80,5,92,5,96,6,101,6,112,7,127
1277975,2021,45,30,2,36,2,42,2,51,2,57,3,64,3,72,3,78,3,81,4,83,5,85,5,89,6,91,6,100,6,104,7,108
1277976,2021,45,25,1,33,1,37,1,39,2,42,2,52,2,55,2,69,2,74,2,80,2,89,3,95,3,100,3,110,3,116,5,124
1278671,2021,141,26,1,41,1,48,1,55,1,62,1,65,1,81,1,96,1,106,1,110,3,123,3,130,3,144,3,152,4,157,5,164
1278672,2021,142,56,1,64,1,69,1,73,1,80,2,84,2,90,2,94,3,102,3,114,3,125,3,128,4,138,5,140,6,146,6,153
1278673,2021,143,49,0,69,0,71,2,77,2,83,3,90,3,103,3,108,4,114,4,127,4,134,4,140,5,148,6,156,6,165,7,184
1278679,2022,143,35,1,44,1,51,2,55,2,63,2,71,2,74,4,78,4,81,4,94,5,96,5,108,5,125,5,135,6,147,6,157
1278680,2022,143,34,1,49,1,56,1,60,2,69,2,76,3,85,3,88,3,98,3,110,4,124,4,139,4,152,4,164,4,179,4,186
1278681,2022,143,37,1,43,1,51,1,61,1,64,2,68,3,78,3,81,3,90,3,93,4,98,4,115,4,132,4,142,4,163,4,184
1278684,2022,144,47,0,58,0,67,0,76,0,87,0,98,0,106,0,112,1,121,1,125,1,130,1,147,1,155,2,165,2,183,2,199
1278685,2022,145,25,0,32,0,41,0,51,0,69,1,71,2,76,3,80,3,92,3,98,3,103,4,111,4,130,4,144,4,160,5,183
1278686,2022,145,14,3,18,3,24,3,26,3,34,4,43,4,52,4,60,4,64,5,74,5,78,5,90,5,103,5,115,5,134,5,146
1278687,2022,146,36,0,51,0,63,1,75,1,87,1,102,1,112,1,117,1,137,2,145,2,150,2,156,2,174,3,187,3,202,3,211
1278688,2022,147,31,1,42,1,50,2,54,2,68,2,71,3,78,3,87,3,92,4,99,5,104,5,109,5,112,6,118,6,130,6,148
1278689,2022,148,48,0,57,0,67,0,76,0,89,0,97,1,104,1,120,1,128,2,133,3,138,3,144,4,148,4,156,4,167,5,179
1278690,2022,149,39,2,40,2,44,3,52,3,54,3,56,3,62,3,78,3,81,4,89,4,96,4,111,4,124,4,140,4,153,5,169
1279379,2021,151,18,3,23,3,25,3,33,3,38,4,43,4,48,4,61,4,69,4,84,4,87,4,92,5,93,6,93,7,97,7,102
1279380,2021,151,22,0,37,0,41,0,44,0,51,1,55,1,66,1,80,1,92,1,95,1,97,2,104,3,104,4,112,5,121,5,130
1279381,2021,151,17,1,18,3,20,4,22,5,24,6,32,6,37,6,40,7,49,7,55,7,63,7,73,7,80,7,84,7,91,9,92
1279382,2021,151,36,1,43,1,47,2,52,2,56,2,62,2,65,3,70,3,75,3,87,3,94,4,99,5,105,6,110,6,114,7,118
1279383,2021,151,29,0,39,1,52,1,60,1,68,1,73,2,80,2,84,2,92,2,104,3,110,3,132,3,135,4,138,6,141,7,149
1279385,2021,151,45,2,50,2,53,2,66,2,84,2,87,3,102,3,106,3,111,3,112,3,134,3,139,3,143,4,150,6,154,7,160
1279386,2021,151,24,0,26,3,28,3,32,4,34,5,38,5,39,5,42,5,52,5,60,6,67,6,69,7,71,9,71,10,71,10,71
1280058,2021,152,22,3,27,3,33,3,37,3,43,3,47,3,62,3,70,4,80,4,86,5,91,5,96,6,106,6,113,7,125,7,137
1280059,2021,152,31,1,42,1,53,1,56,3,67,3,70,4,75,4,82,4,90,4,95,4,110,4,118,4,136,4,147,4,161,5,174
1280060,2021,152,26,1,26,3,34,3,41,3,43,3,50,4,55,4,60,4,66,4,74,4,87,4,91,4,95,6,97,7,108,7,123
1280061,2021,152,29,1,45,1,48,2,54,2,61,2,68,2,76,2,87,2,95,2,104,2,109,2,114,3,118,4,128,4,143,4,163
1280062,2021,152,38,0,41,0,47,0,58,0,63,0,76,0,82,0,85,1,92,1,96,2,103,2,111,3,115,3,121,4,126,5,134
1280063,2021,152,42,1,54,1,63,1,69,1,77,1,79,2,81,2,83,3,86,3,93,3,105,4,116,4,120,5,136,5,143,5,154
1282272,2021,125,38,0,40,1,45,1,59,1,67,1,81,1,104,2,113,3,125,3,131,3,138,4,152,5,162,5,176,5,187,5,213
1282273,2021,125,30,2,30,2,39,2,46,2,54,2,59,3,69,3,76,3,83,4,94,4,104,4,109,5,114,5,121,6,126,9,133
1282275,2021,125,19,2,23,3,26,3,31,3,37,3,38,4,46,5,47,6,52,6,52,6,56,7,63,7,70,7,73,8,80,9,81
1282276,2021,125,42,2,52,2,54,3,65,3,74,4,83,4,90,4,92,5,94,6,102,6,109,6,117,6,123,7,133,7,143,9,150
1282278,2021,125,62,0,73,0,81,0,88,0,95,0,115,0,126,0,132,1,136,1,140,2,148,2,158,3,165,5,171,6,173,8,177
1282279,2021,125,33,2,37,2,41,2,48,2,61,2,68,2,79,3,86,4,92,4,95,5,106,5,118,6,136,7,149,7,165,7,176
1282738,2021,137,31,1,35,1,44,1,50,1,58,1,67,1,74,1,77,3,83,3,93,3,96,4,106,4,114,4,122,6,130,7,137
1282739,2021,137,22,2,26,2,30,3,31,3,35,4,37,4,41,5,45,5,53,5,58,5,65,5,76,6,82,6,91,7,95,8,100
1282740,2021,137,21,1,28,2,31,2,35,2,39,3,48,3,51,4,53,4,59,4,64,4,68,5,79,5,81,5,90,5,99,5,110
1282741,2021,137,23,1,29,1,40,1,47,1,55,2,62,2,67,3,78,3,81,3,92,3,95,4,99,4,104,4,106,5,127,5,139
1282742,2021,137,10,2,15,3,18,4,20,4,25,4,29,4,35,4,42,4,44,5,46,6,52,6,60,7,70,8,75,9,84,9,94
1282743,2021,137,18,0,19,0,23,0,33,0,44,0,49,0,52,1,55,2,62,2,67,4,72,4,74,4,80,4,83,5,91,5,103
1282744,2021,137,37,0,48,0,56,0,60,0,70,0,81,0,87,0,93,1,96,1,100,1,104,1,110,1,119,2,124,4,133,4,141
1282745,2021,137,15,1,18,2,21,2,24,2,27,3,32,3,35,4,40,4,43,6,47,6,56,6,65,7,74,7,78,7,83,8,85
1282746,2021,137,27,2,33,2,37,2,41,2,46,2,49,3,54,3,55,4,59,6,62,6,68,6,78,6,87,7,94,7,96,8,100
1282747,2021,137,18,1,25,1,29,1,34,1,39,1,51,1,57,1,64,1,73,1,77,1,85,2,88,3,93,4,97,5,106,5,119
1282748,2021,137,45,1,47,1,54,2,63,2,66,4,70,4,73,4,78,5,79,5,83,5,87,5,91,5,97,6,103,6,112,6,117
1282749,2021,137,27,0,29,2,39,2,47,2,52,2,56,2,61,3,71,3,71,3,77,5,80,5,87,5,90,6,102,6,109,6,130
1283021,2021,131,37,1,48,1,55,1,62,1,65,1,71,1,75,2,93,2,102,3,114,3,122,4,132,4,135,6,141,6,150,7,153
1283023,2021,131,27,3,31,3,35,3,35,6,43,6,47,7,53,7,57,7,62,7,74,7,82,8,83,9,84,9,89,9,90,9,95
1283024,2021,153,13,0,15,0,17,0,26,0,32,0,40,0,47,0,56,0,68,0,71,1,72,3,78,3,84,3,88,4,96,5,98
1283025,2021,131,29,0,36,0,42,0,51,0,58,0,61,2,64,3,68,3,72,5,74,5,83,5,90,5,106,5,107,8,116,8,131
1283026,2021,153,37,2,48,2,52,2,56,2,58,2,68,2,74,5,78,5,81,6,84,7,86,8,88,8,91,8,96,9,97,10,97
1283029,2021,131,17,2,20,2,22,2,26,3,27,3,31,4,37,4,46,4,57,4,64,4,68,4,72,5,77,6,89,7,94,7,95
1283033,2021,131,32,2,36,2,41,2,49,2,52,2,61,2,65,2,70,2,74,2,77,2,83,2,96,2,103,2,114,2,130,2,142
1283034,2021,153,17,0,24,0,26,1,28,2,30,3,37,4,38,4,39,4,46,5,51,5,53,6,56,7,57,7,63,7,69,7,74
1283037,2021,131,38,0,43,0,51,0,61,0,68,0,80,1,89,1,94,2,99,2,108,2,114,2,128,2,134,3,153,4,168,4,176
1283038,2021,131,34,1,39,3,50,3,52,3,54,4,54,5,57,5,60,6,67,7,68,7,69,8,69,9,77,10,77,10,77,10,77
1283040,2021,131,27,1,31,1,33,1,39,1,44,1,54,1,62,1,72,1,75,1,81,1,89,1,100,1,110,1,122,1,131,2,139
1283041,2021,153,36,1,41,1,47,1,53,1,60,1,65,2,74,2,78,2,83,3,94,3,102,3,118,3,130,4,135,4,146,5,164
1283042,2021,131,36,1,44,1,56,1,65,1,71,1,80,1,87,1,91,1,100,1,111,2,120,2,130,2,136,3,142,3,148,5,157
1283043,2021,131,64,2,92,2,101,2,116,2,123,2,128,2,136,2,149,2,165,2,169,3,180,3,196,3,207,4,219,6,230,6,242
1283044,2021,131,53,0,61,0,70,0,86,0,89,0,100,0,120,0,143,0,149,1,153,2,163,2,178,2,189,2,197,3,202,5,209
1283045,2021,131,20,1,25,1,36,1,37,3,38,3,41,4,46,4,49,4,60,4,65,5,68,8,71,8,75,8,82,8,89,8,99
1283046,2021,131,13,1,16,1,21,1,27,1,33,2,34,3,36,4,38,5,39,6,39,7,43,9,51,10,51,10,51,10,51,10,51
1283047,2021,131,37,0,38,2,43,3,53,3,54,4,55,4,57,5,58,5,64,5,77,5,78,7,80,7,83,7,86,8,89,9,96
1283048,2021,131,34,0,37,0,45,0,46,0,51,0,55,0,62,1,70,1,82,1,92,1,112,1,125,1,130,3,133,4,141,4,152
1283049,2021,131,65,0,69,1,77,1,86,1,97,1,101,3,110,3,119,3,134,3,153,3,159,3,173,4,193,4,204,5,226,5,240
1283050,2021,131,29,3,30,4,34,4,36,4,38,4,42,4,45,5,51,6,55,6,59,7,62,7,68,7,75,7,79,7,83,7,89
1283051,2021,131,40,2,44,3,49,4,55,4,59,4,75,4,79,4,86,4,88,4,92,5,101,5,112,6,125,6,134,8,141,8,143
1283089,2021,154,19,3,21,3,27,3,28,3,32,4,33,6,38,6,40,6,45,6,52,6,59,6,66,6,77,6,89,6,96,8,99
1283091,2021,154,18,2,24,2,33,2,38,3,44,4,46,5,53,5,58,5,67,5,73,6,81,6,89,7,94,7,102,7,113,7,124
1283092,2021,154,8,2,8,2,11,2,13,2,15,2,19,2,21,3,26,3,33,3,39,3,43,4,47,5,53,5,64,5,79,5,84
1283093,2021,154,13,1,17,1,21,2,27,2,32,2,43,2,50,2,56,3,65,4,71,5,80,6,86,8,88,9,90,10,90,10,90
1283094,2021,154,32,0,43,1,44,2,48,2,49,3,57,3,65,3,69,3,82,4,87,4,96,4,99,4,116,4,124,5,130,8,134
1284489,2021,155,20,2,22,2,24,3,32,3,38,3,39,4,43,5,44,5,50,5,59,5,64,5,73,5,75,6,89,7,93,7,98
1284490,2021,155,46,3,50,3,52,5,63,5,65,5,67,5,75,6,77,6,78,6,85,6,88,7,92,8,101,8,115,8,117,8,124
1284491,2021,155,40,2,47,2,55,2,59,2,71,2,81,2,89,2,98,2,100,3,103,4,117,4,120,5,126,5,132,6,139,6,154
1284493,2021,155,14,0,15,2,23,2,29,2,36,3,41,3,44,3,57,3,58,5,59,6,62,6,70,6,79,7,83,7,85,8,88
1284495,2021,155,37,2,43,4,44,4,48,4,59,4,64,4,70,4,71,5,75,6,77,7,82,7,89,8,92,9,99,9,100,9,103
1284496,2021,155,47,0,54,0,68,0,76,0,80,0,89,1,99,1,115,1,118,2,127,3,142,3,147,3,160,4,165,7,170,9,179
1284497,2021,155,19,3,32,3,36,4,39,4,56,4,60,5,64,6,66,6,70,6,75,6,79,6,92,6,104,7,115,7,122,8,126
1286667,2021,114,17,2,24,3,25,3,26,4,26,5,31,5,36,5,37,5,42,5,44,5,44,5,54,5,56,6,57,8,58,9,64
1286670,2021,114,54,0,61,0,69,1,80,1,90,1,99,1,112,1,117,2,135,2,148,2,159,2,167,2,183,2,196,3,219,3,234
1286671,2021,156,21,2,24,2,27,3,41,3,48,4,52,5,65,6,67,7,72,7,81,7,89,7,103,7,105,8,115,9,121,10,121
1286672,2021,114,24,2,30,2,33,2,44,2,51,2,54,3,70,3,80,3,87,4,91,4,98,4,105,4,110,5,123,5,135,6,143
1286673,2021,156,53,1,57,2,65,2,75,2,92,2,96,2,101,3,116,3,123,3,128,4,137,4,141,6,147,6,161,6,169,8,172
1286674,2021,114,33,0,33,1,36,1,41,2,48,2,58,2,64,2,70,2,77,2,88,2,100,2,109,2,120,2,128,3,137,3,142
1286675,2021,156,36,3,43,3,48,3,56,3,69,3,78,4,81,4,90,4,98,4,115,4,121,4,130,4,140,4,150,4,155,4,171
1286677,2021,114,56,0,61,0,68,0,85,0,109,0,131,0,135,0,143,1,162,1,174,1,180,1,200,1,218,1,222,3,232,5,239
1286681,2021,156,19,4,26,4,32,4,37,4,44,4,48,4,49,5,51,5,54,5,57,5,59,5,62,5,73,5,78,5,85,5,90
1286682,2021,114,7,0,12,0,18,0,21,1,29,1,31,1,35,1,39,1,40,2,45,2,51,2,64,2,66,4,72,5,81,7,90
1286683,2021,156,18,2,19,2,21,2,29,3,30,4,31,5,32,5,32,7,36,7,42,7,52,7,58,7,64,9,71,9,85,10,85
1286684,2021,114,28,2,30,2,37,2,42,2,45,3,49,3,59,3,69,3,77,3,85,4,89,4,98,5,108,5,117,6,131,6,139
1286685,2021,156,41,1,45,1,48,2,53,3,57,3,64,3,79,3,83,4,89,5,94,5,95,6,101,8,106,8,109,10,109,10,109
1286686,2021,114,63,0,72,0,77,0,87,0,98,0,116,0,126,0,140,0,144,1,162,1,172,1,189,1,200,1,212,1,229,1,245
1287773,2021,157,36,2,44,2,47,2,57,2,62,2,75,2,83,2,103,2,114,2,127,2,140,2,144,3,155,4,168,5,189,5,200
1287774,2021,157,39,2,50,2,52,2,59,2,63,2,73,2,86,2,94,3,103,3,109,4,113,5,123,5,127,6,141,7,158,7,172
1287775,2021,157,51,0,66,1,69,1,78,1,97,1,99,2,114,2,124,2,130,2,143,2,153,2,170,2,179,2,194,3,202,3,207
1288316,2022,158,40,0,56,0,63,0,68,2,72,2,80,2,89,2,94,3,101,3,105,3,112,3,121,4,128,5,142,6,144,8,162
1289042,2021,131,29,2,34,2,37,2,44,2,50,2,50,4,56,4,59,5,64,5,70,5,76,5,82,5,91,6,102,6,107,7,114
1289043,2021,153,14,1,23,1,23,2,33,2,35,2,47,2,57,2,64,2,81,2,88,2,96,2,101,4,106,5,121,5,135,5,161
1289044,2021,131,31,2,35,3,39,3,45,4,53,4,57,4,72,4,77,4,86,5,95,5,97,6,100,6,111,7,125,7,137,8,147
1289045,2021,153,40,1,52,1,59,2,67,2,77,3,83,3,92,3,98,4,112,4,116,5,119,5,131,5,142,5,155,5,169,5,187
1289046,2021,131,26,1,28,1,36,1,43,2,56,2,60,2,66,3,77,4,84,5,87,6,96,6,101,6,113,6,122,6,131,6,140
1289047,2021,153,23,2,31,2,37,2,48,2,59,2,62,3,66,3,70,3,76,3,80,4,85,5,100,5,104,5,111,6,123,6,130
1289048,2021,131,43,3,48,3,55,4,61,4,64,4,64,4,69,4,79,5,81,7,90,7,92,8,96,9,101,10,101,10,101,10,101
1289049,2021,153,15,2,17,2,21,2,24,3,32,3,36,3,49,4,57,4,63,4,70,4,75,6,81,6,85,8,97,8,100,9,112
1289050,2021,131,22,1,30,1,33,2,39,2,45,2,52,2,60,3,62,5,65,5,67,5,68,7,68,10,68,10,68,10,68,10,68
1289051,2021,153,55,2,56,3,66,3,77,3,83,4,84,4,88,4,95,4,99,4,104,5,110,5,114,5,123,5,132,6,148,6,168
1289052,2021,131,29,1,29,2,30,3,33,3,38,3,42,3,44,3,50,3,57,3,65,3,77,3,86,3,92,3,101,3,105,3,123
1289053,2021,153,34,2,35,2,41,2,49,2,53,2,54,3,59,4,65,5,71,6,75,6,90,6,99,6,104,6,117,6,128,6,136
1291187,2021,159,23,4,26,4,29,4,33,4,42,4,51,4,56,4,67,4,87,4,104,4,116,4,127,5,142,5,151,5,165,6,188
1291188,2021,159,49,2,59,2,66,3,70,3,76,3,84,4,89,4,93,5,99,6,103,7,110,7,116,7,128,8,145,9,150,10,150
1298135,2022,160,36,3,43,3,48,3,52,3,56,3,59,3,68,3,78,4,82,4,91,5,95,6,106,6,116,6,132,6,150,6,163
1298136,2022,160,26,0,31,0,40,1,46,1,52,1,57,1,60,2,65,2,74,2,77,2,85,2,91,3,96,3,103,4,106,7,111
1298137,2022,161,50,0,54,0,57,1,62,1,65,2,72,2,83,2,87,3,96,3,107,3,117,3,122,4,128,5,140,5,145,5,160
1298138,2022,161,37,2,41,3,43,3,51,3,65,3,79,4,84,4,99,4,112,4,125,4,130,4,137,5,141,5,150,6,165,6,174
1298139,2022,160,30,2,33,3,36,3,45,3,51,3,56,3,62,3,68,4,72,4,77,4,81,4,87,4,90,4,102,4,109,6,121
1298140,2022,160,47,1,52,1,58,1,68,1,71,1,84,1,92,1,95,2,99,2,114,2,117,5,121,6,123,6,134,6,149,6,152
1298141,2022,161,32,1,39,1,52,1,60,1,64,2,73,2,84,2,90,2,104,2,112,2,122,2,137,2,142,3,161,3,170,4,176
1298142,2022,161,38,1,49,1,53,1,58,1,74,1,78,2,83,2,89,2,97,4,101,6,106,6,113,6,120,6,127,6,137,6,153
1298143,2022,160,22,0,36,0,41,2,42,2,51,2,60,2,66,2,78,2,87,2,96,2,109,3,119,3,129,3,138,4,153,5,162
1298144,2022,160,25,0,30,0,36,0,39,0,43,1,58,1,62,1,73,1,77,1,89,1,97,2,104,2,113,3,115,3,127,3,148
1298145,2022,161,32,2,41,2,46,2,58,2,64,2,67,2,71,3,84,3,90,3,99,3,105,4,111,4,112,5,122,5,132,5,146
1298146,2022,161,36,2,43,2,50,2,56,2,62,2,65,3,71,3,75,3,80,3,87,3,91,3,98,3,108,4,120,5,126,5,132
1298147,2022,18,60,1,65,1,74,1,81,1,90,1,97,1,109,1,114,1,125,2,134,2,144,2,152,3,161,3,176,3,186,3,200
1298149,2022,161,26,2,40,2,46,2,50,2,57,3,60,4,66,4,74,4,79,4,91,4,100,4,104,4,108,5,117,6,120,8,128
1298150,2022,0,24,2,32,2,41,2,44,2,50,2,60,2,70,2,91,2,96,3,98,5,106,5,116,6,125,7,135,7,149,7,159
1298151,2022,161,43,0,47,1,51,2,57,2,63,3,72,4,76,5,79,5,86,5,94,5,106,5,110,5,120,5,129,7,134,8,144
1298153,2022,71,25,1,36,1,43,1,50,1,58,1,63,1,73,1,78,2,92,2,99,3,106,4,111,5,119,5,126,6,137,6,157
1298154,2022,0,45,1,59,1,65,1,69,1,74,1,92,1,97,1,103,2,109,3,116,3,127,3,133,5,144,6,150,7,156,9,157
1298156,2022,18,58,1,63,1,66,1,74,1,87,1,91,1,117,1,129,1,142,1,165,1,176,2,180,2,189,3,194,3,198,4,205
1298157,2022,18,28,1,32,1,38,1,48,1,53,1,67,1,78,1,84,2,95,2,106,2,114,2,128,2,144,2,154,2,162,2,179
1298158,2022,71,42,1,47,2,49,2,53,2,61,2,67,3,71,3,76,3,87,3,95,5,98,7,104,7,108,7,115,7,120,7,130
1298161,2022,18,19,3,25,3,30,3,42,3,45,3,54,3,63,3,70,3,76,3,94,3,102,4,113,4,129,4,140,5,153,5,167
1298162,2022,162,28,1,32,2,41,2,52,2,59,2,63,2,74,2,85,2,87,3,95,3,103,3,120,3,126,4,131,4,143,4,150
1298163,2022,71,18,1,19,1,21,2,26,2,28,3,34,3,43,3,49,3,53,3,59,3,68,4,71,5,74,6,79,6,86,8,91
1298164,2022,71,26,2,33,2,41,3,47,4,51,5,60,5,67,5,73,5,84,5,89,5,101,5,105,6,115,6,124,6,127,8,133
1298165,2022,162,34,1,38,1,53,1,60,1,68,2,78,2,84,3,87,3,92,3,108,3,134,3,145,3,155,4,158,4,162,5,179
1298167,2022,162,40,0,48,0,58,0,61,0,67,0,77,0,85,1,94,1,108,1,110,2,125,2,137,2,148,2,154,3,163,5,179
1298168,2022,2,18,2,20,3,30,3,36,3,50,3,53,3,61,3,68,4,78,5,92,5,95,6,98,7,102,8,111,9,116,9,117
1298169,2022,2,30,1,37,1,42,1,52,1,76,1,86,2,92,2,101,2,115,2,119,3,130,3,140,4,150,5,157,5,170,6,184
1298170,2022,18,40,2,42,3,43,4,50,4,55,4,68,4,71,4,82,4,95,5,105,5,120,5,135,5,148,5,159,5,177,7,185
1298171,2022,2,36,0,52,1,56,1,59,1,69,1,75,1,93,1,103,2,114,2,118,3,128,3,140,3,152,3,173,3,176,6,185
1298173,2022,18,52,1,54,1,65,1,71,1,75,2,80,2,84,3,89,3,100,3,104,3,116,3,120,4,123,4,128,5,136,5,141
1298174,2022,2,34,0,48,0,52,0,56,0,61,1,70,1,81,1,90,1,98,2,105,2,112,3,113,3,123,3,127,4,143,4,158
1298175,2022,2,38,1,40,1,49,1,56,1,64,1,70,1,74,3,78,3,87,3,92,4,99,4,106,4,107,6,109,6,116,7,127
1298176,2022,0,36,1,46,1,54,1,68,1,71,1,79,1,85,1,89,2,98,3,103,4,107,4,125,4,137,4,152,4,165,4,186
1298177,2022,18,30,1,38,2,44,2,49,3,52,3,59,3,73,3,81,3,89,3,99,3,106,3,116,3,123,4,133,4,144,4,152
1298178,2022,2,31,1,38,1,46,1,51,1,57,2,62,2,74,2,77,3,80,3,90,3,100,3,110,3,121,3,136,4,156,4,168
1298179,2022,0,29,1,39,1,45,1,50,2,59,2,68,2,84,2,84,3,90,4,98,4,106,4,119,4,122,5,127,6,131,7,137
1299566,2022,67,28,2,30,2,33,3,39,3,42,4,45,4,50,4,55,4,65,4,71,5,77,5,81,6,86,6,91,7,102,7,117
1299567,2022,96,46,0,64,0,75,0,79,0,81,0,94,0,110,0,126,0,131,0,138,0,149,0,158,1,172,1,190,1,196,1,216
1299568,2022,67,30,2,34,2,40,2,43,2,52,2,58,2,65,3,72,3,85,3,89,3,94,4,100,4,114,4,124,4,138,4,157
1299569,2022,96,28,0,39,1,47,2,53,2,55,4,58,4,64,4,79,4,87,4,96,4,99,7,104,8,106,10,106,10,106,10,106
1299570,2022,67,39,1,40,2,43,3,46,3,52,3,62,3,68,3,81,3,86,4,98,4,109,4,114,4,120,5,140,6,146,6,155
1299571,2022,96,39,2,41,2,52,2,63,2,79,2,89,2,99,2,115,2,123,2,140,2,151,2,162,2,184,2,193,2,213,3,218
1299572,2022,67,43,0,57,0,63,0,73,0,84,1,89,2,97,2,102,2,117,2,121,2,130,2,145,2,156,2,166,2,178,2,191
1299573,2022,96,39,0,45,0,51,0,60,0,63,1,68,1,71,2,77,2,82,3,95,3,100,3,105,4,117,4,131,4,145,4,158
1299574,2022,67,20,1,22,2,24,2,28,2,33,3,38,3,45,3,54,3,61,3,65,4,67,5,72,6,78,7,87,7,101,7,107
1299575,2022,96,31,1,39,1,50,2,52,2,59,2,66,2,70,2,78,2,89,2,94,3,104,4,112,4,122,4,138,4,156,4,172
1299576,2022,67,37,2,39,4,41,5,43,6,44,7,48,8,49,9,63,9,66,9,77,9,80,10,80,10,80,10,80,10,80,10,80
1299577,2022,96,11,1,13,1,14,2,15,3,17,3,19,4,24,5,30,6,31,7,34,8,36,9,36,10,36,10,36,10,36,10,36
1299578,2022,67,27,1,31,1,41,1,50,1,56,1,64,1,74,2,79,2,80,4,90,4,94,4,103,5,107,5,111,6,124,6,131
1299579,2022,96,42,2,49,2,59,2,69,2,79,2,82,2,89,2,95,2,102,2,115,2,128,2,140,3,153,3,161,3,179,3,191
1299580,2022,67,45,1,58,1,71,1,73,2,80,2,84,2,102,2,106,2,117,2,121,2,131,2,136,2,141,4,154,6,165,7,175
1299581,2022,96,34,2,45,2,54,2,59,2,73,2,77,2,96,2,100,2,104,4,106,5,122,5,125,5,133,6,147,6,153,6,165
1299582,2022,67,31,3,40,3,44,3,51,3,55,3,62,3,65,3,75,3,78,4,90,4,97,5,103,5,105,6,115,6,123,7,131
1299583,2022,96,47,0,50,0,54,0,56,1,62,1,63,3,67,4,68,4,70,5,72,6,72,6,79,6,89,6,97,6,101,7,109
1299584,2022,96,16,3,19,3,19,3,20,4,28,4,31,4,36,4,43,5,51,6,53,7,58,7,60,8,66,8,74,9,83,9,87
1299585,2022,67,27,3,36,3,46,3,51,3,64,4,67,5,69,6,81,6,84,6,95,6,111,6,122,6,126,8,135,8,152,8,159
1299592,2022,67,43,2,50,2,55,2,59,2,67,2,74,2,80,2,85,2,95,2,107,2,123,2,129,4,141,4,147,5,155,5,178
1299593,2022,67,38,2,43,3,46,3,53,3,56,3,59,4,62,4,69,4,74,4,91,4,98,4,107,4,116,4,119,6,126,6,135
1299594,2022,67,40,2,44,2,54,2,68,2,73,3,76,3,86,3,90,4,97,4,100,5,108,6,110,7,119,7,123,8,136,8,137
1299595,2022,67,32,0,40,1,55,1,60,1,79,1,84,1,99,1,110,1,114,1,116,3,126,4,130,5,137,5,144,5,148,6,164
1299596,2022,67,31,3,35,3,39,3,47,3,59,3,63,4,66,4,69,6,76,6,81,6,90,6,99,7,110,7,113,8,122,8,127
1299638,2022,67,48,1,60,1,69,1,75,1,77,1,83,1,87,1,98,1,118,1,122,2,135,2,148,2,156,3,162,3,172,3,192
1303308,2022,112,39,1,54,1,58,1,66,1,81,1,97,1,110,1,129,1,138,1,158,1,177,1,183,1,201,2,212,4,217,6,225
1303312,2022,113,38,3,42,3,49,3,53,3,57,4,65,4,74,4,82,4,91,4,101,5,112,5,123,5,129,5,145,5,154,7,173
1303313,2022,113,47,1,51,1,54,1,60,1,70,2,74,2,82,2,101,2,111,2,122,2,129,3,138,3,149,3,158,3,171,4,179
1303314,2022,113,33,1,42,1,50,1,58,1,71,1,79,2,82,3,89,3,95,4,102,4,104,4,108,5,124,6,143,6,161,6,174
1303315,2022,140,38,1,47,2,57,2,68,2,76,2,82,2,94,2,107,2,120,2,142,2,146,2,158,4,175,4,183,4,193,5,211
1303316,2022,140,37,0,42,1,43,1,47,1,49,1,54,2,58,2,84,2,87,4,93,4,108,4,128,4,156,4,162,5,178,6,182
1305498,2022,118,42,1,57,1,67,1,75,1,81,1,86,1,98,1,109,2,113,3,128,4,130,5,141,6,154,6,164,7,177,8,183
1305499,2022,118,22,1,31,1,41,1,49,1,55,1,66,1,80,1,90,1,100,1,111,2,120,2,127,2,138,2,146,2,165,2,180
1305500,2022,118,38,1,46,1,49,2,54,2,60,2,62,2,73,2,73,3,78,4,85,4,92,4,94,4,97,5,105,6,108,7,114
1305501,2022,118,34,0,44,0,47,1,62,1,66,1,77,2,85,2,94,2,106,2,122,2,129,3,140,3,143,3,167,3,199,4,203
1305502,2022,118,38,1,49,1,62,1,66,2,75,2,80,2,95,2,100,2,108,2,127,2,138,2,145,2,159,2,175,2,187,3,196
1305503,2022,118,49,2,60,2,77,2,82,2,91,2,101,2,107,2,117,2,129,2,140,3,145,3,164,3,175,4,190,4,200,4,223
1305504,2022,118,38,1,44,2,51,2,60,2,69,2,77,2,82,2,82,5,87,5,96,5,105,5,114,6,126,6,142,6,157,6,168
1307293,2022,119,40,1,50,1,56,1,62,1,68,1,79,1,88,1,100,2,102,2,103,5,111,5,118,6,119,7,127,7,128,9,128
1307294,2022,119,20,2,28,2,37,2,46,2,53,2,63,2,70,2,74,3,82,3,90,3,96,4,99,4,108,5,111,5,121,6,124
1307295,2022,85,40,0,49,1,59,1,68,1,82,1,85,2,88,4,93,4,103,4,111,4,117,4,133,5,138,5,149,5,160,5,176
1307477,2022,133,37,0,48,0,63,0,73,0,86,1,90,1,95,1,100,1,127,1,137,2,146,2,158,2,171,2,188,3,206,3,225
1307478,2022,133,55,1,62,2,67,2,84,2,95,2,103,2,122,3,128,3,139,3,158,3,175,3,184,4,197,4,213,4,239,4,254
1309701,2022,163,26,1,37,1,42,1,45,1,50,1,54,2,61,2,71,2,76,3,86,3,89,3,96,3,113,3,115,4,121,5,127
1309702,2022,163,28,1,30,1,33,1,39,1,43,2,57,2,75,3,78,3,88,3,101,3,114,3,125,4,137,4,150,4,169,4,177
1309703,2022,163,34,3,34,3,39,3,44,3,54,3,60,4,72,4,76,4,87,4,111,4,118,4,127,5,151,5,163,5,173,6,185
1310161,2022,137,18,2,20,2,24,2,25,3,31,4,38,4,41,4,48,4,54,5,58,5,74,5,81,5,91,5,112,5,120,6,137
1310162,2022,137,16,2,21,2,31,2,41,2,47,2,51,2,62,2,67,2,73,2,82,2,86,2,96,3,105,4,113,5,118,5,129
1310163,2022,137,16,1,27,1,30,1,34,1,40,1,45,1,54,1,60,1,64,2,73,2,77,2,87,2,97,3,107,5,117,6,120
1310164,2022,137,26,1,28,2,30,3,32,3,37,3,40,3,43,3,48,3,55,3,57,5,60,6,61,9,70,9,78,10,78,10,78
1310165,2022,137,6,0,13,1,18,1,21,1,25,1,35,1,49,1,51,2,61,2,66,2,70,3,78,5,87,5,94,6,102,7,107
1310166,2022,137,25,1,30,1,37,2,43,2,47,2,53,2,67,2,72,2,75,3,79,3,87,3,93,4,97,5,113,5,117,6,125
1310167,2022,129,31,0,41,0,44,0,52,1,56,2,61,2,64,2,75,3,81,4,84,4,90,4,96,4,114,4,124,4,129,6,137
1310168,2022,129,49,1,58,1,60,1,64,1,73,1,76,1,82,1,96,1,99,2,111,2,120,3,128,3,139,3,155,3,162,5,171
1310169,2022,129,41,0,44,1,49,1,51,2,62,2,72,2,82,2,85,2,97,2,105,2,115,2,120,2,125,3,134,3,150,3,164
1310170,2022,125,34,2,49,2,52,2,57,2,65,2,69,2,76,2,80,2,87,4,90,5,94,5,99,5,106,5,115,6,124,6,132
1310171,2022,125,48,1,53,1,68,1,71,1,81,1,91,1,105,1,117,2,123,2,138,3,147,3,158,4,181,4,189,5,193,5,206
1310172,2022,125,41,2,47,2,54,3,56,3,66,3,74,3,78,3,90,4,94,4,97,4,102,5,106,6,113,7,121,8,127,8,137
1310173,2022,125,46,1,55,1,62,1,67,1,71,2,72,2,83,2,89,2,100,2,103,2,116,2,125,3,130,4,141,4,150,4,165
1310174,2022,125,46,0,61,0,63,2,64,3,66,3,72,3,78,3,86,3,101,3,110,3,123,3,126,4,131,5,145,5,174,5,184
1310175,2022,125,29,3,37,4,42,4,46,4,56,4,68,4,73,4,88,4,96,4,100,5,110,5,126,5,133,6,138,6,150,7,158
1310176,2022,125,48,0,56,1,63,2,64,2,71,2,78,3,85,3,97,3,108,3,120,3,128,3,136,3,143,4,148,4,155,6,164
1310177,2022,125,79,0,84,0,100,0,111,0,117,0,128,0,145,0,151,0,165,0,176,0,183,0,199,0,214,0,220,1,238,1,258
1310178,2022,125,46,0,56,1,70,1,76,2,82,3,87,4,88,4,98,4,100,5,104,5,109,5,116,5,134,5,139,5,149,5,158
1310179,2022,125,54,0,60,0,67,0,78,0,90,0,97,0,105,0,113,0,126,0,134,0,154,0,161,0,174,0,190,0,196,0,213
1310180,2022,125,50,0,69,0,77,0,86,0,101,0,107,1,113,1,126,1,134,1,140,2,152,2,163,2,168,3,170,3,180,4,193
1310181,2022,125,29,2,33,3,35,4,41,4,50,4,55,4,60,5,64,5,81,5,86,5,96,5,101,6,103,6,113,7,122,7,131
1310182,2022,125,27,2,33,2,36,2,46,2,53,2,69,2,78,2,92,2,98,3,109,3,115,5,117,5,130,6,137,6,153,7,169
1310183,2022,125,31,1,34,1,38,1,45,1,46,2,50,2,57,2,64,2,80,2,87,3,94,4,118,6,122,6,127,7,130,8,141
1310184,2022,125,34,1,42,1,47,1,58,2,61,2,73,3,82,3,93,3,106,3,118,3,127,3,136,4,150,4,167,4,184,4,204
1310185,2022,125,33,1,49,1,57,1,63,1,66,2,72,3,76,4,82,4,96,4,109,4,123,4,133,5,142,5,149,5,160,5,170
1310186,2022,125,63,0,71,0,83,1,98,1,106,1,114,1,121,1,136,1,149,1,152,2,157,3,178,3,188,3,193,4,206,4,221
1310187,2022,125,43,2,58,2,61,2,70,3,76,3,78,3,85,3,91,3,99,4,106,4,111,4,126,4,137,4,152,4,161,5,171
1310188,2022,164,46,0,56,1,64,1,70,1,77,1,86,2,93,2,95,4,107,4,108,4,114,4,121,4,145,4,158,4,171,4,178
1310901,2022,165,25,1,33,2,39,2,45,2,52,2,60,2,66,3,73,3,82,3,92,4,95,5,100,5,122,6,124,6,144,6,148
1310902,2022,165,32,2,37,2,43,2,45,3,55,3,65,3,77,3,85,3,98,3,104,4,111,4,117,4,125,4,128,4,135,4,147
1310938,2022,166,36,1,44,1,46,2,54,2,58,2,61,2,72,2,83,2,95,2,105,2,114,2,116,3,122,4,127,4,141,4,153
1310939,2022,166,22,2,24,3,29,3,30,3,36,3,46,3,49,4,55,5,61,5,70,5,76,5,88,5,95,6,110,6,118,6,122
1310940,2022,166,28,2,42,2,48,2,54,2,62,3,68,3,72,3,81,3,87,3,96,3,99,4,102,5,106,6,117,7,120,8,128
1310941,2022,166,42,1,47,1,59,1,68,1,75,1,83,2,86,3,91,4,95,4,100,5,110,5,114,5,118,6,128,6,149,6,157
1310942,2022,166,43,1,48,2,62,2,69,3,74,3,79,4,84,4,89,5,92,5,95,5,99,6,104,6,108,8,110,8,115,8,127
1317136,2022,124,59,0,80,0,87,1,109,2,117,2,122,2,134,2,146,3,149,4,156,4,165,4,172,5,180,6,185,6,209,6,225
1317137,2022,124,53,1,65,1,76,2,83,2,94,2,98,2,107,2,123,2,134,3,150,4,153,5,157,7,176,7,181,7,191,8,194
1317138,2022,124,31,3,39,3,43,3,48,3,58,3,72,3,79,3,90,3,103,3,118,3,126,3,137,3,155,4,166,4,172,4,185
1317139,2022,124,52,0,63,0,67,1,76,1,84,1,85,1,101,1,114,1,121,1,135,1,150,1,166,1,184,1,218,1,233,2,242
1317150,2022,167,38,2,46,2,57,2,66,2,75,2,85,2,94,2,100,2,100,3,108,3,119,3,142,3,163,3,166,4,176,4,193
1317151,2022,82,41,1,44,2,48,2,54,2,67,2,72,2,76,2,96,2,100,3,103,3,113,3,129,3,136,3,144,3,151,5,163
1317482,2022,54,47,1,53,2,56,2,61,2,66,2,68,3,75,4,80,4,86,4,88,4,95,5,105,6,109,7,122,8,140,8,145
1317483,2022,162,36,1,45,1,53,1,62,1,79,1,88,1,95,2,98,3,102,4,113,4,123,4,136,4,157,5,162,5,172,5,178
1317486,2022,71,50,0,58,0,72,0,93,0,101,0,118,0,128,0,134,1,148,1,159,1,167,2,173,3,181,3,193,4,194,6,208
1317487,2022,122,34,2,41,2,47,2,54,3,60,4,70,4,82,4,89,4,103,4,116,4,131,4,140,4,147,5,155,5,165,6,178
1317903,2022,168,44,1,45,2,50,2,62,2,73,2,88,3,91,3,104,4,113,4,124,4,131,5,138,6,145,6,154,6,175,6,190
1317904,2022,169,48,3,56,3,63,4,67,4,69,4,75,4,84,4,96,4,101,4,105,5,109,5,112,5,117,6,127,6,129,9,138
1317905,2022,169,41,0,45,0,56,0,61,1,63,1,65,1,71,1,77,1,84,1,99,1,108,2,122,2,132,3,137,3,154,3,164
1317906,2022,159,54,1,65,2,68,2,77,2,84,2,96,2,107,2,114,3,123,3,132,3,146,4,151,4,158,4,164,4,180,5,191
1317907,2022,159,39,1,53,1,61,1,76,1,86,1,95,1,112,1,116,2,122,3,133,3,141,3,146,4,156,4,162,5,181,5,188
1317908,2022,170,38,0,52,0,58,0,68,2,72,2,78,2,91,2,98,3,104,3,109,3,121,3,137,3,147,4,151,5,162,5,185
1317909,2022,170,39,2,43,2,46,2,57,2,73,2,85,2,105,2,111,3,119,3,135,3,151,3,166,3,184,3,197,4,207,4,215
1317910,2022,170,34,1,47,1,49,2,56,2,59,3,64,3,77,3,85,3,90,3,104,3,106,4,116,4,121,5,126,5,136,5,145
1318358,2022,126,17,1,17,2,20,2,26,2,32,2,34,3,45,3,46,3,55,3,59,4,68,4,72,5,76,7,81,8,90,9,93
1318359,2022,126,40,1,43,2,47,2,52,2,57,3,62,3,72,3,80,3,85,3,89,4,92,5,102,5,111,5,117,6,128,7,141
1318360,2022,126,30,1,40,1,44,1,57,1,62,1,66,1,72,1,77,2,81,3,87,3,91,4,95,5,101,7,107,8,114,8,124
1318361,2022,126,34,2,37,2,43,2,50,2,59,2,71,2,76,2,83,2,85,3,86,3,91,4,96,5,109,5,117,5,127,5,133
1318362,2022,126,37,1,44,1,56,1,59,1,67,1,76,1,82,2,86,2,95,2,104,3,118,3,123,3,127,3,133,5,145,6,151
1320969,2022,171,17,1,18,2,27,2,35,3,44,3,47,3,54,3,67,3,72,3,87,3,98,3,109,4,114,4,121,5,135,5,139
1320973,2022,171,41,2,45,3,55,3,67,3,73,3,76,4,88,4,97,4,100,4,108,5,113,5,122,6,131,6,140,7,146,7,154
1320974,2022,172,45,2,64,2,74,2,86,2,95,2,100,2,123,2,137,2,146,2,161,3,165,4,178,4,194,4,213,4,231,5,256
1320975,2022,171,33,2,41,3,44,3,52,3,59,3,65,3,72,3,76,3,79,4,85,5,88,5,94,6,99,6,106,6,110,6,114
1320976,2022,172,20,3,21,3,27,3,33,3,41,3,49,3,60,3,75,3,82,4,84,4,86,5,93,6,96,6,104,7,115,8,120
1320977,2022,171,32,1,35,3,36,4,38,5,41,5,43,5,52,5,53,6,58,7,61,7,66,7,71,8,76,8,77,10,77,10,77
1320978,2022,172,36,1,50,1,52,2,58,2,61,3,67,4,76,4,79,4,82,6,93,6,103,7,108,7,112,8,118,8,123,8,134
1320979,2022,171,31,1,37,2,41,3,46,3,53,3,54,4,58,4,76,4,83,4,102,4,111,5,120,6,122,8,125,8,130,9,136
1320980,2022,172,45,0,55,1,59,1,61,2,71,2,72,2,77,2,92,3,100,3,109,3,111,4,123,5,131,6,142,8,150,8,161
1320982,2022,172,37,0,39,1,47,1,52,1,65,1,72,2,74,3,82,3,84,5,84,6,86,7,93,7,101,9,106,9,113,10,113
1320984,2022,172,40,0,44,0,49,1,64,1,78,1,81,2,87,2,92,2,103,3,107,4,113,4,122,4,130,4,137,4,146,5,154
1320985,2022,172,36,1,47,1,52,1,57,1,63,2,71,2,76,2,86,2,94,3,105,3,119,3,132,3,142,4,145,4,154,5,166
1320986,2022,172,47,2,57,4,64,4,71,4,75,5,79,6,87,6,95,6,104,6,111,7,116,7,118,7,130,7,135,8,137,9,145
1320987,2022,172,35,0,46,0,50,0,57,1,63,1,77,1,89,1,107,1,120,2,134,2,144,2,154,2,157,4,160,6,177,6,190
1320988,2022,172,36,1,41,1,44,2,46,4,49,4,51,4,53,4,61,5,61,5,63,6,71,6,74,6,78,6,82,7,97,8,110
1321258,2022,132,35,1,52,1,54,2,57,2,66,3,74,4,76,5,83,5,92,5,96,5,105,6,107,7,109,8,114,8,117,9,120
1321259,2022,173,23,2,24,2,30,2,34,3,35,4,45,4,54,4,57,5,60,5,61,5,73,5,85,5,94,6,109,7,114,8,115
1321260,2022,132,33,3,43,4,49,4,54,4,57,4,65,4,70,4,79,4,86,4,98,4,108,4,113,4,120,4,127,4,138,4,147
1321261,2022,173,41,0,42,1,48,1,56,1,63,2,68,2,77,2,82,2,90,2,99,2,103,3,112,4,136,4,143,4,151,6,154
1321262,2022,132,13,0,18,0,21,0,25,0,28,1,32,1,37,2,40,2,45,3,48,5,52,7,60,7,61,8,61,9,64,9,69
1321263,2022,173,52,1,58,2,67,2,75,2,89,2,99,2,102,2,111,2,116,2,122,2,127,3,129,5,133,7,140,7,153,7,165
1321264,2022,132,20,1,21,1,32,1,38,1,44,1,52,1,57,2,63,2,68,2,77,2,93,2,105,2,113,3,125,5,129,5,141
1321265,2022,173,26,1,40,1,47,1,61,1,69,3,83,3,87,4,90,4,104,4,117,4,133,4,135,4,147,5,154,6,160,7,169
1321266,2022,132,21,3,25,3,27,5,28,5,37,5,40,5,42,5,44,5,55,5,55,6,62,6,66,6,66,7,66,9,67,10,67
1321267,2022,173,20,1,24,1,31,1,38,1,43,1,53,2,58,3,61,3,66,3,69,3,75,3,79,3,85,3,93,3,101,3,104
1321268,2022,132,32,1,38,2,42,2,51,2,63,2,73,3,76,3,81,5,84,5,88,5,94,6,99,6,111,7,116,8,119,9,120
1321269,2022,173,40,3,47,3,51,3,54,3,60,4,64,4,68,4,70,4,76,4,85,4,88,5,94,6,102,6,111,6,119,6,133
1321270,2022,132,43,1,50,1,55,1,65,1,77,2,87,2,91,3,94,3,101,3,108,4,123,4,139,5,148,5,155,6,160,6,183
1321271,2022,173,32,1,46,1,56,2,67,2,74,2,79,4,83,5,92,5,99,5,108,5,125,5,137,5,145,6,160,7,163,8,183
1321272,2022,132,41,2,49,2,56,2,75,2,86,2,95,2,103,2,109,3,117,3,126,3,135,3,140,4,148,4,176,4,183,5,210
1321273,2022,173,31,0,42,0,47,0,51,1,62,1,66,1,72,1,82,1,87,1,91,3,94,4,105,4,116,4,125,4,143,5,150
1321274,2022,132,22,2,33,3,39,3,48,3,57,3,60,5,61,5,72,6,74,6,80,7,91,8,105,8,109,8,118,8,125,9,125
1321275,2022,173,10,2,16,2,19,2,22,2,25,2,33,2,39,2,43,2,45,3,48,3,63,4,65,5,68,5,75,6,78,7,85
1321276,2022,132,48,1,59,1,70,1,75,3,83,3,87,5,93,5,101,5,108,5,123,5,127,6,137,6,153,6,158,7,167,7,171
1321277,2022,173,20,3,35,3,38,4,39,4,43,5,45,5,49,6,50,6,61,6,62,6,65,6,72,6,77,6,82,8,84,9,90
1321278,2022,132,22,1,28,1,32,2,36,2,43,2,47,3,57,3,66,3,75,3,95,4,101,5,114,5,133,5,140,8,157,8,159
1321279,2022,173,30,1,30,2,33,2,38,2,40,2,43,4,46,4,52,4,55,4,62,4,72,4,79,5,88,5,98,6,101,8,104
1321280,2022,132,20,1,27,2,36,2,43,2,47,2,51,2,60,2,66,2,70,3,75,3,80,3,86,5,90,6,91,7,98,7,101
1321281,2022,173,54,1,70,1,77,1,87,1,90,2,95,3,99,4,105,4,112,4,116,5,120,6,128,6,132,7,135,9,139,10,139
1321282,2022,132,39,1,45,2,57,2,59,2,66,3,71,3,76,3,83,3,88,5,89,5,92,5,92,8,97,8,100,9,101,10,101
1321284,2022,132,25,0,29,0,33,0,38,0,46,0,60,0,70,0,82,0,87,0,104,0,113,1,119,1,129,2,139,4,149,5,153
1321286,2022,132,55,0,62,2,75,2,80,2,91,2,102,2,113,3,120,3,132,4,139,4,152,4,164,4,177,4,189,4,198,4,214
1321287,2022,173,31,1,33,1,49,1,54,1,62,1,70,1,77,1,81,1,90,2,92,2,104,2,120,2,125,2,134,3,144,3,157
1321288,2022,132,26,2,28,3,32,3,42,3,51,3,59,3,68,3,76,3,84,3,90,4,94,4,101,5,108,5,115,5,121,5,131
1321289,2022,173,41,0,55,0,63,1,67,2,75,2,80,2,86,2,93,2,102,3,103,5,106,6,110,6,114,6,125,6,132,6,139
1321290,2022,132,17,2,20,2,25,2,30,2,40,2,47,2,57,2,72,2,82,2,92,3,97,4,116,4,127,4,147,4,162,4,173
1321291,2022,173,40,0,44,1,50,1,67,1,70,1,75,2,76,3,78,3,85,4,93,4,100,4,110,5,115,5,123,6,130,7,140
1321292,2022,132,42,2,44,2,53,2,56,2,65,2,78,2,82,3,93,3,100,3,111,3,124,3,131,3,139,5,148,5,153,5,158
1321293,2022,173,42,3,48,3,51,3,55,4,62,4,64,5,69,5,71,6,81,6,87,6,115,6,115,6,131,7,144,7,158,7,174
1321294,2022,132,32,1,42,1,52,2,63,2,69,2,76,2,90,3,95,3,103,3,108,3,111,4,121,4,128,6,140,6,151,6,164
1321295,2022,173,29,0,45,0,49,1,61,1,69,1,74,1,83,2,86,2,94,2,99,2,106,2,114,4,117,6,122,6,128,7,135
1321298,2022,132,51,2,69,2,76,2,81,3,88,3,91,4,95,4,107,5,115,5,127,5,140,5,146,6,156,6,166,7,174,7,183
1321299,2022,173,36,1,45,1,55,1,64,1,69,2,71,3,77,3,85,3,90,3,95,4,111,4,119,5,121,6,123,7,127,8,129
1321301,2022,173,25,2,33,2,37,2,43,2,49,3,55,3,59,4,66,4,84,4,94,4,100,4,105,5,111,5,112,8,117,9,117
1321302,2022,132,34,1,48,1,55,1,65,1,68,1,72,2,75,2,88,2,97,2,106,3,113,3,116,4,124,4,133,5,137,6,153
1321303,2022,173,22,3,33,3,41,3,43,4,50,4,52,4,59,4,64,5,74,5,81,6,82,6,89,7,100,7,103,7,111,7,115
1321305,2022,123,27,1,32,1,42,1,49,1,58,2,61,2,64,2,68,3,72,3,77,3,79,5,87,5,92,5,98,5,109,5,119
1321306,2022,123,24,1,25,1,30,2,36,3,39,3,46,3,52,3,57,3,62,4,68,4,73,4,81,4,89,6,95,6,103,7,112
1321307,2022,123,45,0,53,1,60,1,64,1,72,1,80,1,101,1,112,2,115,3,121,4,124,4,137,4,146,4,157,4,163,6,182
1321309,2022,123,39,1,43,1,54,1,61,1,80,1,92,1,98,1,114,1,120,1,127,2,138,2,153,2,164,2,186,3,196,4,209
1321310,2022,123,43,3,46,3,51,4,54,4,58,4,65,4,70,4,74,4,82,5,90,5,105,5,112,6,122,7,126,8,141,8,146
1321311,2022,174,24,1,37,1,39,3,42,3,49,3,63,3,67,4,74,5,79,5,87,5,91,6,96,6,111,6,118,6,123,6,137
1321312,2022,174,44,2,53,2,63,2,71,2,88,2,93,2,97,2,102,2,108,3,115,3,121,5,127,5,135,5,146,5,161,5,177
1321465,2022,166,65,2,70,3,77,3,94,3,105,3,116,3,125,3,138,3,146,3,153,3,169,3,174,4,187,4,213,4,222,5,236
1321466,2022,175,24,0,29,1,38,1,41,2,47,2,50,3,54,3,65,3,79,3,82,4,90,4,107,4,116,4,122,4,148,4,154
1321467,2022,166,47,0,62,0,73,0,80,1,84,2,93,2,97,4,100,4,109,4,115,5,119,5,125,6,134,6,142,6,153,7,163
1321468,2022,175,18,2,21,2,26,2,30,2,33,3,43,3,46,3,55,3,58,3,63,3,67,4,72,5,75,6,80,7,82,9,87
1321469,2022,166,36,2,38,3,49,3,56,3,59,3,68,3,80,3,89,3,94,4,98,5,104,5,110,5,115,6,118,7,132,7,146
1321470,2022,175,57,0,72,0,80,1,89,1,95,2,111,2,119,2,127,2,129,3,139,3,145,3,154,3,171,4,179,4,195,6,201
1321471,2022,166,37,2,43,2,53,2,57,2,65,2,75,2,82,3,85,4,88,4,93,4,97,5,101,5,109,6,116,9,116,10,116
1321472,2022,175,27,1,32,1,41,2,44,2,47,2,55,2,63,2,68,2,78,2,84,2,99,2,116,2,126,2,140,2,149,4,160
1321473,2022,166,33,1,45,1,49,2,54,2,64,2,75,2,82,2,90,2,99,2,109,2,119,2,135,2,145,2,165,2,172,3,187
1321474,2022,175,43,1,49,1,53,2,56,2,76,2,85,2,99,2,105,2,115,3,128,3,144,3,149,4,163,5,165,7,176,7,185
1321475,2022,166,44,1,55,1,59,1,61,2,65,3,70,3,78,3,90,3,96,3,100,3,116,3,129,3,143,3,154,5,159,6,185
1321477,2022,166,28,0,32,0,39,0,44,0,48,1,55,2,58,2,60,3,62,5,64,6,65,7,75,7,78,7,89,8,104,8,110
1321478,2022,175,40,0,48,0,57,0,59,1,61,3,65,3,67,4,73,4,79,4,82,4,93,5,103,5,117,5,135,5,142,7,146
1321479,2022,166,38,0,51,1,62,1,71,1,80,1,90,1,100,1,109,2,116,2,123,2,134,3,139,4,155,4,170,4,186,5,199
1321480,2022,175,51,0,60,1,67,1,72,2,74,3,79,3,86,3,89,4,97,5,106,6,110,7,111,7,121,8,125,8,136,8,138
1321481,2022,166,21,0,31,0,34,0,42,0,50,0,52,1,57,1,61,2,66,3,75,4,77,4,80,5,87,5,92,6,97,6,102
1321482,2022,175,27,1,30,1,38,1,39,3,47,4,52,4,59,4,63,4,71,4,78,4,84,5,101,5,113,6,126,6,134,6,140
1321483,2022,175,45,3,51,3,58,5,62,5,64,6,73,6,76,6,79,7,81,7,89,7,95,8,96,9,97,10,97,10,97,10,97
1321484,2022,166,46,2,52,2,54,2,66,3,76,3,77,3,83,3,94,4,98,6,102,6,108,6,111,7,117,7,127,8,130,8,132
1321998,2022,176,48,0,56,0,60,0,71,0,87,0,97,0,113,0,123,0,141,1,154,1,160,1,165,2,171,2,181,3,194,4,213
1322002,2022,176,37,1,41,2,43,2,46,2,53,3,55,4,63,4,70,4,75,4,80,5,86,7,90,7,94,7,102,8,105,9,110
1322005,2022,176,17,3,19,4,30,4,34,4,41,4,53,4,58,4,65,4,67,5,71,5,75,6,78,6,82,6,86,6,101,6,110
1322006,2022,176,23,3,25,3,34,3,37,3,46,4,48,6,52,6,59,6,62,6,63,7,64,8,66,8,67,8,71,8,73,10,73
1322007,2022,176,26,0,29,1,34,1,37,1,39,1,41,1,49,2,51,3,60,3,64,3,74,3,81,3,83,4,93,5,95,9,97
1322009,2022,176,24,1,31,1,46,2,49,2,54,2,64,2,66,2,69,2,78,2,90,2,96,2,100,2,109,3,116,3,126,4,135
1322010,2022,176,10,4,20,4,21,4,23,4,36,4,37,5,40,5,42,6,51,6,59,6,63,7,65,8,71,8,76,8,82,9,82
1322012,2022,174,38,2,48,2,57,2,64,2,80,3,84,3,94,3,105,3,115,3,128,3,145,3,160,3,181,3,186,5,198,7,203
1322276,2022,177,36,0,42,1,51,1,59,1,69,1,75,2,82,2,97,2,110,3,116,3,119,3,129,3,146,3,164,3,186,3,191
1322277,2022,178,44,1,46,2,49,2,55,2,61,2,74,2,82,2,89,2,105,2,120,2,129,2,135,3,147,4,149,6,155,9,160
1322334,2022,179,34,0,43,0,52,0,53,1,60,1,71,1,84,1,91,1,94,2,104,2,111,3,116,3,132,3,144,4,154,5,167
1322335,2022,179,35,1,42,1,46,1,51,1,62,1,70,1,77,2,82,2,88,3,92,3,114,3,125,3,130,3,137,4,142,7,147
1322336,2022,179,30,1,41,1,53,1,54,2,59,3,63,3,67,4,70,4,74,4,80,5,88,5,96,5,102,6,110,7,128,7,137
1322337,2022,179,32,1,42,1,48,1,55,2,62,2,65,3,67,4,72,4,75,4,80,5,91,5,104,5,110,5,117,5,128,5,130
1322338,2022,179,47,1,54,1,61,1,68,1,81,1,87,1,101,1,109,1,123,1,132,2,143,2,161,2,166,4,180,4,197,4,208
1322339,2022,179,35,1,41,2,44,2,61,2,73,2,80,2,89,2,96,2,104,2,118,2,129,3,138,3,152,3,161,3,170,4,173
1322340,2022,179,46,1,51,2,58,2,63,2,75,2,83,2,90,2,98,3,104,3,116,3,130,3,134,4,140,4,151,4,159,6,163
1322362,2023,180,65,2,72,3,76,3,84,3,94,3,99,3,110,3,120,3,133,3,143,3,151,3,167,3,171,4,176,5,178,5,196
1322363,2023,181,43,2,50,2,59,2,71,2,78,2,83,2,89,2,98,3,100,4,104,4,117,4,125,5,134,6,137,7,141,10,141
1322364,2023,182,38,0,48,0,56,0,66,0,75,0,78,1,89,1,107,1,116,1,123,2,133,2,146,2,158,3,168,4,179,5,182
1323295,2022,4,36,1,43,1,51,2,60,2,65,2,74,2,80,2,98,2,107,3,114,3,128,3,140,3,153,3,167,3,186,3,205
1323296,2022,4,20,4,26,4,32,5,38,5,41,5,46,5,52,5,55,5,67,5,75,5,87,5,94,5,105,5,113,6,123,7,135
1323297,2022,4,41,1,45,3,49,3,53,3,55,4,56,5,58,5,65,5,67,6,76,6,110,6,120,6,137,6,146,6,150,8,156
1323550,2022,183,21,2,34,2,37,2,39,4,49,4,69,4,73,4,83,4,91,4,107,4,118,4,128,5,135,5,139,7,149,8,152
1323551,2022,183,14,3,15,3,23,3,30,3,37,3,51,3,67,3,72,4,86,4,103,5,106,6,119,6,123,7,138,8,144,8,154
1323552,2022,183,26,3,31,3,41,3,54,3,70,3,85,3,96,3,109,3,124,3,134,4,148,4,159,4,174,4,187,4,198,4,206
1327228,2022,157,43,0,51,0,63,0,70,0,83,0,87,1,93,1,104,1,107,1,110,2,120,3,125,4,137,4,141,5,150,5,158
1327229,2022,157,42,0,48,2,53,2,62,2,66,2,80,2,93,2,96,3,103,4,114,4,133,4,151,4,160,5,172,5,180,5,199
1327230,2022,157,45,1,57,1,71,2,77,2,84,3,89,3,104,3,116,3,128,3,139,3,152,3,168,3,178,3,192,3,211,3,221
1327231,2022,157,42,0,52,0,59,0,71,0,74,0,82,0,92,0,98,1,104,1,113,1,120,1,130,1,137,1,146,1,152,2,166
1327232,2022,158,33,1,43,2,49,2,52,3,59,3,66,3,76,3,83,4,88,6,106,7,114,7,118,8,129,8,134,9,145,10,145
1327233,2022,158,32,2,40,2,48,2,58,2,63,3,70,3,79,3,89,3,97,3,108,3,113,4,127,4,136,5,141,5,150,5,169
1327234,2022,158,48,2,57,2,65,2,77,2,97,2,102,3,113,3,122,3,134,3,146,3,149,3,154,3,168,3,182,3,189,3,209
1327270,2022,16,30,1,43,2,51,2,59,2,63,2,68,2,76,2,87,2,90,3,96,3,103,5,111,5,114,6,124,7,136,9,147
1327272,2022,16,39,1,44,1,52,1,57,1,66,1,70,1,80,1,85,1,94,2,107,2,114,2,134,2,138,2,153,2,166,2,192
1327273,2022,16,47,1,55,1,59,2,63,3,70,3,85,3,88,4,91,4,103,4,109,4,123,4,138,4,147,5,159,6,166,7,183
1327274,2022,135,36,1,40,1,48,1,54,1,58,1,64,1,76,1,83,1,93,1,104,1,116,1,129,1,138,2,156,2,164,2,193
1327276,2022,16,54,0,62,1,71,2,79,2,88,2,93,3,101,3,105,3,118,3,126,4,135,5,140,5,148,5,164,5,171,6,181
1327277,2022,16,36,2,44,2,49,2,54,2,65,2,79,2,91,2,109,2,112,3,118,3,127,4,135,4,140,4,157,5,161,7,173
1327280,2022,16,37,1,49,1,53,1,60,1,62,1,66,2,74,3,78,3,80,3,84,4,91,6,95,7,102,7,110,8,121,9,121
1327281,2022,16,36,2,42,3,47,3,55,4,62,5,67,5,77,5,85,5,99,5,106,5,117,6,120,6,136,6,147,6,155,6,170
1327503,2022,184,35,2,46,2,56,2,69,2,79,2,86,2,91,2,103,3,119,3,131,4,141,4,148,5,160,5,176,5,187,6,208
1327505,2022,186,62,2,66,2,71,2,76,3,83,3,86,4,95,4,103,4,115,4,117,6,123,6,134,6,140,6,161,6,179,6,186
1327506,2022,187,26,5,30,5,35,5,42,6,42,6,48,6,49,6,50,6,59,6,61,6,63,6,72,7,79,7,83,7,100,7,106
1327507,2022,188,49,0,57,0,68,0,73,0,94,0,96,1,105,1,113,2,125,2,133,2,155,2,171,2,194,2,209,2,219,3,237
1327508,2022,189,38,1,48,1,61,1,68,1,83,1,96,1,114,1,119,1,132,2,145,2,154,2,169,2,177,2,192,2,203,2,227
1328470,2022,67,48,2,62,2,70,2,84,2,95,2,103,2,111,2,125,2,143,2,145,4,156,5,166,6,178,6,188,7,193,8,209
1328471,2022,67,38,1,45,1,51,2,55,3,61,3,65,3,74,3,76,3,80,3,89,3,105,3,114,3,129,3,133,3,143,3,153
1328473,2022,67,28,2,33,2,41,2,48,2,56,3,73,3,93,3,102,3,110,3,114,3,126,4,132,5,143,5,165,5,169,6,186
1328474,2022,190,21,1,34,2,41,2,47,3,51,3,55,3,58,3,66,3,69,3,76,3,82,4,88,5,97,5,114,5,115,7,130
1328476,2022,190,24,1,29,2,35,2,38,2,47,2,53,2,54,2,60,2,68,2,81,2,87,2,100,2,110,2,123,2,137,2,156
1328477,2022,190,20,0,23,0,25,1,30,2,32,3,35,3,39,3,44,3,46,5,54,6,63,6,74,6,78,7,90,7,100,8,101
1328478,2022,190,44,0,49,0,53,0,65,1,71,1,82,1,94,1,101,1,105,2,119,2,128,3,131,4,146,4,161,4,172,5,175
1328849,2022,67,29,2,40,2,46,2,53,2,61,2,72,2,74,3,81,4,84,5,88,5,95,5,108,6,117,6,125,7,134,7,148
1328850,2022,67,39,0,48,0,64,0,71,0,79,1,85,1,89,1,97,1,105,1,117,1,126,1,137,1,146,1,156,1,163,3,173
1328851,2022,67,43,1,58,1,67,2,74,2,81,2,95,3,100,3,105,4,108,5,111,5,124,5,137,5,140,5,142,7,147,7,160
1328852,2022,67,29,3,35,3,45,3,48,3,56,3,57,5,58,6,62,6,65,6,69,6,77,6,93,6,113,6,128,7,136,8,151
1328853,2022,67,25,1,31,3,36,3,41,4,43,4,52,4,56,4,63,5,67,5,73,6,81,6,83,7,91,7,94,7,97,9,104
1328854,2022,67,37,3,45,3,53,4,57,4,61,4,67,4,75,4,78,5,84,5,88,5,101,5,116,5,123,5,137,5,147,8,147
1332496,2022,191,20,1,26,1,28,2,32,2,41,2,45,2,51,3,56,3,56,5,60,6,62,7,67,7,76,7,85,7,98,7,103
1332497,2022,191,39,0,45,0,56,0,57,0,61,0,67,0,74,0,80,0,88,1,99,1,104,2,116,2,123,2,131,2,142,2,155
1332498,2022,191,29,1,33,1,43,2,50,2,59,2,68,2,71,3,76,3,85,3,108,3,120,4,127,4,138,4,140,5,146,6,154
1332501,2022,191,18,0,23,0,24,0,32,0,41,0,52,0,68,0,74,1,79,1,84,2,96,2,102,3,114,4,120,6,124,8,133
1332503,2022,191,31,1,32,2,38,3,44,3,52,3,63,3,66,4,76,4,84,4,89,4,96,4,110,4,125,4,140,4,149,6,162
1332504,2022,191,39,0,41,0,49,0,59,0,67,0,73,0,80,0,90,1,96,1,106,1,112,1,120,2,134,4,140,5,159,5,185
1332505,2022,191,39,3,45,3,53,3,66,3,74,3,77,3,88,3,96,3,111,3,126,3,130,3,135,3,147,4,153,5,163,5,170
1332507,2022,191,33,1,41,2,43,3,50,3,55,4,60,4,69,4,79,4,87,4,94,4,105,4,115,5,125,5,128,6,138,7,146
1332509,2022,191,37,0,45,0,52,0,57,0,59,0,65,0,69,1,74,1,81,1,89,3,100,3,107,3,113,4,130,5,140,5,146
1332510,2022,191,54,0,65,0,73,0,79,0,83,1,88,1,93,1,102,1,107,1,117,2,129,2,138,3,147,3,155,4,162,5,174
1333920,2022,192,48,1,60,1,65,3,69,3,71,3,75,3,83,3,93,3,107,3,114,3,117,4,122,5,128,5,132,6,141,7,142
1333921,2022,192,32,2,43,2,50,2,58,2,60,4,63,5,69,5,73,5,75,5,80,6,85,6,95,6,101,7,105,8,113,9,122
1333923,2022,192,41,1,48,2,53,2,57,3,68,3,70,3,75,3,95,3,99,3,105,3,112,3,116,3,120,3,130,3,138,4,142
1333924,2022,192,26,1,45,1,48,2,61,2,80,2,87,3,90,3,100,3,103,4,111,4,115,5,123,5,137,5,146,6,155,6,157
1333925,2022,192,42,0,46,0,55,1,69,1,72,3,77,3,87,4,91,4,100,4,111,4,118,4,127,4,136,4,147,4,153,5,167
1333926,2022,192,29,4,30,4,33,4,36,4,39,4,43,6,50,6,51,6,59,7,64,7,71,7,78,7,91,7,104,7,113,7,120
1333927,2022,192,34,0,34,1,38,1,41,2,52,2,57,2,67,2,70,3,75,3,80,4,93,4,102,6,113,7,115,8,133,8,147
1333928,2022,192,52,1,55,2,63,2,72,3,78,3,79,3,82,4,84,6,89,6,97,6,101,6,112,7,116,7,130,7,139,8,147
1333932,2022,193,21,3,28,3,31,3,35,3,44,3,53,3,57,3,58,4,61,4,70,5,75,6,78,8,79,10,79,10,79,10,79
1336031,2022,16,36,3,42,3,47,3,56,4,60,4,67,4,77,5,86,5,89,5,92,5,103,5,114,5,126,5,134,5,145,5,158
1336032,2022,16,39,1,48,1,57,1,65,1,72,2,83,2,91,3,95,3,102,3,113,3,126,4,131,4,137,5,148,5,155,5,169
1336048,2023,194,31,2,38,3,46,3,50,4,57,4,64,4,74,4,80,5,89,5,93,5,96,6,99,6,107,7,119,7,129,7,139
1336049,2023,106,39,0,40,1,44,2,48,2,60,2,76,2,81,2,95,2,118,2,132,2,140,2,153,2,170,2,181,4,185,4,198
1336050,2023,139,39,1,48,1,54,1,64,1,75,1,86,2,94,2,100,2,112,2,117,2,137,2,149,2,163,3,185,3,193,5,202
1336051,2023,104,56,0,63,0,67,1,76,1,84,1,92,1,99,1,108,2,126,2,128,3,137,3,140,5,149,5,158,6,171,6,175
1336952,2022,193,45,1,63,1,71,2,77,2,88,2,118,2,121,2,139,2,151,2,157,3,169,3,173,4,188,5,189,6,202,7,218
1336953,2022,193,21,2,24,3,36,3,37,3,40,3,44,3,45,4,50,4,59,4,60,4,65,5,67,6,78,7,80,8,83,10,83
1336955,2022,193,49,2,51,2,59,2,60,3,63,3,71,4,74,5,76,5,81,5,84,6,94,6,97,6,98,7,100,9,103,10,103
1336956,2022,193,26,0,38,0,43,0,47,1,48,3,59,3,67,3,73,3,78,3,83,3,85,4,85,5,87,5,91,6,94,6,98
1339205,2022,137,41,1,45,1,47,1,50,1,56,1,65,1,65,3,70,3,77,4,80,5,81,6,82,7,87,7,97,9,99,9,107
1339206,2022,137,38,1,58,1,64,1,83,1,88,1,94,1,94,3,100,3,105,3,110,3,115,4,120,4,126,4,133,4,140,5,146
1339207,2022,137,60,0,65,1,71,1,77,1,87,1,92,2,101,3,106,3,110,4,112,4,120,4,125,4,130,4,142,4,150,4,161
1339208,2022,137,27,0,35,0,41,0,48,1,54,1,56,2,61,2,64,2,72,2,78,3,88,3,95,3,109,3,113,4,118,6,131
1339209,2022,137,25,3,36,3,38,4,45,4,54,4,56,4,60,4,68,4,78,4,87,4,95,4,104,5,111,6,117,6,119,6,132
1339210,2022,137,31,1,40,1,43,1,48,1,55,1,64,2,70,2,83,2,89,2,95,2,100,3,104,3,115,3,129,3,142,3,160
1339605,2023,111,53,1,62,1,83,1,97,1,118,1,137,1,140,3,148,3,161,3,179,4,190,4,206,4,217,4,235,4,240,5,258
1339606,2023,110,56,2,61,2,80,2,89,2,100,3,108,4,117,5,130,5,141,6,145,6,153,7,163,8,168,8,177,8,194,8,220
1339614,2023,158,41,2,52,2,53,2,61,2,75,2,91,2,107,2,116,3,123,5,131,6,135,6,143,6,157,6,160,7,172,8,182
1339615,2023,158,49,0,59,0,76,0,80,0,93,0,98,0,99,2,103,3,106,4,115,4,127,4,136,4,146,4,164,4,174,4,192
1339616,2023,158,26,1,35,1,45,1,56,1,57,2,64,2,71,2,86,2,102,2,107,2,112,2,123,3,130,4,144,4,154,5,163
1339618,2023,99,44,0,51,2,55,3,63,3,67,3,80,3,86,3,97,3,112,3,123,4,132,4,147,4,165,4,174,4,181,4,193
1343740,2022,131,30,0,36,0,40,1,43,1,48,1,56,2,63,3,69,3,73,3,80,3,81,5,91,6,95,8,100,8,103,9,106
1343741,2022,153,35,2,41,3,51,3,57,3,73,3,75,3,82,3,87,3,89,4,94,4,99,4,108,4,116,4,122,6,130,6,138
1343744,2022,131,32,0,42,0,47,0,51,1,54,1,65,2,69,2,79,2,85,2,89,3,97,4,108,4,112,6,117,6,122,7,130
1343746,2022,131,64,1,72,1,75,1,78,1,90,2,97,2,105,2,118,2,129,2,145,3,148,4,165,4,180,4,187,5,196,6,209
1343747,2022,153,30,1,40,1,46,1,58,1,61,1,69,2,75,2,84,2,88,2,100,3,110,3,121,3,140,3,147,3,151,3,162
1343750,2022,131,23,3,33,3,35,3,39,3,42,3,44,3,46,4,49,5,50,6,54,7,56,7,57,7,73,8,77,8,82,9,87
1343753,2022,153,47,0,62,0,69,0,77,0,87,1,95,1,104,1,113,2,125,2,136,3,149,3,161,3,177,3,192,4,218,5,237
1343762,2022,131,25,2,28,2,34,2,35,2,39,2,42,3,44,4,49,4,51,4,57,5,64,5,71,5,79,5,98,5,106,5,116
1343764,2022,131,23,1,23,2,26,2,28,2,31,2,38,2,46,2,53,2,59,2,65,2,69,2,78,2,82,4,85,6,90,7,94
1343767,2022,153,50,0,60,1,64,1,71,1,82,1,91,3,103,3,119,4,131,4,135,4,141,4,143,5,155,5,162,5,181,6,192
1343770,2022,131,19,2,22,2,24,3,27,4,30,4,33,4,33,4,39,4,46,4,49,6,53,7,67,7,68,8,74,8,78,8,86
1343771,2022,153,22,3,24,3,28,4,30,4,37,4,47,4,60,4,67,4,78,5,84,6,91,6,97,7,104,7,107,7,115,8,122
1343772,2022,131,15,4,15,6,16,6,17,6,22,6,26,6,33,6,35,6,39,7,40,8,43,8,45,8,49,8,55,9,62,9,62
1343773,2022,153,36,2,46,2,53,2,56,2,58,3,66,4,71,5,75,6,80,6,85,6,89,8,96,8,105,8,111,8,111,10,111
1343774,2022,131,38,0,50,1,52,1,62,1,72,2,80,3,83,3,90,4,93,6,99,6,108,6,114,6,130,6,136,6,138,7,146
1343775,2022,153,36,1,46,1,51,1,60,1,66,1,73,1,79,1,82,1,95,1,105,1,108,2,114,3,119,3,125,3,136,3,150
1343776,2022,131,28,2,41,2,46,3,47,4,55,4,72,4,80,4,86,5,91,6,91,7,93,8,93,9,95,10,95,10,95,10,95
1343777,2022,153,60,0,66,0,74,0,81,1,91,1,97,1,104,1,107,1,119,1,128,1,138,3,151,3,171,4,186,5,207,5,221
1343778,2022,131,30,1,34,1,36,2,38,3,41,4,45,5,46,6,52,6,57,6,66,6,74,6,90,6,102,6,111,6,112,7,121
1343782,2022,131,21,1,25,1,32,1,35,1,38,2,41,4,43,4,45,6,48,6,51,6,55,6,58,7,62,8,66,8,70,8,72
1343783,2022,153,24,2,31,2,43,2,45,2,48,2,57,2,66,2,71,2,78,2,89,3,97,3,103,3,109,6,116,6,119,7,135
1343784,2022,131,46,1,61,1,68,1,78,1,92,1,101,2,109,2,114,2,127,2,140,3,151,4,152,5,163,5,170,6,182,7,186
1343785,2022,153,19,2,21,2,22,2,29,2,32,2,35,2,38,2,46,3,50,3,55,3,60,5,65,6,69,7,74,7,77,8,81
1343786,2022,131,21,1,24,1,25,2,26,2,33,3,33,5,42,5,46,5,49,5,51,6,55,6,57,8,58,9,59,10,59,10,59
1343788,2022,131,37,1,45,1,58,1,61,1,69,1,75,1,82,1,88,1,98,2,106,2,121,2,138,2,164,2,175,2,195,2,215
1343790,2022,131,40,2,43,2,50,3,53,4,55,4,58,5,60,6,64,6,70,6,74,6,77,6,80,6,84,6,94,8,98,9,101
1343791,2022,153,21,1,25,1,30,1,35,1,48,1,54,1,58,1,67,1,73,2,78,2,85,2,105,2,112,3,116,4,122,5,127
1343793,2022,153,35,1,36,3,39,3,43,3,49,5,53,5,59,5,62,6,66,7,69,7,76,7,85,7,92,8,96,8,106,8,115
1343794,2022,131,24,2,26,2,38,2,42,2,46,3,49,3,55,3,62,3,83,3,92,4,93,7,101,7,103,7,112,7,122,7,127
1343795,2022,153,67,0,77,1,85,2,98,2,103,3,110,3,115,3,126,3,133,3,138,4,152,4,169,4,177,4,186,5,200,5,218
1344782,2022,67,21,3,22,4,26,4,29,4,34,4,38,4,40,5,46,5,48,5,51,5,55,6,58,6,65,7,70,8,77,8,86
1344783,2022,67,33,2,47,2,51,2,59,3,68,3,81,3,90,3,98,3,109,3,116,4,121,4,138,4,160,4,170,4,181,5,195
1344784,2022,67,57,0,60,1,72,1,81,1,85,1,90,1,96,1,111,1,120,1,123,1,129,2,137,2,155,3,160,4,179,5,194
1344785,2022,67,24,1,29,2,37,3,40,4,45,4,50,4,57,4,66,5,73,5,83,5,98,5,101,6,106,7,110,8,128,8,134
1344786,2022,67,34,2,41,2,48,2,54,2,59,2,72,2,87,2,96,3,107,3,117,3,123,3,132,4,139,4,156,4,163,4,170
1344787,2022,67,36,0,52,0,55,0,63,0,64,0,80,0,80,0,93,0,98,0,114,0,122,0,142,0,149,1,157,1,178,1,191
1344788,2022,67,31,1,38,2,43,2,45,2,57,2,62,2,65,3,72,3,75,4,79,5,82,6,85,6,86,6,103,6,107,7,114
1344789,2022,67,18,3,29,3,32,4,36,4,45,4,58,4,68,4,71,4,77,4,84,4,96,5,109,5,119,5,131,5,147,5,160
1344790,2022,67,30,2,32,2,36,2,39,2,46,3,50,3,58,3,71,3,84,3,97,3,101,4,112,4,120,5,139,5,150,6,171
1344791,2022,67,41,1,53,2,62,2,71,2,82,3,88,3,94,3,107,3,117,3,129,3,139,4,149,4,163,4,184,4,207,4,220
1344792,2022,67,21,2,34,2,40,2,52,2,59,2,70,2,85,2,88,2,100,2,113,3,119,5,123,5,135,5,138,6,153,6,169
1344793,2022,67,30,4,35,5,39,5,40,6,45,6,50,6,58,6,62,7,71,7,71,7,78,7,86,7,90,8,106,9,109,9,112
1344794,2022,67,20,2,34,2,41,3,48,3,51,4,62,4,73,5,77,5,80,6,90,6,97,6,102,6,109,6,126,6,142,6,155
1344795,2022,67,18,3,21,3,24,4,32,4,43,4,52,5,55,5,59,5,65,6,74,7,76,8,77,8,98,8,102,8,121,8,137
1348323,2023,4,20,2,28,3,33,3,38,3,41,4,45,4,59,5,61,5,70,5,71,7,78,8,85,8,94,8,105,8,114,9,114
1348324,2023,4,45,1,54,2,60,2,63,3,69,3,73,3,86,3,94,4,98,4,110,4,115,4,118,6,123,6,131,6,138,8,144
1348325,2023,4,32,3,39,3,46,3,54,3,63,3,67,3,72,3,79,3,88,3,93,4,97,5,106,6,117,6,125,6,131,7,141
1348640,2023,195,38,1,41,2,47,3,58,3,64,3,75,3,78,4,86,4,91,4,94,4,101,5,118,5,128,5,134,5,149,5,162
1348641,2023,196,49,0,55,0,67,0,80,0,83,1,89,2,94,2,98,3,107,3,113,4,129,4,138,6,147,6,168,6,186,6,206
1348642,2023,149,39,1,53,2,63,2,77,2,85,2,92,2,104,2,113,2,131,2,154,2,164,3,178,4,194,5,200,5,216,5,228
1348649,2023,142,43,2,47,2,54,2,70,2,73,2,79,2,86,2,96,2,104,3,115,3,117,3,123,3,139,3,141,5,149,6,176
1348650,2023,144,29,2,33,2,35,3,40,3,45,3,48,4,54,4,58,4,62,5,67,5,71,5,76,5,80,6,83,8,94,8,99
1348651,2023,197,44,1,58,1,69,1,81,1,94,2,102,2,112,2,118,2,131,3,144,3,156,3,170,3,193,3,211,3,228,3,234
1349126,2022,198,53,1,73,2,76,3,92,4,100,5,116,5,124,6,130,6,132,6,134,7,148,7,151,8,154,8,161,9,172,9,185
1349128,2022,198,43,1,54,1,64,2,67,3,77,3,84,5,89,5,100,5,111,5,116,6,121,7,132,7,141,7,146,8,157,9,168
1349129,2022,198,46,2,59,2,65,3,66,4,72,4,80,4,90,4,97,4,109,4,121,4,128,6,135,6,147,6,157,6,165,7,169
1349133,2022,198,36,2,38,2,42,2,47,2,51,3,58,3,60,3,66,3,74,3,77,3,85,3,92,3,98,5,102,7,115,7,118
1349134,2022,198,65,1,66,3,70,3,77,3,91,3,93,4,99,5,101,5,108,7,110,7,123,7,126,7,128,9,132,10,132,10,132
1349136,2022,198,36,1,41,1,50,1,53,1,54,1,61,1,78,1,83,2,90,4,93,4,93,5,103,6,107,6,110,8,121,8,134
1349137,2022,198,19,2,26,2,29,4,30,4,31,5,32,5,37,5,40,5,44,6,59,6,61,8,66,8,67,9,67,10,67,10,67
1349138,2022,198,40,3,46,3,48,3,50,3,54,3,62,3,63,4,66,4,71,4,75,4,84,4,93,4,107,5,109,6,121,8,136
1349139,2022,198,58,2,64,2,67,2,76,2,83,2,92,2,103,2,110,3,113,3,123,3,130,3,143,3,151,5,160,5,169,5,183
1349140,2022,198,28,4,37,5,41,5,44,5,48,5,54,6,57,6,63,6,67,7,84,7,88,8,93,9,95,9,100,9,107,9,108
1349379,2022,176,30,3,30,4,35,4,39,4,48,4,56,5,62,5,72,5,77,6,87,6,91,6,97,6,102,7,111,7,115,7,130
1349380,2022,176,29,3,38,4,42,5,46,6,49,6,52,6,57,6,66,6,71,6,74,6,78,6,85,6,91,6,106,6,114,8,126
1349382,2022,176,43,2,48,2,53,3,57,3,65,3,70,4,75,4,90,4,98,5,108,5,113,5,128,5,132,6,139,8,149,8,164
1349383,2022,176,45,0,55,1,62,1,64,1,74,1,84,1,89,1,109,1,118,1,125,2,138,3,150,3,155,3,172,3,187,3,207
1349384,2022,176,37,3,44,3,50,3,52,3,57,3,62,3,72,3,82,3,91,3,95,4,101,4,107,5,117,5,125,5,129,5,140
1349385,2022,176,22,2,34,2,42,2,47,3,50,3,58,3,66,3,72,3,86,3,94,3,99,4,109,4,130,4,145,4,157,5,179
1349386,2022,176,39,0,45,0,58,0,62,0,72,0,93,0,111,0,114,1,120,1,123,2,133,3,142,3,154,3,156,6,163,6,168
1349388,2022,176,44,1,53,1,57,2,75,2,86,2,111,2,120,2,135,2,148,3,159,3,164,3,174,3,184,3,201,3,213,3,223
1349391,2022,176,45,0,50,1,58,1,62,2,77,2,85,3,88,3,96,3,108,3,115,4,122,4,129,4,140,5,145,5,149,8,153
1351400,2023,199,44,0,51,0,55,0,60,0,68,0,80,1,84,1,89,2,106,2,115,2,126,2,135,3,136,4,143,4,147,5,156
1351401,2023,45,37,1,50,1,51,2,55,3,57,4,63,4,67,4,76,4,84,4,91,4,92,6,95,6,100,7,105,7,114,7,117
1351402,2023,45,38,0,46,0,53,0,56,1,65,1,77,1,89,1,98,1,108,1,122,1,131,1,136,1,139,2,144,2,154,2,158
1354800,2023,91,20,1,22,1,28,1,38,1,39,2,46,3,53,4,56,6,60,7,64,8,66,9,66,10,66,10,66,10,66,10,66
1354801,2023,91,9,3,21,3,24,4,34,4,36,4,40,4,46,5,56,5,66,5,76,5,79,5,88,5,101,5,104,7,107,8,116
1354802,2023,91,20,1,32,1,34,1,41,1,43,2,50,2,62,2,72,2,73,3,77,4,92,4,97,6,106,6,121,6,124,6,132
1355722,2023,199,36,3,41,4,47,5,52,5,61,5,64,7,68,7,75,7,80,7,89,7,94,7,101,8,104,9,111,9,123,9,124
1359786,2023,200,33,3,40,3,42,3,42,3,44,4,47,4,48,5,54,5,55,6,66,6,70,6,73,7,77,9,77,10,77,10,77
1359787,2023,201,51,0,60,0,66,0,79,1,92,1,95,2,113,2,122,2,134,2,142,2,158,2,162,2,194,2,205,3,218,3,226
1359788,2023,200,33,1,36,1,55,1,64,1,67,1,72,1,75,2,79,3,83,3,85,4,94,4,101,4,108,5,121,5,123,8,125
1359789,2023,201,61,0,63,0,66,0,80,0,87,0,92,0,108,0,117,0,126,0,136,0,144,0,156,0,167,0,179,0,184,1,196
1359792,2023,202,21,3,21,5,32,5,35,5,42,5,45,5,53,5,56,6,63,6,70,6,74,7,79,7,85,7,88,7,95,8,101
1359793,2023,201,44,1,57,1,64,1,75,1,79,1,83,1,97,1,111,1,123,2,127,2,133,2,151,2,164,2,179,2,194,2,220
1359794,2023,202,22,0,25,0,34,0,40,0,44,0,51,0,67,0,75,0,84,1,92,2,97,2,98,4,114,5,125,5,137,6,139
1359795,2023,200,57,0,69,0,77,0,80,1,86,1,93,2,96,2,97,2,103,2,111,2,120,2,129,2,136,2,153,3,165,3,173
1359798,2023,200,40,0,40,1,44,2,49,2,54,3,59,3,61,4,65,4,68,4,77,4,92,4,94,4,94,7,103,7,110,7,117
1359799,2023,202,36,2,40,2,46,2,49,3,59,3,62,3,72,3,79,4,86,4,91,5,101,5,106,5,114,5,123,5,130,6,138
1359800,2023,202,10,3,13,4,18,4,19,5,19,6,24,6,34,7,36,7,42,7,49,8,53,8,56,9,58,9,62,9,69,9,73
1359802,2023,201,18,1,31,1,39,1,44,2,52,2,58,2,63,2,68,2,72,3,78,3,90,3,96,5,102,5,108,5,115,6,125
1361770,2023,203,37,2,39,3,49,3,56,3,60,4,63,4,70,4,78,4,81,4,85,5,104,5,113,6,117,6,124,6,146,7,158
1361771,2023,203,38,0,47,0,51,1,55,1,62,1,66,1,73,2,78,2,84,3,89,4,95,4,101,4,116,4,126,4,144,4,153
1361772,2023,203,48,1,57,1,68,1,75,2,86,2,96,3,105,3,122,3,134,3,147,3,154,3,160,4,167,4,174,5,183,5,200
1361773,2023,203,46,3,59,3,67,3,70,4,77,4,81,4,88,4,91,4,102,4,110,4,116,4,123,5,130,5,140,5,150,6,161
1361774,2023,203,31,0,40,0,42,1,45,1,53,2,58,2,59,3,68,3,74,4,82,5,90,5,105,6,118,6,125,6,149,6,156
1361775,2023,203,22,4,25,4,30,5,33,5,35,5,38,5,43,5,48,5,61,5,63,6,73,6,84,6,88,7,92,9,95,10,95
1361776,2023,203,24,3,37,3,40,3,42,4,44,4,49,4,61,4,63,4,66,5,67,5,90,5,93,5,100,5,111,6,130,7,135
1362242,2023,203,37,0,47,0,53,0,69,0,77,0,80,1,88,2,92,2,96,3,99,3,109,4,121,4,142,4,159,4,173,5,182
1367722,2023,204,63,0,76,0,79,1,93,1,98,1,103,1,109,2,124,2,131,3,138,3,149,3,162,5,169,5,185,5,193,5,208
1367723,2023,204,34,1,38,1,46,1,52,1,56,1,73,1,76,1,91,1,94,1,108,1,115,1,128,2,136,3,143,4,156,4,166
1367724,2023,204,29,1,33,2,34,3,44,3,52,3,55,4,58,4,71,4,75,4,79,4,84,4,89,5,98,5,107,6,120,7,128
1367725,2023,205,30,3,37,3,54,3,64,4,70,5,74,6,77,6,83,6,91,6,99,6,102,6,126,6,149,6,161,6,168,7,171
1367726,2023,205,33,0,38,2,46,2,58,2,65,2,68,3,73,3,88,3,100,4,105,4,111,4,123,5,135,5,140,5,153,6,160
1367727,2023,205,38,0,44,0,49,1,55,1,58,1,66,2,72,2,87,2,99,2,113,2,126,2,137,2,162,2,166,3,172,4,176
1367728,2023,205,36,1,39,1,44,1,45,1,49,1,50,3,52,4,53,4,58,4,60,4,64,4,68,5,73,6,81,7,85,7,90
1367729,2023,205,22,2,30,2,37,3,43,3,58,3,62,3,74,3,84,4,94,4,102,4,104,5,121,6,126,7,135,7,152,9,162
1367730,2023,205,37,0,53,0,60,0,68,0,69,1,76,3,86,3,91,3,101,3,109,4,113,4,118,5,126,5,129,7,134,7,143
1367731,2023,205,25,1,33,1,42,1,47,1,61,1,70,2,79,3,84,3,91,4,100,5,104,6,116,6,121,7,125,7,134,7,165
1367732,2023,205,19,2,23,2,26,2,36,2,45,2,51,2,58,3,66,3,74,4,80,4,81,4,93,5,104,5,107,5,110,5,124
1367733,2023,205,26,1,32,2,35,2,41,3,48,3,56,3,59,3,77,3,89,3,98,3,113,3,123,3,128,3,137,3,142,4,156
1370782,2023,129,21,1,29,1,32,1,38,1,41,2,47,2,50,3,56,3,60,3,67,3,70,3,77,3,80,4,84,5,93,5,99
1370783,2023,129,41,2,49,2,57,2,77,2,85,2,92,3,97,3,106,3,116,3,121,3,129,3,132,4,142,4,153,4,165,4,175
1370785,2023,129,27,3,35,3,36,4,46,4,54,4,61,4,64,4,72,4,81,5,85,6,90,7,92,9,96,9,103,9,108,9,109
1370787,2023,129,17,1,21,1,22,2,30,2,32,3,34,3,43,3,50,3,61,3,68,3,68,4,70,6,73,7,75,9,84,9,92
1370790,2023,206,50,1,55,1,60,2,63,3,64,4,77,5,79,6,84,6,94,6,97,7,100,7,101,8,102,10,102,10,102,10,102
1370791,2023,206,22,5,30,5,38,5,43,5,47,5,50,5,51,6,68,6,74,8,79,8,85,8,91,8,92,9,96,10,96,10,96
1373568,2023,207,70,2,70,3,77,4,84,4,92,4,100,4,111,4,127,4,144,4,154,4,167,4,179,5,192,5,204,5,215,6,226
1373569,2023,207,46,2,46,4,53,4,56,4,65,4,75,4,87,4,96,4,102,5,107,6,115,6,126,6,139,6,147,7,154,8,164
1373570,2023,207,41,2,51,2,56,2,70,3,82,3,98,3,106,3,114,3,122,4,122,6,132,6,138,6,154,6,176,6,179,7,190
1373579,2023,115,51,0,77,0,80,1,85,1,103,2,112,2,118,3,123,4,129,4,135,5,139,5,148,5,165,5,167,6,169,8,171
1373580,2023,120,37,0,48,1,50,2,54,3,55,4,63,4,68,4,72,4,89,4,101,4,104,4,134,5,152,5,156,5,165,5,176
1373581,2023,120,47,2,52,2,61,2,62,3,73,3,81,3,97,3,115,3,120,4,126,4,135,4,143,4,168,4,183,5,204,6,222
1373582,2023,168,58,0,68,0,80,0,91,0,112,0,119,1,142,1,158,1,172,1,175,2,183,2,204,2,218,2,238,2,250,3,267
1373583,2023,168,39,2,50,2,61,3,70,3,73,4,77,4,80,4,90,4,102,4,109,4,111,5,120,5,121,6,125,6,129,8,132
1375850,2024,161,63,0,77,0,85,0,93,1,99,1,110,1,116,1,129,1,138,3,147,4,152,4,160,5,173,5,190,5,203,5,213
1375851,2024,2,53,1,58,2,68,3,78,3,87,3,99,3,117,3,131,3,143,3,148,4,164,4,173,4,183,4,199,4,216,4,241
1375852,2024,71,45,3,55,3,62,3,73,4,80,5,92,5,110,5,113,5,122,5,130,5,136,5,150,5,165,5,179,5,207,5,220
1377727,2023,16,48,1,51,2,60,2,64,4,67,4,73,4,78,4,85,4,88,5,101,5,108,5,114,6,121,6,130,6,140,6,155
1377728,2023,16,29,3,37,3,41,4,45,4,50,4,58,4,60,4,68,5,75,5,92,5,97,5,114,5,119,6,126,7,134,7,142
1377729,2023,16,35,2,38,2,45,2,49,2,55,2,68,2,79,2,91,2,97,2,115,2,119,3,132,3,142,4,148,4,154,4,166
1379575,2023,190,22,2,24,2,26,2,31,2,37,2,42,2,50,2,50,4,53,4,54,4,55,5,58,5,62,7,63,9,64,10,64
1379576,2023,190,33,2,39,3,42,3,48,3,52,3,55,3,59,3,68,3,70,3,76,4,82,4,87,6,89,7,93,7,96,8,99
1379577,2023,190,30,0,45,0,48,0,62,0,72,0,80,0,80,1,89,1,97,2,109,2,113,2,120,2,130,2,153,2,167,2,185
1379578,2023,190,22,2,26,3,31,3,33,3,38,4,44,4,45,4,54,4,56,5,60,5,66,5,69,7,76,9,81,9,81,10,81
1379579,2023,190,32,1,34,1,37,3,41,3,44,4,53,4,55,5,60,5,67,6,74,6,77,6,81,6,83,7,88,8,92,8,98
1379580,2023,190,22,1,25,1,26,3,27,5,33,5,35,5,51,5,55,5,57,7,66,7,68,8,73,8,76,8,81,8,84,8,92
1379581,2023,190,24,2,25,2,28,3,35,3,38,3,46,4,53,4,58,5,63,5,69,5,80,5,90,5,103,5,107,5,113,7,117
1379582,2023,190,26,1,33,2,35,3,41,3,43,3,56,3,59,3,65,3,73,3,80,3,82,5,86,8,89,8,92,9,92,10,92
1379583,2023,190,48,0,58,0,60,1,69,2,74,2,79,3,84,3,93,4,99,4,100,4,108,4,113,4,123,5,134,6,145,7,153
1379584,2023,190,33,1,42,1,42,3,45,4,47,4,56,4,58,4,60,5,63,7,65,7,69,7,71,7,74,7,76,7,79,8,85
1379585,2023,190,37,0,41,0,48,0,54,0,61,0,65,0,75,0,76,2,84,3,89,3,98,3,104,3,113,4,114,4,121,4,131
1379586,2023,190,48,2,52,2,57,3,66,3,71,3,78,3,88,3,93,3,106,4,112,5,124,5,131,5,141,5,143,8,152,9,158
1379587,2023,190,31,1,33,2,35,2,40,2,52,2,62,3,64,3,72,3,80,3,92,3,101,3,111,4,117,4,128,4,142,4,153
1379589,2023,190,44,2,54,2,65,2,69,2,79,3,92,3,94,4,105,4,112,4,120,4,127,4,137,5,148,6,159,6,163,6,175
1379590,2023,190,57,0,64,0,68,1,72,1,77,1,88,1,92,1,97,1,101,1,113,2,115,3,120,4,124,5,129,7,136,7,145
1379592,2023,190,18,4,20,4,22,4,32,4,35,5,40,5,47,5,60,5,64,6,79,6,89,6,92,6,99,7,113,7,120,8,125
1380583,2023,126,45,2,54,2,65,2,66,2,68,3,71,3,74,3,84,3,89,4,108,4,126,4,139,5,143,6,157,6,160,9,164
1380584,2023,126,33,2,42,2,45,3,56,3,64,3,71,3,74,3,77,4,78,4,93,4,101,5,108,5,118,5,127,5,134,8,148
1380586,2023,123,31,1,43,1,57,1,66,1,73,1,83,1,93,1,105,2,112,2,119,2,129,2,131,3,138,3,145,4,151,4,169
1380587,2023,123,36,1,39,2,44,3,46,4,48,5,56,5,59,5,70,5,75,5,86,5,89,6,97,6,109,7,118,7,124,8,138
1381217,2023,168,40,2,54,2,57,2,61,3,63,3,69,3,80,3,87,3,92,3,96,3,107,4,115,4,128,4,134,4,140,6,149
1381218,2023,82,28,2,34,2,37,2,49,2,53,2,65,3,76,3,79,4,85,4,94,4,106,4,115,5,120,5,129,6,139,6,152
1381219,2023,82,32,0,38,0,50,0,56,1,67,1,73,1,76,2,80,2,93,2,105,2,106,4,113,4,123,4,131,5,148,5,159
1381220,2023,159,48,1,55,2,57,4,62,4,65,4,79,4,88,4,102,4,106,5,112,5,121,6,132,7,144,7,153,7,161,7,178
1381221,2023,159,32,2,51,2,60,2,67,3,78,3,86,3,89,4,94,4,97,4,102,4,112,4,123,4,133,5,141,6,149,8,165
1381451,2023,208,22,2,29,2,41,2,52,2,67,2,70,3,74,4,78,5,81,6,89,6,95,7,98,7,101,7,105,8,109,8,114
1381452,2023,208,26,1,32,1,40,1,46,1,51,2,61,3,63,4,71,4,75,5,78,5,80,6,85,6,90,7,102,7,111,7,121
1381453,2023,124,46,0,52,0,61,0,83,0,93,0,100,0,115,0,121,0,137,1,143,3,148,4,154,5,167,5,171,6,180,6,181
1381455,2023,124,33,1,35,2,37,2,49,2,54,3,58,3,63,4,81,4,94,5,100,5,107,6,122,6,137,6,146,7,159,7,166
1381456,2023,124,26,3,41,3,46,6,53,6,54,6,55,7,57,7,62,7,66,7,67,7,69,7,71,7,76,7,77,7,77,8,83
1381457,2023,124,22,3,24,3,24,3,26,3,31,4,43,4,46,4,55,5,56,6,58,6,59,6,69,6,69,6,70,9,76,9,76
1381458,2023,124,43,2,53,3,59,3,68,4,75,4,97,4,102,6,107,6,118,6,120,6,121,6,131,7,139,7,139,8,145,8,147
1383068,2023,133,34,2,34,3,36,3,48,3,51,4,55,6,58,6,65,6,74,6,76,6,77,7,81,7,87,8,91,9,94,9,104
1383069,2023,209,29,2,35,2,40,2,46,3,51,3,59,3,74,3,80,3,93,3,102,3,107,3,111,3,128,4,137,4,149,6,158
1383070,2023,209,48,0,65,0,74,1,89,1,104,1,109,1,119,2,128,3,136,3,150,4,163,4,174,4,187,4,205,4,227,4,234
1383071,2023,133,36,3,43,3,50,4,54,4,58,4,59,4,65,5,69,5,81,5,83,6,88,7,101,7,109,7,117,8,120,8,122
1383072,2023,209,31,2,34,3,37,4,41,4,47,4,50,5,53,5,54,6,60,6,67,6,71,7,73,8,78,8,82,9,83,10,83
1383073,2023,133,39,2,43,2,50,3,59,3,64,3,68,4,75,4,82,4,86,5,92,6,104,6,107,6,115,6,125,6,134,6,149
1383074,2023,133,61,1,75,1,82,1,90,1,95,2,101,2,112,2,126,2,136,2,143,3,158,3,175,3,186,3,201,3,209,3,226
1383075,2023,209,34,0,54,0,67,0,71,0,73,2,82,2,92,2,99,2,105,2,109,4,119,4,132,4,148,5,155,6,161,7,183
1383076,2023,133,24,2,30,2,37,2,45,2,50,2,59,2,69,2,82,3,89,3,97,4,105,4,109,4,111,6,116,6,117,8,124
1383077,2023,133,55,0,62,1,66,1,79,1,97,1,109,1,129,1,151,1,156,1,161,1,177,1,193,1,212,1,230,1,238,2,245
1383078,2023,209,31,3,33,3,40,3,45,3,47,3,55,3,57,3,64,3,67,4,71,4,74,4,82,5,86,6,89,7,97,7,97
1383079,2023,209,17,4,23,4,25,5,29,5,33,5,46,5,49,6,55,6,58,7,62,8,63,8,67,8,68,9,69,9,71,9,78
1383080,2023,133,31,2,37,2,48,2,57,3,62,3,65,3,76,3,84,3,91,3,105,3,110,3,117,4,126,5,137,5,142,6,150
1383081,2023,209,70,0,88,0,96,1,108,1,113,1,118,1,123,1,136,1,141,1,165,1,177,1,184,1,190,2,209,2,224,2,232
1383082,2023,133,41,1,47,1,59,1,72,1,89,1,96,1,102,1,114,2,120,2,127,2,137,2,152,3,163,4,173,5,183,5,190
1383086,2023,133,53,0,68,0,73,1,77,1,81,1,84,1,95,2,99,2,102,3,108,3,110,6,116,6,123,7,130,7,136,8,141
1383087,2023,209,66,1,73,1,79,2,83,3,86,3,98,3,104,3,108,3,116,3,122,3,130,4,142,6,145,6,152,6,154,9,159
1383088,2023,133,42,2,49,2,71,2,83,2,98,2,111,2,122,2,130,2,138,3,151,3,165,4,173,4,180,4,198,4,204,4,213
1383089,2023,210,27,1,31,1,36,1,47,1,58,1,69,1,79,1,86,1,92,1,94,3,107,3,119,4,126,5,136,5,153,5,166
1383090,2023,210,12,1,22,1,26,2,28,3,29,4,31,5,34,5,35,5,38,5,42,5,51,5,52,6,57,7,62,7,63,8,71
1383091,2023,210,27,3,31,3,36,3,41,3,43,3,52,3,54,4,65,4,71,4,77,4,94,4,113,4,117,6,123,8,128,9,131
1383093,2023,210,21,4,29,4,33,4,39,4,46,4,46,5,58,5,59,5,63,5,63,6,70,6,77,6,80,6,89,7,94,9,97
1383094,2023,210,19,3,23,4,26,4,28,6,30,6,38,6,40,6,44,6,51,6,58,6,60,7,63,7,68,8,74,8,81,8,87
1383095,2023,210,40,1,44,1,49,2,54,2,58,2,64,2,66,3,72,4,82,4,92,4,100,4,111,4,116,6,122,6,137,6,148
1383096,2023,210,13,1,25,1,30,1,35,1,40,2,49,3,55,3,63,4,71,4,77,4,87,4,91,5,103,5,107,6,120,7,127
1383097,2023,210,41,2,51,2,57,2,59,2,66,2,71,2,84,2,91,2,91,3,98,3,100,4,109,4,115,5,121,5,133,6,136
1383098,2023,210,56,0,63,0,76,0,91,0,101,0,115,0,123,1,129,1,140,2,150,2,158,2,167,2,182,2,196,2,216,4,229
1383099,2023,210,28,2,32,2,42,2,46,2,51,3,53,4,56,4,60,5,64,6,69,6,74,7,76,7,88,8,93,9,94,10,94
1383100,2023,210,27,4,29,4,39,5,41,5,47,5,53,5,55,5,60,5,63,5,72,5,75,5,86,5,89,6,97,6,100,7,106
1383102,2023,211,22,1,28,1,32,1,40,2,44,3,49,3,50,3,56,3,59,4,60,5,66,5,74,5,78,7,90,8,97,8,105
1383104,2023,211,44,1,57,1,74,1,82,1,84,2,98,3,107,3,120,3,131,3,138,3,143,4,145,5,152,5,157,5,168,6,180
1383105,2023,211,16,2,24,2,30,2,37,3,40,3,51,3,56,3,62,4,70,4,84,4,91,4,103,5,110,5,121,5,133,5,140
1383106,2023,211,33,0,49,0,58,0,68,0,75,0,87,0,89,1,96,1,99,2,101,2,105,2,116,2,125,2,135,2,149,3,161
1383107,2023,211,61,2,62,2,77,2,85,2,94,2,102,2,108,2,123,2,139,2,152,2,160,4,166,5,177,5,186,5,207,5,219
1383108,2023,211,23,0,29,0,34,0,38,1,40,3,43,4,45,5,53,5,61,5,64,6,68,6,73,7,76,8,80,9,83,10,83
1383109,2023,211,19,2,24,2,28,3,29,3,30,3,31,4,37,4,45,4,50,4,52,4,55,4,59,5,61,5,65,6,71,6,77
1383110,2023,211,27,1,31,1,38,1,42,2,48,2,54,2,60,3,67,4,73,7,75,8,80,8,85,8,92,8,93,9,93,10,93
1384582,2023,125,21,4,33,4,37,4,46,4,49,5,59,5,66,6,70,6,76,7,83,7,89,7,97,7,101,8,105,8,114,9,115
1384583,2023,125,46,0,55,1,56,1,61,1,74,1,81,2,86,5,94,5,95,5,98,5,101,6,108,7,111,7,117,7,117,9,125
1384584,2023,125,42,1,48,2,59,2,68,2,76,2,86,2,99,2,110,2,119,2,124,3,129,4,138,5,157,5,161,6,167,7,179
1384585,2023,125,40,0,46,0,57,1,64,1,74,1,87,1,101,1,109,1,121,1,125,1,133,2,140,2,149,3,158,3,166,4,177
1384586,2023,125,21,2,26,2,31,2,34,2,53,2,60,2,69,3,73,4,78,4,87,4,95,4,104,4,118,4,133,4,156,4,163
1384587,2023,125,23,1,31,1,37,1,52,1,63,3,71,3,75,3,78,4,83,4,86,4,91,5,102,5,104,6,109,8,110,10,110
1384588,2023,125,41,0,51,0,59,1,64,2,70,2,78,2,83,3,89,3,99,3,104,3,113,3,117,4,119,6,132,6,144,6,153
1384589,2023,125,16,2,23,2,29,2,34,2,50,2,60,2,71,2,83,2,105,3,117,3,121,3,130,3,142,3,155,3,164,4,174
1384590,2023,125,38,0,44,0,51,1,55,1,62,2,66,2,69,2,75,2,80,2,96,2,104,2,110,3,115,3,120,4,128,4,134
1384591,2023,125,37,3,45,3,51,3,56,3,59,3,72,3,76,3,90,3,96,3,107,3,117,3,134,3,138,3,147,3,173,3,191
1384592,2023,125,27,1,35,1,41,2,46,3,48,3,53,3,59,3,68,3,77,3,86,3,90,3,98,3,101,5,105,7,108,7,118
1384593,2023,125,35,3,44,3,57,3,62,3,74,3,87,3,93,3,96,3,107,4,118,4,131,4,148,4,161,5,164,6,175,6,187
1384594,2023,125,29,2,33,2,43,2,52,2,56,3,63,3,68,3,76,3,79,3,89,4,95,4,102,4,119,4,134,4,144,4,148
1384595,2023,125,42,0,50,1,54,1,61,2,66,2,71,2,75,3,82,3,93,3,97,3,104,3,112,4,129,4,142,5,150,6,162
1384596,2023,125,44,1,46,2,49,2,60,2,71,2,80,3,88,3,99,3,114,3,117,5,126,5,138,5,145,6,149,7,151,9,156
1384597,2023,125,31,0,40,0,49,0,59,0,73,1,85,1,96,1,106,1,126,2,130,2,143,2,159,2,167,3,173,4,178,5,187
1384598,2023,125,18,4,29,4,33,4,37,4,41,4,47,4,48,5,50,6,60,6,69,7,72,7,77,8,78,10,78,10,78,10,78
1384599,2023,125,29,2,34,2,49,2,52,2,66,2,70,2,85,2,93,4,94,6,97,7,102,8,109,8,113,8,117,8,132,8,149
1384600,2023,125,35,2,44,2,47,2,62,2,81,2,88,2,91,3,93,5,100,5,112,5,119,5,129,5,141,5,145,6,161,6,164
1384634,2023,212,27,3,30,4,35,5,44,5,50,5,57,5,59,6,63,6,72,6,80,6,86,6,99,6,114,6,116,7,117,7,139
1384637,2023,212,37,2,47,2,55,2,67,2,72,2,81,2,99,2,104,2,108,3,113,3,129,3,132,4,137,4,143,4,165,4,185
1385688,2024,139,44,1,53,1,67,1,70,1,87,1,96,1,97,2,101,2,110,2,130,2,144,3,149,4,157,4,164,5,169,7,183
1385690,2024,213,47,0,59,1,66,2,74,2,83,3,84,4,96,5,105,5,114,5,126,5,126,7,133,7,143,7,145,8,150,9,157
1385697,2024,109,71,0,86,1,91,2,101,2,108,2,118,2,121,3,126,3,134,5,144,5,155,5,161,5,167,6,172,8,173,9,179
1385698,2024,108,53,1,67,1,70,1,77,1,87,2,96,2,103,2,117,2,119,3,126,3,133,4,148,4,157,5,161,6,173,6,193
1387243,2023,208,21,4,27,4,33,4,38,4,43,4,49,4,52,4,57,4,59,5,63,5,67,6,74,6,79,7,87,8,95,9,98
1387244,2023,208,44,2,50,2,54,2,68,3,72,3,79,3,85,4,90,4,96,4,103,4,115,4,125,4,133,5,137,5,153,5,164
1387245,2023,208,33,0,42,0,51,0,58,0,74,0,80,0,95,0,101,0,117,0,122,0,129,0,136,0,142,0,152,1,162,1,172
1387599,2023,110,56,2,62,2,64,2,75,2,83,2,87,2,98,2,108,2,131,2,141,3,144,3,161,3,173,3,186,3,192,4,201
1388213,2023,178,22,4,36,4,39,4,42,4,49,4,53,5,62,5,71,5,74,5,89,5,92,6,103,6,111,7,124,7,125,8,134
1388215,2023,177,36,2,45,3,49,3,53,3,59,4,65,4,68,5,72,5,76,5,78,5,81,7,87,8,94,8,103,8,109,9,110
1388216,2024,180,51,2,56,2,61,2,70,2,81,2,99,2,119,2,131,3,150,3,159,3,168,4,183,4,195,5,198,5,211,6,226
1388217,2024,215,59,0,65,1,76,1,85,1,98,1,111,1,122,1,128,1,137,2,147,3,153,3,157,3,168,4,182,4,187,7,194
1388218,2024,181,39,1,67,1,71,1,75,1,92,1,103,1,109,1,132,1,150,1,160,2,174,3,188,3,197,3,211,4,218,5,224
1388219,2024,179,36,1,51,1,56,2,61,2,65,2,71,2,77,2,82,2,86,4,98,4,112,4,119,4,124,4,131,5,152,5,158
1388220,2024,179,20,1,29,1,33,1,39,1,51,1,53,2,67,2,80,2,88,3,91,4,99,5,102,5,104,6,113,6,128,7,134
1388223,2024,216,59,0,68,1,75,1,79,1,85,1,97,1,110,1,121,1,131,1,141,1,165,1,174,2,178,3,184,3,200,3,215
1388224,2024,180,58,1,74,1,85,2,103,2,108,3,115,4,117,5,123,6,133,6,138,6,140,7,144,7,151,7,163,7,171,8,174
1389391,2023,148,35,1,40,1,46,1,65,1,75,1,83,1,92,1,110,1,120,1,130,1,151,1,161,2,179,2,187,3,203,3,208
1389392,2023,187,62,0,77,1,81,1,89,1,94,1,101,1,106,1,116,1,124,1,147,1,164,1,173,2,183,2,190,3,215,3,235
1389393,2023,188,39,2,43,2,54,2,66,2,74,2,80,2,88,3,101,3,113,3,132,3,143,3,148,3,155,3,180,3,192,3,222
1389394,2023,217,43,0,50,1,55,1,63,2,70,3,79,3,83,3,93,3,107,3,115,4,129,4,134,4,147,4,161,4,168,6,174
1389395,2023,218,34,2,42,2,46,3,49,3,55,3,61,4,77,4,87,4,97,4,99,5,108,5,115,5,124,5,134,5,145,6,160
1390167,2023,219,41,1,49,1,63,1,79,1,84,2,93,2,108,2,116,3,130,3,147,4,151,6,163,6,168,7,187,7,194,8,209
1390169,2023,219,28,2,28,3,35,3,39,3,46,5,54,5,56,5,56,7,57,8,58,8,61,9,62,9,63,10,63,10,63,10,63
1391332,2023,138,49,1,58,1,60,2,64,2,82,2,86,2,97,2,107,2,122,2,129,3,135,4,137,5,143,6,150,7,159,8,162
1391333,2023,138,43,1,48,1,54,1,61,2,64,3,71,3,77,3,87,4,93,4,96,4,107,4,110,5,119,6,128,7,138,7,147
1391335,2023,138,40,1,48,1,57,1,59,1,62,2,70,3,78,4,92,4,98,6,105,6,108,8,115,10,115,10,115,10,115,10,115
1391336,2023,138,28,1,38,1,44,2,57,2,67,3,78,3,91,3,97,3,100,4,109,5,113,5,124,6,135,6,140,6,146,7,156
1391337,2023,138,63,0,68,2,72,2,74,3,80,3,88,3,103,3,111,4,118,5,122,5,136,5,151,5,156,5,163,8,179,8,190
1391338,2023,205,24,2,32,2,37,2,47,2,51,2,55,2,60,2,66,2,75,2,103,2,106,3,117,3,122,3,125,3,132,4,149
1391339,2023,205,30,2,37,2,44,3,56,3,71,3,87,3,97,3,107,4,112,5,120,5,127,5,139,6,140,7,157,7,159,9,159
1392802,2023,155,46,1,54,1,60,1,64,1,77,1,80,2,85,3,93,3,96,4,97,4,106,4,119,5,121,7,123,7,134,7,142
1392803,2023,155,39,0,41,1,47,1,59,1,59,2,63,3,67,3,79,3,80,4,82,5,86,5,93,5,102,5,112,5,116,7,138
1392805,2023,155,36,0,42,0,45,1,48,1,54,2,58,2,60,4,61,5,63,5,66,5,70,5,73,6,79,6,87,8,106,8,123
1392808,2023,155,37,0,51,0,54,1,64,1,70,1,75,1,77,2,85,2,91,2,95,2,100,2,105,2,119,2,133,2,149,2,156
1392809,2023,155,23,3,29,3,32,4,35,4,36,4,44,4,47,4,55,4,65,4,83,4,90,5,96,7,103,7,109,9,110,10,110
1392811,2023,155,25,2,34,2,38,2,46,2,52,2,57,2,60,3,74,3,76,3,86,3,89,3,95,6,101,6,105,6,114,6,123
1392812,2023,155,55,1,69,1,79,1,85,1,95,1,102,1,109,2,114,3,118,4,123,4,128,4,134,5,142,5,145,6,158,6,166
1393309,2023,198,35,2,45,2,49,2,58,2,62,3,69,3,74,3,81,3,92,3,97,4,100,5,107,5,114,5,122,5,135,5,146
1393310,2023,198,40,1,54,1,64,1,69,1,79,1,82,2,87,3,89,3,95,3,98,4,107,4,114,4,123,4,131,6,140,6,143
1393311,2023,198,43,1,47,1,52,2,56,2,63,2,72,2,80,2,91,2,99,2,108,2,124,3,136,3,147,3,149,4,165,5,176
1393312,2023,198,49,2,59,2,64,2,76,2,90,2,98,2,103,3,116,3,119,3,126,4,133,4,140,4,158,4,174,5,182,6,186
1393313,2023,198,56,0,61,1,64,1,80,1,89,1,95,1,98,1,114,1,120,1,128,2,143,2,150,2,170,2,177,4,181,5,192
1393314,2023,198,42,2,46,2,50,2,56,2,58,3,62,4,70,4,76,4,82,4,89,4,98,4,111,4,123,4,134,4,165,4,171
1393315,2023,198,31,3,34,3,38,3,41,3,44,3,52,3,57,3,63,3,77,3,81,4,84,6,87,7,94,7,104,9,114,9,133
1393316,2023,198,37,1,41,3,42,4,43,4,46,4,61,4,68,4,74,4,86,5,90,5,94,5,98,5,102,6,106,7,112,7,126
1393317,2023,198,36,2,43,2,45,3,48,3,51,3,61,3,78,3,91,3,99,4,110,4,125,4,130,5,140,6,155,6,164,6,180
1393318,2023,198,18,1,23,2,30,2,34,2,36,2,48,2,51,2,56,2,62,2,65,2,67,4,69,4,80,5,97,5,103,5,110
1393319,2023,198,31,1,44,1,50,1,57,1,65,1,66,2,76,2,88,3,98,4,107,5,116,5,121,5,131,6,138,7,141,10,141
1393320,2023,198,40,1,41,2,44,2,52,2,61,2,74,3,84,3,94,3,100,4,103,5,109,5,112,6,121,6,130,8,131,10,131
1393328,2023,198,27,1,52,1,60,1,65,1,68,2,72,2,83,2,88,2,99,3,114,3,115,5,121,5,135,5,145,5,149,6,154
1393329,2023,198,48,2,51,2,56,3,66,3,72,3,77,3,82,3,96,3,110,3,122,3,132,4,136,5,143,5,153,5,158,7,161
1393330,2023,198,27,0,47,0,72,0,74,1,84,1,88,1,96,1,100,1,104,1,110,1,119,2,125,3,126,4,131,4,139,6,152
1393331,2023,198,30,1,46,1,50,1,53,2,61,2,62,3,65,3,70,3,77,4,96,4,105,4,117,4,120,5,134,5,145,5,159
1393332,2023,198,53,1,66,1,68,1,72,1,79,1,89,1,99,2,107,2,117,2,124,2,133,3,140,3,153,4,155,4,168,5,179
1397437,2023,155,28,1,40,2,43,2,48,2,54,2,64,2,70,3,75,3,78,3,87,3,96,3,106,3,124,3,129,3,137,4,150
1397438,2023,155,48,1,63,1,67,1,71,2,82,2,90,2,100,2,105,2,114,2,116,3,121,3,128,4,143,4,151,5,163,5,171
1397439,2023,155,40,1,42,2,49,2,62,2,65,2,73,2,85,2,87,3,92,3,93,4,101,4,122,4,129,5,137,5,148,5,163
1398295,2023,211,69,0,90,0,93,0,103,0,106,2,113,3,118,4,120,6,123,6,126,6,130,6,134,6,139,6,149,6,169,6,181
1398296,2023,211,45,2,52,2,58,2,62,2,71,2,84,2,87,3,94,4,103,4,116,4,120,5,129,5,133,6,139,7,145,8,152
1398298,2023,211,28,3,29,3,36,3,50,3,54,3,62,3,71,3,78,3,83,3,88,4,91,4,100,6,107,6,120,6,129,6,149
1398299,2023,211,37,1,40,1,43,2,46,2,55,2,61,3,65,4,66,6,69,7,73,7,76,7,78,7,80,9,81,10,81,10,81
1398300,2023,211,23,1,28,2,31,3,34,3,40,3,48,4,51,5,51,5,60,5,65,5,69,5,74,5,79,5,84,6,85,7,89
1399104,2023,220,44,1,62,1,65,1,77,2,95,2,122,2,143,2,159,2,175,2,190,2,206,2,225,2,248,2,259,2,291,3,314
1399113,2023,220,61,0,63,0,76,0,84,0,96,0,104,1,111,1,116,2,119,3,133,3,138,3,149,3,156,4,163,4,177,4,202
1399114,2023,220,34,3,38,3,45,3,51,3,54,5,60,5,68,5,73,5,74,6,91,6,101,6,109,6,111,7,121,7,134,8,160
1399116,2023,220,20,3,39,3,42,4,45,4,53,4,56,4,57,4,61,4,63,4,69,4,76,4,86,4,93,5,95,5,100,5,116
1399117,2023,220,20,1,21,3,25,3,34,3,36,4,40,4,45,5,54,5,58,6,60,6,63,6,71,7,81,8,90,8,91,8,96
1399138,2023,155,26,2,30,2,37,2,42,2,48,2,51,2,61,2,71,2,73,3,86,3,90,3,94,3,106,3,110,4,117,4,123
1399140,2023,155,29,0,37,0,41,0,42,1,49,2,53,2,55,2,59,2,65,2,68,2,68,3,71,3,81,4,88,5,95,6,100
1399142,2023,155,15,2,21,2,31,2,43,2,50,2,54,2,59,2,66,2,70,3,71,5,79,5,90,6,102,6,108,6,117,6,121
1399143,2023,155,39,0,51,0,61,0,69,0,74,0,84,0,93,1,107,1,118,1,123,3,131,3,142,3,143,5,155,5,171,6,174
1399144,2023,155,22,2,22,4,28,4,32,4,34,4,46,4,55,4,60,4,68,4,70,5,73,6,84,6,94,6,102,6,121,6,129
1399145,2023,155,22,3,24,3,37,3,38,4,41,4,48,5,50,5,53,5,54,7,58,7,63,7,66,7,72,8,76,9,76,10,76
1399146,2023,155,21,1,22,2,25,2,28,2,32,3,34,3,38,3,43,3,50,4,55,4,60,4,64,5,68,6,69,6,79,6,83
1399148,2023,155,51,0,61,0,72,0,74,1,84,1,95,1,100,1,107,2,112,2,135,2,140,3,148,4,164,4,178,5,188,6,201
1399149,2023,155,61,1,72,1,76,1,83,1,90,1,95,1,99,1,107,1,124,1,134,1,142,1,152,2,160,3,164,3,170,4,173
1399150,2023,87,36,1,62,1,64,2,68,2,73,2,84,2,98,2,110,2,129,2,136,2,152,2,160,3,166,4,178,4,180,7,181
1399151,2023,87,30,2,31,3,32,4,36,4,41,4,47,4,49,5,51,5,53,5,54,6,60,6,61,7,63,7,68,7,74,8,85
1399152,2023,87,32,1,34,3,36,3,37,4,44,4,48,4,51,4,54,4,60,4,66,4,68,5,69,6,75,6,80,7,81,8,90
1399153,2023,87,59,2,62,3,65,3,70,3,75,3,86,3,90,3,92,3,105,3,114,3,120,3,134,4,148,6,165,6,172,6,194
1399154,2023,221,38,0,43,1,46,2,49,2,63,2,76,2,90,2,107,2,120,2,128,2,149,2,160,2,181,3,197,3,216,3,230
1399155,2023,221,40,1,49,1,56,1,61,2,71,2,74,3,84,4,99,4,104,4,119,4,126,4,143,4,155,4,165,5,170,6,176
1399157,2023,221,20,1,31,1,34,1,35,1,39,1,45,2,45,4,47,4,48,4,56,5,60,5,64,5,67,6,80,6,83,7,86
1400053,2023,205,16,1,24,1,25,1,32,1,34,1,36,2,41,2,49,3,56,3,65,3,68,4,71,4,84,4,96,4,100,5,107
1400054,2023,205,20,3,31,3,40,3,44,4,49,4,51,5,54,6,63,6,65,6,68,7,72,8,73,8,77,9,78,9,82,10,82
1400055,2023,205,25,1,28,2,37,2,42,3,48,3,69,3,78,3,99,3,117,3,124,4,132,4,142,4,151,5,159,6,166,8,172
1400056,2023,205,37,2,44,2,54,2,59,2,66,2,77,2,86,3,92,3,99,3,108,3,120,3,132,3,145,4,152,5,162,7,165
1400972,2023,222,35,2,46,2,50,3,52,3,56,3,60,3,75,3,78,4,82,5,86,5,92,7,98,7,102,7,110,7,121,8,127
1400973,2023,222,37,1,47,2,50,2,55,2,57,2,58,3,62,3,64,5,67,5,74,5,77,6,78,6,80,6,85,7,90,8,95
1400974,2023,222,35,2,43,2,51,2,64,2,68,2,71,3,80,3,84,4,90,4,96,4,102,4,111,4,117,5,124,5,141,6,155
1400975,2023,222,17,2,28,2,32,2,36,3,42,3,45,3,52,3,58,3,62,3,71,4,76,4,86,4,100,4,109,4,112,6,121
1400976,2023,222,40,1,55,1,61,1,63,2,64,2,70,2,80,3,82,4,89,4,100,4,103,4,108,5,111,7,112,9,124,9,129
1400977,2023,222,31,1,38,1,42,1,50,1,54,2,60,2,66,2,79,2,85,2,92,2,97,5,109,5,114,6,126,6,139,6,154
1400981,2023,222,25,2,29,2,36,2,40,2,45,2,48,3,52,3,58,3,67,3,70,3,80,4,83,4,86,5,90,5,98,5,107
1400982,2023,222,23,0,28,0,35,0,39,0,46,0,51,0,60,0,72,0,88,0,99,0,103,2,114,3,125,3,129,4,136,4,142
1400983,2023,222,32,2,37,3,40,3,44,3,50,3,57,3,60,3,65,3,74,4,79,4,80,5,90,5,95,7,97,9,109,9,109
1400984,2023,222,29,1,39,1,45,1,55,2,58,2,67,2,72,3,77,4,85,4,88,5,90,7,92,8,95,8,99,8,106,8,109
1400985,2023,222,14,1,17,2,20,3,21,4,27,5,31,5,37,6,39,6,40,6,46,6,51,7,52,8,56,9,57,9,69,9,77
1400987,2023,222,27,4,32,4,35,5,41,5,45,5,49,5,58,5,62,6,68,6,75,6,79,8,86,8,91,8,95,8,105,9,106
1400989,2023,222,27,1,35,1,39,1,46,1,52,2,55,2,63,2,65,3,73,3,75,4,77,4,84,5,87,6,96,7,98,9,112
1400990,2023,222,22,2,29,4,29,4,32,4,34,4,36,5,36,5,40,5,45,5,57,6,62,6,64,7,68,9,72,9,72,10,72
1400991,2023,222,17,3,18,4,24,4,30,4,33,4,35,4,51,4,56,4,59,4,70,4,80,4,86,4,89,4,93,5,98,5,103
1403288,2023,223,32,2,36,2,38,3,47,3,53,4,62,4,66,4,71,4,75,4,81,4,96,4,108,4,116,5,131,5,134,6,140
1403289,2023,223,15,4,20,4,25,4,32,4,36,5,39,5,44,5,52,5,58,5,64,6,68,6,81,6,84,7,89,8,92,9,94
1403290,2023,223,31,2,40,3,47,3,55,3,58,4,67,4,71,4,80,4,96,4,110,4,122,4,136,4,152,4,170,4,200,5,213
1403291,2023,223,20,2,25,3,29,3,34,3,40,3,50,3,64,3,73,3,81,3,96,3,101,3,116,3,131,3,141,4,144,4,149
1403292,2023,223,45,2,55,2,60,2,63,2,67,3,69,3,80,3,86,3,89,4,96,4,114,4,118,4,121,5,140,5,152,6,164
1403293,2023,223,37,1,55,1,66,1,73,1,81,1,85,1,103,1,110,1,115,1,126,1,138,1,142,2,169,2,179,2,199,3,212
1403294,2023,118,43,1,61,1,65,2,77,3,88,3,95,3,99,3,108,3,111,5,114,5,123,5,131,6,140,7,143,8,160,8,162
1403297,2023,224,14,2,21,2,22,2,23,3,31,3,33,3,39,4,42,4,43,4,48,4,52,4,53,4,57,5,59,5,66,6,72
1403301,2023,224,20,2,22,3,24,3,32,3,36,3,46,3,56,3,58,4,64,4,73,5,74,5,81,5,96,5,112,5,116,5,124
1403305,2023,224,14,0,15,1,21,1,21,3,22,3,23,4,24,4,26,5,28,5,29,6,34,7,39,7,42,7,46,9,51,9,52
1404390,2023,117,25,4,30,4,35,4,41,4,45,4,50,4,61,4,65,5,73,6,75,7,81,7,83,7,97,8,100,9,109,9,121
1404391,2023,117,67,0,79,0,87,0,94,0,104,0,109,1,114,1,123,1,126,1,142,1,155,1,160,1,167,2,179,2,185,2,198
1404392,2023,163,27,3,36,3,39,3,47,3,54,3,62,3,72,3,82,3,90,3,95,4,103,4,109,4,113,4,116,6,122,6,138
1404393,2023,163,47,1,53,1,55,1,59,1,60,2,65,2,68,3,73,3,86,3,92,3,93,4,112,4,124,5,129,6,138,6,153
1404394,2023,163,22,2,25,2,28,2,38,2,46,3,52,4,57,4,62,4,68,4,80,4,85,4,92,5,94,6,101,8,101,10,101
1405313,2023,223,14,3,15,3,19,3,25,3,31,3,36,3,45,3,52,3,58,3,66,4,74,4,87,4,94,4,104,4,115,4,135
1405314,2023,118,45,1,51,1,52,2,55,4,63,4,69,4,75,5,80,5,90,5,98,5,105,5,116,5,124,6,124,8,133,8,145
1405315,2023,118,39,1,41,2,45,2,50,2,55,3,57,3,64,3,74,4,81,4,84,5,97,5,106,6,112,6,120,6,134,6,153
1405316,2023,223,44,0,58,0,73,0,78,0,83,0,90,0,101,0,101,1,109,2,114,2,121,2,132,3,139,4,147,4,155,4,166
1405317,2023,118,28,1,41,1,46,1,61,1,68,1,75,1,79,2,94,2,105,2,135,2,139,2,146,2,152,3,161,4,169,5,174
1405318,2023,223,24,3,35,3,39,3,43,3,49,3,61,4,62,5,73,5,79,6,84,6,102,6,110,7,129,7,133,8,144,8,146
1405319,2023,118,54,0,60,1,65,2,70,2,78,2,85,2,90,3,93,3,104,3,119,4,125,5,135,6,140,6,143,7,156,7,165
1405320,2023,223,33,3,35,3,35,4,41,4,46,4,47,5,48,5,53,6,57,6,61,6,66,6,67,6,70,8,74,8,79,8,88
1405321,2023,118,37,3,43,4,49,4,52,4,59,4,65,4,75,4,83,4,87,4,98,6,101,7,107,7,112,7,122,8,128,8,145
1405322,2023,223,46,1,55,1,62,2,69,2,73,3,84,3,88,3,91,4,101,4,111,4,119,4,127,4,136,4,150,4,165,4,176
1405323,2023,118,49,1,61,1,65,1,77,2,84,2,93,2,98,2,106,2,118,2,135,2,144,2,155,2,164,2,177,2,187,3,198
1405324,2023,223,44,2,48,2,62,2,66,2,71,3,75,3,81,3,87,3,91,3,100,4,103,4,124,5,128,6,138,7,150,8,158
1405325,2023,118,39,1,45,1,50,2,52,2,57,2,60,3,60,4,66,4,70,5,75,5,76,7,79,8,83,8,89,8,101,9,106
1405326,2023,223,32,2,41,2,46,2,50,2,56,2,62,3,75,3,76,3,84,3,90,4,94,4,100,5,118,5,118,6,129,6,134
1405327,2023,118,35,1,47,1,49,2,50,3,53,3,60,4,61,4,66,4,87,4,96,4,110,4,128,4,138,5,151,5,160,6,184
1407089,2023,163,33,0,35,0,39,0,46,1,55,1,58,1,61,1,71,1,80,1,94,1,100,2,111,2,126,2,133,2,143,2,154
1407090,2023,117,25,1,28,1,36,2,39,2,43,3,47,3,48,4,51,4,54,5,61,5,64,6,73,7,74,7,92,7,94,7,99
1407091,2023,117,29,3,41,3,52,3,61,3,67,3,73,4,76,4,82,5,86,5,97,5,100,6,104,6,109,6,116,7,122,7,132
1407092,2023,163,23,2,30,3,34,3,36,3,39,4,43,4,48,4,53,4,60,4,61,5,67,6,81,6,97,6,102,6,112,6,121
1407093,2023,163,19,2,19,2,25,2,29,3,31,4,33,4,36,4,37,5,40,5,42,7,45,7,50,7,62,8,78,8,88,8,96
1407095,2023,117,31,2,35,2,40,3,47,4,56,4,60,5,63,6,67,6,76,6,83,7,85,8,89,8,97,8,100,8,113,8,114
1407096,2023,117,35,1,44,1,47,1,54,1,63,1,72,1,84,1,87,1,92,1,99,1,111,2,125,2,142,2,157,3,170,3,182
1407097,2023,117,45,0,53,0,61,1,72,1,82,1,85,2,89,2,95,2,115,2,129,2,140,2,151,2,162,2,175,3,192,3,207
1407098,2023,163,37,0,51,0,55,1,58,2,65,2,74,2,80,2,83,3,89,3,96,3,97,4,103,5,118,5,122,6,127,7,139
1407099,2023,163,30,1,35,1,43,1,44,2,49,3,57,3,61,3,71,4,72,4,82,4,87,4,89,4,107,4,113,6,127,7,136
1407100,2023,163,24,0,29,2,35,2,42,3,48,3,58,3,62,3,64,4,69,4,78,4,81,4,88,5,91,7,95,8,99,9,99
1407101,2023,117,36,0,50,0,61,0,70,0,87,0,93,0,104,1,119,2,123,2,132,2,138,3,144,3,158,3,176,3,194,4,215
1407102,2023,163,19,1,21,1,26,1,29,1,32,2,37,2,40,2,46,3,52,3,62,3,72,3,81,4,84,5,93,5,96,6,104
1407103,2023,117,47,1,51,1,56,1,62,1,69,1,76,1,79,2,81,2,93,3,108,3,112,4,116,5,124,5,134,6,143,6,157
1407104,2023,163,28,3,34,3,40,4,50,4,55,5,61,5,64,5,72,5,75,5,75,6,83,6,87,6,90,6,99,7,107,8,110
1407105,2023,117,21,2,32,2,35,3,38,5,45,6,52,6,59,6,69,6,74,6,88,6,101,6,111,7,120,7,130,7,141,8,153
1407106,2023,117,26,2,32,2,44,2,52,2,58,2,71,2,75,2,82,3,88,3,98,3,106,4,113,4,122,4,137,4,147,5,162
1407107,2023,163,48,0,66,0,73,0,82,0,85,0,94,1,105,1,110,1,118,1,134,2,155,2,170,2,183,3,194,4,212,4,217
1407108,2023,117,20,2,24,2,30,2,31,3,34,4,38,4,41,4,44,4,48,5,50,6,52,6,57,7,64,7,65,8,65,10,65
1407109,2023,117,17,2,21,3,27,3,32,3,37,3,41,3,44,4,45,6,60,7,66,7,73,7,75,7,80,7,90,7,93,8,93
1407714,2023,225,34,1,35,1,39,1,41,2,46,2,56,2,64,2,72,2,82,2,82,3,84,4,95,4,98,4,117,5,127,5,134
1407715,2023,225,22,2,23,2,36,2,40,3,45,3,49,3,57,4,69,4,75,4,81,5,90,5,110,5,112,7,124,7,129,8,138
1407716,2023,225,20,1,26,1,28,1,38,1,41,2,47,2,59,2,66,2,73,3,84,3,88,3,103,4,112,4,127,4,146,4,156
1407717,2023,225,37,2,58,2,63,3,78,3,84,3,89,3,96,3,107,4,118,4,126,5,135,5,144,5,150,5,158,6,168,7,192
1407718,2023,225,25,1,40,1,44,1,49,2,60,2,69,2,77,2,79,4,85,4,104,4,109,4,116,5,123,6,129,6,139,6,144
1408103,2023,4,47,1,52,1,56,2,61,2,69,2,74,2,82,2,89,3,98,4,105,4,108,5,115,6,116,7,123,8,127,8,147
1408104,2023,4,48,2,53,2,65,3,77,4,81,5,91,5,94,5,98,5,102,5,112,5,117,5,125,5,131,5,148,5,155,5,165
1408105,2023,4,26,1,40,1,44,3,51,3,61,3,65,4,69,4,75,4,84,4,93,4,101,4,108,4,116,5,122,6,131,6,140
1412530,2023,225,32,1,43,1,51,1,53,1,53,2,59,2,67,2,81,2,86,2,100,3,118,4,128,4,138,5,142,5,145,6,158
1412531,2023,225,38,4,38,6,38,6,39,6,41,6,44,6,48,6,54,7,58,7,65,7,70,7,74,7,75,9,89,9,92,9,106
1412532,2023,225,26,2,38,2,46,2,51,3,58,3,64,3,75,3,78,4,87,4,101,4,107,4,115,4,118,5,123,7,134,7,140
1412533,2023,225,26,0,32,0,35,1,39,1,43,1,51,2,62,3,68,4,73,4,79,4,90,5,93,6,101,7,107,7,107,8,119
1412534,2023,225,36,3,46,3,51,3,54,5,57,5,62,5,66,7,71,7,76,7,83,7,94,7,97,8,103,8,113,9,116,9,137
1412535,2023,225,38,2,41,4,48,4,54,4,56,4,58,4,62,4,70,4,76,5,83,5,89,6,93,7,99,8,102,8,110,8,123
1412542,2024,119,37,0,38,2,42,2,45,2,61,2,64,2,70,2,76,2,83,2,86,3,94,3,104,4,109,4,121,4,131,5,143
1412543,2024,119,28,4,31,4,34,4,43,4,51,4,58,4,62,4,64,4,76,4,83,4,101,4,121,4,130,4,149,5,160,6,173
1415701,2024,226,43,0,50,1,60,1,66,2,70,2,85,2,90,2,102,2,112,2,128,2,137,3,149,3,155,3,159,4,173,5,194
1415702,2024,82,26,2,34,3,39,3,47,3,52,4,57,4,62,4,67,4,81,4,90,4,94,5,96,5,99,6,112,6,122,7,136
1415703,2024,115,29,3,36,3,37,4,41,4,52,4,60,4,64,4,68,5,72,5,74,5,78,5,83,6,89,6,97,8,101,9,109
1415704,2024,227,21,1,24,1,30,1,31,2,36,4,40,5,44,5,46,6,53,6,61,6,68,7,70,8,71,8,71,9,76,9,77
1415707,2024,226,25,2,29,2,38,2,41,3,46,3,53,4,53,5,56,5,65,5,68,6,75,6,84,7,91,7,96,7,106,8,106
1415708,2024,227,26,2,26,2,32,3,36,4,44,5,49,6,49,7,52,8,66,8,73,8,79,9,96,10,96,10,96,10,96,10,96
1415709,2024,82,28,3,33,3,36,4,40,4,42,4,48,4,48,5,51,5,51,6,54,6,56,6,65,7,69,8,74,8,77,9,77
1415710,2024,115,32,1,37,1,43,1,50,1,52,3,56,3,60,3,63,3,75,3,80,3,106,3,114,3,130,3,139,3,156,4,164
1415711,2024,226,27,3,30,3,35,3,40,3,46,3,66,3,74,3,93,3,98,5,107,5,113,5,126,6,132,6,139,6,149,7,159
1415712,2024,115,37,3,48,3,54,3,60,4,68,4,78,4,83,4,90,4,97,4,107,5,113,5,122,5,135,5,139,7,142,8,155
1415713,2024,227,28,2,37,2,42,3,53,3,57,4,63,4,69,4,74,4,82,4,90,4,92,4,110,4,119,4,126,4,128,6,137
1415715,2024,226,48,1,53,2,57,2,64,2,70,3,74,3,83,3,89,3,95,3,100,3,103,5,109,5,112,6,115,7,117,8,124
1415716,2024,227,18,3,20,3,23,3,26,3,32,3,35,4,40,4,48,6,52,6,57,6,66,6,71,6,80,6,87,6,102,6,103
1415717,2024,115,70,1,74,2,82,2,85,2,97,2,102,2,111,2,118,2,136,2,140,3,149,4,160,4,173,5,185,5,193,5,201
1415718,2024,82,47,1,54,1,64,1,71,1,75,1,85,2,100,2,102,2,106,3,116,3,124,3,128,4,136,4,148,5,155,5,173
1415719,2024,227,38,2,50,2,57,2,62,3,68,3,81,3,89,3,90,4,94,4,96,5,97,7,100,7,106,7,113,9,119,10,119
1415720,2024,156,40,1,53,2,61,3,66,3,72,4,78,4,87,4,89,4,92,4,105,4,113,4,115,5,124,5,132,6,135,7,150
1415721,2024,227,24,4,25,4,31,4,37,4,43,4,57,4,61,4,64,4,72,4,80,4,84,4,90,4,100,4,105,5,109,6,113
1415722,2024,227,29,1,30,2,43,3,50,3,52,3,55,5,63,5,66,5,73,5,75,6,77,6,85,6,88,7,91,7,96,7,106
1415724,2024,156,16,3,17,3,18,3,19,4,21,5,27,5,33,6,36,6,43,8,51,8,60,8,70,8,72,10,72,10,72,10,72
1415725,2024,227,17,2,18,2,25,2,26,3,37,3,42,3,48,3,59,4,71,4,80,4,81,5,95,5,96,6,100,7,103,7,110
1415726,2024,168,22,3,23,4,32,5,36,5,47,5,49,5,58,6,75,6,77,7,81,7,91,7,103,7,107,8,112,9,131,9,149
1415727,2024,228,35,2,54,2,66,2,70,2,73,3,76,3,84,3,89,3,95,4,102,4,105,4,112,4,128,4,133,5,147,5,159
1415731,2024,228,31,1,38,1,40,1,51,1,53,1,57,1,67,1,69,2,73,2,77,3,80,3,85,4,95,4,99,5,106,5,115
1415732,2024,168,7,3,9,3,11,4,15,5,19,5,21,5,23,5,25,6,26,6,27,7,29,7,37,7,39,7,40,9,40,10,40
1415735,2024,121,43,1,54,1,67,1,83,1,92,2,96,2,111,2,112,3,121,3,135,3,138,4,149,4,153,5,165,5,171,5,180
1415736,2024,159,28,4,32,5,33,6,41,6,48,6,59,6,75,6,76,7,79,7,80,9,86,9,89,9,89,9,95,9,103,9,106
1415737,2024,228,26,3,31,4,38,4,44,4,52,5,57,5,59,5,63,6,69,6,72,7,75,7,75,8,88,8,90,9,101,9,106
1415738,2024,121,32,1,45,2,50,2,58,2,70,2,74,2,84,2,90,3,106,3,119,3,124,4,134,4,153,4,172,6,184,6,201
1415739,2024,168,14,2,16,2,16,2,25,2,27,2,35,2,41,2,41,3,43,4,45,5,52,5,59,6,63,7,74,7,76,8,78
1415741,2024,156,56,1,64,1,69,1,83,1,93,1,101,1,108,1,125,1,127,3,133,3,141,4,153,4,161,4,173,4,179,4,194
1415742,2024,121,44,0,54,0,63,0,72,0,75,0,82,0,94,0,102,1,106,1,117,1,137,2,141,3,143,4,162,4,168,4,180
1415744,2024,156,27,1,39,1,47,1,57,1,60,2,67,3,72,3,79,3,84,4,89,4,98,4,103,4,117,5,122,7,133,7,140
1415745,2024,121,51,0,63,0,69,0,75,0,80,0,87,1,89,1,92,2,98,2,107,3,115,4,128,4,133,4,141,4,155,4,163
1415746,2024,115,32,1,48,1,51,2,60,3,65,3,69,4,75,4,80,4,88,4,91,6,95,6,102,6,108,6,123,8,125,9,128
1415747,2024,156,42,1,53,1,56,1,71,1,80,3,83,3,97,3,110,4,115,4,120,4,134,4,146,4,155,4,170,5,178,5,196
1415749,2024,115,39,1,48,2,50,2,55,2,59,3,65,3,69,4,73,4,79,4,88,5,91,5,97,5,101,5,115,6,115,10,115
1415750,2024,156,39,2,47,2,54,2,63,2,66,2,69,2,73,2,86,3,89,4,94,5,97,5,103,6,117,6,118,8,124,8,135
1415751,2024,121,52,1,60,1,76,1,93,2,102,2,114,2,127,2,131,3,142,3,155,3,162,4,166,4,171,4,181,4,195,5,205
1415754,2024,82,40,1,46,2,55,2,65,2,69,2,77,2,86,2,91,2,110,2,113,3,118,3,126,4,132,4,147,6,159,6,171
1415755,2024,115,39,3,45,3,49,3,59,3,68,3,75,3,82,3,93,3,98,3,108,4,118,4,126,4,134,4,150,4,167,5,176
1418176,2024,229,20,1,22,2,28,3,29,3,33,4,37,4,41,5,41,5,48,5,50,6,51,6,55,6,59,6,63,7,68,7,72
1418177,2024,229,7,0,14,0,16,1,18,2,22,2,30,2,39,2,46,3,50,4,54,4,61,4,71,4,89,5,103,5,118,5,130
1418181,2024,229,34,0,38,1,46,1,54,1,62,1,66,1,68,2,79,2,88,2,92,2,95,3,100,3,106,3,109,5,122,6,132
1418182,2024,229,57,1,69,1,74,1,81,1,100,1,106,2,114,3,116,3,120,3,129,3,135,3,152,3,161,3,174,3,183,4,199
1418183,2024,229,48,2,54,2,62,2,67,2,73,2,87,2,93,2,103,2,110,2,116,3,117,4,129,4,143,4,150,5,155,6,166
1418184,2024,229,25,1,36,1,38,2,41,2,44,2,48,2,49,2,57,2,66,2,68,3,70,5,72,6,76,8,87,8,89,10,89
1418185,2024,229,26,2,27,2,28,3,33,4,36,4,41,4,43,4,53,4,57,4,70,4,76,4,90,5,103,5,114,5,118,5,127
1418186,2024,229,20,3,26,3,28,3,33,3,40,3,44,4,49,5,55,5,58,5,66,5,78,5,84,5,94,6,102,7,105,8,115
1418187,2024,229,29,1,36,2,48,2,59,3,63,4,73,4,79,4,88,4,96,4,106,4,111,4,115,5,122,6,133,7,144,7,150
1418188,2024,229,56,0,67,0,73,0,81,0,85,1,88,1,95,1,108,1,110,1,112,2,124,2,134,2,141,2,151,3,170,3,185
1418190,2024,229,21,2,22,2,28,2,33,2,43,2,51,2,63,2,79,2,84,3,93,4,98,4,107,4,119,4,125,5,154,5,176
1418191,2024,229,31,1,44,1,49,2,54,2,55,2,59,3,68,4,74,4,80,4,84,5,87,5,91,5,104,6,109,6,114,7,127
1418192,2024,229,27,1,33,1,42,1,47,1,55,1,56,2,60,2,64,2,71,3,79,3,95,3,103,3,107,4,116,6,121,8,131
1418193,2024,229,19,3,30,3,33,3,38,3,41,4,52,4,58,4,67,4,81,4,84,5,92,5,97,5,102,6,113,7,127,7,137
1418194,2024,229,20,2,24,2,26,2,29,3,35,3,39,3,46,4,52,4,61,4,71,5,72,5,77,5,84,6,88,6,90,8,97
1418195,2024,229,29,3,31,4,37,4,40,5,49,5,57,5,60,6,62,7,68,7,79,7,79,8,86,8,89,8,92,9,97,9,109
1418196,2024,229,43,1,58,1,65,1,72,1,85,1,88,1,98,1,112,1,125,2,138,2,148,3,166,3,180,3,195,3,201,3,215
1418197,2024,229,26,2,32,2,35,2,41,3,44,3,55,3,66,3,71,4,74,4,77,4,96,4,105,5,111,5,121,5,131,5,147
1418539,2024,203,25,3,34,3,39,3,47,3,54,3,71,3,82,3,92,4,94,4,102,4,105,4,121,4,137,4,146,4,163,4,171
1418540,2024,203,22,2,32,2,47,2,51,3,62,3,65,3,79,3,84,3,86,4,92,4,110,4,120,5,134,5,150,5,163,5,179
1418541,2024,203,45,0,57,0,61,0,76,0,81,0,97,0,100,0,121,0,129,0,161,0,179,0,200,0,212,0,223,0,237,0,258
1418542,2024,203,36,2,46,3,53,3,54,5,60,5,62,5,73,5,82,5,94,5,100,5,112,5,130,5,137,6,146,8,150,9,155
1418544,2024,203,42,2,43,4,49,4,50,5,59,5,67,6,69,6,74,6,86,6,91,7,107,7,113,8,121,8,132,8,140,9,143
1418545,2024,203,41,1,64,1,71,1,82,1,93,1,96,3,99,4,108,4,112,4,127,4,135,4,156,4,161,5,179,6,193,7,219
1419824,2024,46,40,2,45,2,48,2,61,2,67,2,79,2,84,2,102,2,123,2,131,2,136,3,142,3,157,3,171,3,182,3,206
1419825,2024,46,34,1,49,1,53,1,64,1,69,2,78,3,81,3,92,3,98,4,114,5,122,5,131,5,137,5,149,5,156,5,165
1419826,2024,46,35,1,41,1,44,1,54,2,63,2,81,2,90,2,101,2,111,3,125,3,135,4,138,4,140,5,153,6,160,6,174
1420223,2024,4,40,1,40,2,49,2,52,3,60,3,69,3,73,3,74,5,77,5,87,5,90,7,90,9,91,9,98,9,103,9,115
1420224,2024,4,29,1,36,1,40,1,49,1,63,1,74,1,102,1,110,1,126,1,147,2,152,2,165,2,177,2,197,2,213,2,234
1420225,2024,4,54,0,55,0,59,0,67,0,70,1,80,1,83,2,89,2,108,2,118,2,127,2,130,2,148,2,154,3,171,3,182
1420226,2024,4,39,0,44,0,48,0,58,0,64,1,67,2,71,2,79,2,89,2,93,3,98,4,111,4,129,4,138,4,147,5,152
1420227,2024,4,40,3,44,3,49,3,56,3,64,3,75,3,80,3,95,3,101,3,105,3,113,4,122,4,131,4,137,5,153,5,167
1420801,2024,229,26,2,27,4,31,4,34,4,38,4,39,6,40,7,45,7,47,9,57,9,63,9,66,9,68,9,70,10,70,10,70
1420802,2024,229,58,0,71,1,74,1,83,1,91,1,94,2,99,2,110,2,118,3,120,4,125,5,135,5,151,5,154,6,164,6,186
1420803,2024,229,10,2,16,2,23,2,35,2,39,2,40,3,48,3,56,3,64,3,70,3,87,3,92,5,100,5,106,6,110,7,112
1420804,2024,229,34,2,42,3,48,3,53,3,59,3,69,4,72,4,73,4,78,4,83,4,86,4,90,5,102,5,107,5,112,5,115
1420805,2024,229,33,1,39,1,39,2,43,2,43,3,46,3,57,3,63,4,71,4,77,4,79,5,87,6,98,6,105,8,105,10,105
1420806,2024,229,62,0,75,1,83,1,97,1,106,1,116,1,134,2,140,3,147,3,153,3,164,3,173,3,187,3,209,3,217,3,221
1420807,2024,229,34,2,45,3,46,3,51,4,59,4,69,6,74,7,77,7,84,7,87,7,89,8,90,8,92,8,94,9,101,9,104
1420808,2024,229,48,0,51,0,56,0,61,0,71,0,83,0,84,1,89,2,94,2,96,3,103,3,113,3,118,4,125,4,130,5,138
1421078,2024,16,29,2,47,2,50,3,67,3,74,3,79,4,87,4,98,4,102,4,107,4,127,4,132,5,134,6,136,8,141,8,147
1421079,2024,16,34,3,47,4,51,4,64,4,66,4,72,4,73,4,77,4,80,5,88,5,92,6,98,6,107,6,114,7,117,7,121
1421080,2024,16,40,1,42,2,47,3,51,3,55,3,56,3,59,4,66,5,71,5,73,7,73,8,75,8,80,8,88,8,92,8,94
1422037,2024,118,29,0,36,1,40,1,49,1,53,2,60,2,66,3,84,3,102,3,116,3,133,3,150,3,166,3,184,3,196,3,206
1422038,2024,118,55,1,55,1,59,1,69,1,77,2,88,2,100,2,110,2,123,3,131,3,143,3,153,3,164,3,167,3,177,3,184
1422039,2024,118,36,1,47,1,52,1,64,1,87,1,104,1,117,1,123,1,138,1,158,1,172,1,181,1,207,1,217,2,237,3,247
1422040,2024,118,34,2,51,2,58,3,66,4,73,4,82,4,87,4,99,4,110,4,126,4,136,4,144,4,157,5,165,5,175,7,180
1422041,2024,118,31,2,43,2,45,2,54,2,58,4,60,6,63,6,67,6,79,6,82,6,89,7,93,7,102,7,111,9,118,9,120
1422043,2024,118,40,1,55,1,62,1,76,1,82,1,88,2,94,2,111,2,118,2,127,3,133,4,137,4,158,4,168,6,174,8,184
1422802,2024,230,38,0,52,0,59,0,69,1,77,1,83,2,86,2,99,3,109,3,115,3,129,3,140,3,150,3,153,4,158,7,172
1422803,2024,230,38,0,47,0,55,0,65,0,83,0,96,0,104,0,112,0,117,1,128,1,141,1,148,1,151,3,158,4,176,4,197
1422804,2024,155,24,4,27,4,27,5,34,5,45,5,47,6,50,6,53,6,60,8,64,8,75,8,89,8,94,8,111,8,119,9,125
1422807,2024,211,27,2,32,2,39,3,42,3,49,3,50,4,59,4,69,4,76,4,78,4,90,4,94,4,103,4,114,4,117,5,128
1422808,2024,211,29,1,34,1,47,2,51,2,65,2,68,3,74,3,78,4,80,5,87,5,94,5,98,6,102,7,106,7,118,8,123
1422809,2024,211,28,2,36,2,39,2,45,2,49,2,52,3,55,4,58,5,59,5,70,5,72,5,77,5,77,5,87,5,89,6,97
1422810,2024,211,39,1,46,1,60,1,66,2,83,2,85,2,91,3,97,4,108,4,116,4,129,4,133,4,136,6,141,7,145,7,148
1422811,2024,211,16,1,31,1,37,1,40,1,45,1,52,2,54,2,62,2,67,2,78,2,82,3,90,3,95,4,101,4,105,5,110
1422812,2024,211,23,2,26,2,34,2,40,3,46,5,53,5,60,5,61,5,65,5,77,5,81,6,85,6,91,6,93,7,98,7,102
1422813,2024,211,13,4,20,4,23,4,29,4,31,4,38,4,45,5,54,5,60,5,64,5,68,6,75,7,83,8,85,9,87,10,87
1422814,2024,211,39,1,44,1,48,1,54,1,61,1,66,1,71,2,80,2,82,4,87,5,92,6,102,6,105,7,123,7,131,8,135
1422815,2024,211,50,1,52,2,57,2,61,3,65,3,72,3,83,3,90,3,95,3,104,3,117,3,128,3,139,3,148,3,159,4,166
1422816,2024,211,27,2,27,3,31,3,32,4,38,4,40,4,43,4,50,4,55,4,64,4,70,5,74,6,82,7,82,9,83,10,83
1422817,2024,211,33,1,42,1,45,1,50,2,53,3,53,5,60,5,63,5,73,5,77,6,81,6,89,6,93,6,96,6,103,6,106
1422818,2024,211,19,2,23,3,28,3,34,3,36,4,37,5,43,5,46,6,48,7,54,7,59,7,61,8,62,9,65,9,74,9,77
1423372,2024,67,29,3,31,3,36,3,50,3,53,3,62,3,71,4,86,4,92,4,96,4,104,4,108,5,113,5,125,5,131,6,136
1423373,2024,67,28,3,29,3,34,3,37,3,44,3,53,3,57,3,65,3,69,4,75,4,88,4,93,4,105,4,119,6,134,6,145
1423374,2024,67,38,3,39,4,48,4,51,4,59,4,67,4,70,5,74,5,82,6,90,6,95,6,99,6,103,6,108,6,119,6,127
1423439,2024,203,34,2,45,2,53,2,57,2,61,2,84,2,96,2,108,2,110,3,127,4,133,4,152,4,165,4,179,4,198,4,212
1423441,2024,203,50,0,57,0,62,0,65,1,69,2,71,3,78,3,86,3,97,3,114,3,127,4,142,4,153,4,161,5,177,6,198
1423442,2024,203,20,4,26,4,30,5,30,6,33,6,35,6,50,6,56,7,68,7,74,7,84,7,93,8,114,8,115,9,121,10,121
1423444,2024,203,42,3,53,4,57,4,64,4,72,4,75,4,89,4,92,5,106,5,113,6,124,6,131,6,136,6,143,7,155,8,171
1424752,2024,231,47,1,55,2,59,2,69,2,76,2,85,2,95,2,99,3,107,3,115,3,126,4,131,5,144,5,158,5,181,6,197
1424753,2024,232,42,0,52,0,53,0,60,0,64,0,66,0,69,1,75,1,81,1,90,1,90,1,93,3,102,3,113,4,124,5,131
1424754,2024,231,46,1,57,1,63,1,67,1,73,1,86,1,98,1,109,1,120,2,141,2,157,2,166,2,175,2,201,2,217,2,237
1424755,2024,232,37,2,42,2,46,2,56,2,57,2,64,2,68,3,80,3,95,3,104,3,115,3,129,3,134,6,145,7,151,7,169
1424756,2024,231,18,3,32,3,46,3,47,3,52,3,53,4,56,5,58,5,60,5,62,6,67,7,72,7,73,7,79,8,85,8,86
1424757,2024,232,25,2,27,3,30,4,32,4,35,4,40,4,45,4,56,4,67,4,76,5,80,5,84,5,91,5,103,5,106,6,121
1424759,2024,232,40,0,45,0,60,0,69,0,87,0,91,0,99,0,111,0,131,0,149,0,156,0,160,1,166,1,168,3,182,3,194
1424761,2024,232,29,1,41,1,47,2,52,2,62,2,64,2,79,2,84,2,91,2,92,5,101,6,104,8,107,9,111,9,111,10,111
1424763,2024,232,16,3,18,4,21,4,24,6,29,7,36,7,39,7,45,7,46,7,53,7,54,7,60,8,62,9,65,9,66,9,71
1424764,2024,231,33,0,41,0,43,1,49,1,51,2,57,2,62,2,68,2,74,2,75,2,80,3,85,4,93,4,99,4,109,4,111
1424765,2024,231,33,1,35,2,43,2,49,2,55,2,63,2,71,2,82,3,92,3,104,3,118,3,128,4,144,4,148,5,171,5,196
1424766,2024,231,34,0,39,0,47,0,61,0,63,1,76,1,90,1,104,1,117,1,125,1,128,3,133,3,149,4,159,5,191,5,206
1424767,2024,231,22,2,30,2,38,2,40,2,44,3,53,3,59,4,65,4,66,4,73,4,79,4,84,4,93,4,100,5,107,6,113
1424830,2024,99,29,2,35,3,42,3,49,3,50,5,56,5,59,5,65,6,69,6,73,6,76,7,79,8,84,8,90,9,90,10,90
1424831,2024,99,45,0,54,0,61,1,67,1,75,1,84,1,90,2,101,2,105,3,118,3,124,3,134,3,153,3,163,3,168,4,178
1424832,2024,158,56,1,62,1,71,1,76,1,89,1,93,1,98,2,113,2,122,2,129,3,135,4,143,4,155,4,164,4,169,6,178
1424833,2024,158,46,1,51,1,60,1,75,1,81,2,86,2,90,2,98,2,109,2,116,2,123,3,130,3,139,3,158,3,171,4,178
1425110,2024,211,51,1,57,1,61,2,72,2,77,2,84,2,95,2,103,2,116,2,132,2,145,2,164,2,175,2,189,2,196,3,206
1425111,2024,211,47,0,60,0,68,0,69,0,74,0,85,1,94,1,99,1,113,1,124,1,129,2,132,3,139,3,144,4,147,4,161
1425121,2024,233,25,1,30,1,31,2,39,3,49,3,57,3,62,4,64,5,70,5,77,6,84,6,97,6,103,6,120,7,126,8,132
1425122,2024,233,59,0,81,0,93,0,97,0,106,1,114,1,127,1,136,2,147,2,158,2,167,2,178,2,189,2,197,2,207,3,230
1425124,2024,233,57,1,63,1,65,3,69,3,74,3,78,3,87,3,93,3,96,4,100,4,109,4,112,6,118,6,137,6,148,6,159
1425125,2024,233,35,1,44,1,50,2,54,2,70,2,72,3,82,3,91,4,98,4,107,4,111,4,118,4,132,5,147,5,154,5,168
1425126,2024,199,36,2,38,4,39,6,42,7,43,7,49,7,56,7,64,7,64,7,71,7,80,7,82,7,93,7,109,7,118,8,124
1425127,2024,199,18,1,22,1,30,1,32,2,36,2,38,4,45,5,54,5,66,5,73,5,81,5,95,5,108,5,117,6,120,7,138
1425128,2024,199,31,2,42,2,48,2,52,2,60,3,63,3,71,3,75,3,91,3,100,3,112,3,123,3,129,3,142,3,149,5,165
1425129,2024,45,42,0,57,0,66,0,76,0,86,0,90,0,100,0,108,2,117,2,122,3,123,5,130,5,131,7,133,8,138,9,143
1425130,2024,45,27,3,33,3,41,3,55,3,59,3,70,3,73,3,85,4,93,4,100,4,105,4,117,4,124,5,128,6,144,6,157
1425131,2024,233,34,1,37,2,51,2,52,3,60,3,65,3,67,3,71,4,87,4,96,4,102,4,112,4,127,4,132,4,136,5,153
1425132,2024,233,27,0,42,0,44,2,52,2,61,2,68,2,77,2,86,2,92,2,94,2,101,2,104,2,115,3,121,3,134,5,144
1425133,2024,233,46,1,46,2,48,2,54,2,54,2,56,3,60,3,60,4,62,5,65,5,68,5,76,5,89,5,94,7,100,7,104
1426450,2024,67,39,0,48,1,53,1,56,1,65,2,71,2,75,3,82,4,82,5,85,5,87,6,91,6,96,7,99,8,104,9,109
1426451,2024,67,34,1,48,1,51,1,56,1,64,1,72,1,83,1,86,3,91,3,94,4,100,4,101,4,110,5,118,5,127,7,137
1426452,2024,67,17,1,26,1,31,1,34,2,41,2,44,3,49,3,51,4,55,5,56,5,61,5,68,5,75,5,90,5,94,6,101
1426453,2024,67,43,0,57,0,62,1,71,1,75,1,82,1,87,2,95,2,97,3,103,3,116,3,120,4,130,4,141,4,148,4,164
1426454,2024,67,33,0,40,0,48,0,56,0,72,0,76,1,100,1,106,2,119,2,121,3,127,3,140,3,145,3,159,3,191,3,212
1426455,2024,67,39,1,48,1,52,1,66,1,73,1,76,1,81,1,90,2,96,2,113,2,119,2,124,2,130,2,145,3,162,3,177
1426456,2024,96,58,0,69,0,72,1,82,1,90,2,99,2,104,2,109,2,118,2,128,2,136,3,144,6,155,6,162,6,169,8,178
1426457,2024,67,35,0,36,1,44,1,50,1,58,1,69,1,74,1,86,1,89,1,96,1,107,1,117,1,123,2,126,3,135,3,143
1426458,2024,96,39,2,54,2,63,2,68,2,70,2,81,2,87,2,99,2,104,3,126,4,136,4,142,4,152,4,180,4,183,6,201
1426459,2024,67,35,1,39,1,42,1,47,1,49,1,50,2,56,2,69,2,76,2,86,2,96,3,102,4,115,4,124,4,132,4,141
1426460,2024,96,55,0,67,0,75,0,89,0,98,0,111,0,124,0,141,0,142,1,149,1,174,1,180,2,195,2,204,2,223,2,236
1426461,2024,67,42,1,56,1,64,1,67,2,72,2,85,2,99,2,110,2,117,2,125,3,132,4,140,5,149,6,159,6,174,7,210
1426462,2024,96,33,2,40,3,42,4,45,4,54,5,55,5,66,5,74,5,79,5,91,5,100,5,105,6,117,7,123,7,137,7,146
1426464,2024,96,40,1,59,1,64,1,69,1,81,1,88,1,96,1,104,1,115,1,131,2,140,2,145,4,157,4,172,4,191,5,202
1426465,2024,67,33,1,38,2,49,2,59,2,67,3,70,4,76,4,76,5,80,6,85,6,90,7,96,7,108,8,114,10,114,10,114
1426469,2024,67,41,2,48,2,55,2,57,2,59,3,65,3,73,3,80,3,91,3,103,3,111,3,123,3,130,3,142,5,149,6,153
1426470,2024,67,24,3,26,3,32,3,35,4,38,5,43,5,50,5,59,5,60,6,64,7,75,7,78,8,79,9,83,10,83,10,83
1426471,2024,67,44,2,45,3,50,3,53,4,59,4,64,4,73,4,83,4,92,4,102,4,109,6,116,7,120,7,128,7,137,8,140
1426473,2024,67,16,1,23,1,24,2,25,3,33,3,37,3,39,4,41,5,44,5,44,6,46,7,55,7,72,7,75,8,76,10,76
1426474,2024,96,32,2,47,2,52,2,55,2,62,2,72,3,83,3,91,3,94,4,104,5,113,5,129,5,143,6,170,6,193,8,200
1426475,2024,67,21,2,30,2,38,3,45,3,50,3,52,4,58,4,67,4,75,4,77,5,87,6,89,7,94,7,108,7,116,8,119
1426476,2024,67,45,2,52,2,56,2,59,2,61,4,69,4,75,4,78,5,87,5,90,5,94,5,96,6,104,6,113,7,123,8,130
1426477,2024,67,35,3,37,3,44,3,51,4,53,4,62,4,68,4,76,5,80,5,88,7,93,7,97,7,100,8,111,8,119,8,139
1426478,2024,67,49,0,59,0,66,0,80,0,90,0,96,1,99,1,110,1,127,1,143,1,152,1,162,2,172,2,181,3,197,3,204
1426479,2024,234,56,0,65,0,75,0,84,0,90,1,95,1,103,1,119,1,127,2,132,2,137,3,143,3,152,3,170,3,183,3,195
1426480,2024,234,43,1,58,2,69,2,80,2,94,2,100,3,101,3,105,3,111,4,114,4,117,5,123,5,130,6,133,8,139,9,141
1426553,2024,18,56,3,61,3,64,3,71,3,83,3,87,4,92,4,97,5,99,5,104,5,115,6,124,6,131,6,139,6,141,7,147
1426554,2024,161,46,1,58,1,62,2,66,3,67,3,72,4,82,4,89,4,92,5,92,7,95,7,107,7,116,8,117,9,117,10,117
1426830,2024,127,29,1,38,1,48,1,58,1,66,1,76,1,91,1,92,2,105,2,113,2,116,4,130,5,138,5,151,6,163,6,182
1426831,2024,127,47,2,55,2,68,2,73,2,80,2,84,2,92,2,98,3,110,3,116,3,137,3,146,4,154,5,164,6,176,7,193
1426832,2024,127,42,1,50,1,64,1,69,1,82,1,95,1,106,2,115,2,129,2,135,3,137,4,147,4,152,5,164,6,167,7,178
1428151,2024,165,40,0,49,0,54,0,66,0,70,1,77,1,83,1,87,2,91,3,101,3,111,3,126,3,138,4,146,6,157,6,167
1428152,2024,165,32,3,35,3,42,3,47,3,58,3,65,4,76,4,78,5,80,5,83,6,95,6,101,6,110,6,122,6,139,6,150
1428154,2024,165,23,1,29,1,50,1,65,1,73,1,76,3,90,3,103,3,109,3,112,4,124,5,129,6,133,6,140,7,145,7,158
1428155,2024,165,45,2,57,2,65,3,66,4,69,4,74,4,87,4,92,4,103,4,109,4,120,5,126,5,133,5,143,6,148,7,157
1428156,2024,165,32,1,42,1,45,3,46,3,50,3,57,4,69,4,72,4,88,4,97,4,110,4,118,4,119,5,127,6,138,6,161
1428743,2024,235,19,1,21,1,25,1,30,2,36,4,44,4,46,5,54,5,65,5,70,5,76,6,78,6,85,6,95,6,99,6,104
1428744,2024,235,28,1,33,1,39,1,43,1,48,1,50,2,51,3,51,4,63,4,70,4,74,4,77,4,84,4,89,4,97,4,106
1428745,2024,235,26,1,29,1,43,1,50,1,53,1,63,1,66,2,69,3,78,3,82,3,84,4,86,5,93,6,97,8,111,8,120
1428746,2024,235,11,2,12,2,14,2,18,3,22,3,29,3,36,4,41,4,54,5,62,5,68,5,73,5,76,5,78,7,90,7,93
1431086,2024,134,51,2,63,2,65,3,67,3,78,3,85,3,93,3,108,3,120,3,125,4,129,4,137,4,153,4,163,5,169,5,171
1431087,2024,134,46,0,59,0,74,0,85,0,98,0,110,0,124,0,131,0,137,1,150,1,156,1,163,2,176,4,179,5,187,6,195
1431120,2024,193,43,1,52,1,64,1,76,1,87,1,94,1,103,1,108,1,116,1,130,2,135,2,152,2,161,3,179,3,196,3,199
1431121,2024,193,66,2,72,2,77,2,81,3,90,4,97,4,110,5,120,5,133,5,147,5,160,5,176,5,186,6,194,6,207,6,217
1431122,2024,193,56,1,65,1,75,1,92,1,102,2,109,2,121,3,139,3,146,3,156,3,169,3,192,3,209,3,230,3,240,4,253
1431123,2024,193,13,2,16,3,18,4,18,5,19,5,19,6,19,7,20,7,21,7,21,7,26,8,26,10,26,10,26,10,26,10,26
1431124,2024,193,66,2,74,2,76,2,84,2,92,2,103,2,116,2,130,3,145,3,149,3,158,3,170,3,191,3,204,4,217,5,223
1431125,2024,193,38,1,44,2,61,2,69,2,78,3,87,3,96,3,103,3,126,3,134,3,148,3,163,3,173,3,190,3,201,3,216
1431126,2024,193,55,1,76,1,89,1,94,2,100,2,116,2,125,2,131,3,138,3,151,3,160,3,177,3,190,4,202,4,222,5,232
1431607,2024,225,23,4,30,4,34,5,44,5,50,5,61,5,63,6,65,6,71,6,82,6,85,6,94,7,105,7,122,7,133,7,137
1431608,2024,225,27,2,33,2,38,2,44,2,47,2,55,2,58,3,63,3,73,3,76,5,78,6,85,7,88,7,90,9,90,10,90
1431609,2024,225,33,0,37,0,44,0,48,1,56,2,58,2,63,3,70,3,80,4,83,5,86,6,97,6,113,6,118,7,120,9,126
1431610,2024,225,32,2,43,2,50,2,55,2,60,4,62,5,65,6,69,7,81,7,85,7,97,7,102,7,113,7,129,7,139,8,145
1431611,2024,225,29,3,33,4,43,5,45,5,49,5,49,6,56,6,59,6,67,6,75,6,77,6,90,6,94,6,105,6,112,7,117
1432194,2024,236,26,4,27,4,36,4,46,4,50,4,54,4,56,6,68,6,77,6,95,6,105,7,113,8,120,8,123,8,135,9,136
1432195,2024,236,40,2,47,2,50,2,55,2,58,2,71,2,80,2,95,3,103,3,111,3,118,4,132,4,142,4,147,5,155,5,170
1432196,2024,236,37,3,46,3,49,3,53,3,60,3,65,3,68,4,69,5,78,5,85,5,91,6,95,6,100,8,113,8,120,8,142
1432197,2024,236,30,3,41,3,45,3,48,5,51,5,59,5,69,5,82,5,87,6,96,6,103,7,106,9,110,9,118,9,133,9,142
1432198,2024,236,41,0,53,0,61,0,74,0,78,1,86,2,89,3,90,4,101,4,106,4,112,4,128,4,131,5,139,6,152,7,163
1432199,2024,236,26,3,32,4,34,4,42,4,47,4,57,4,59,5,62,6,67,6,74,6,81,6,94,6,95,7,99,8,112,8,112
1432200,2024,236,27,2,32,3,39,3,46,4,53,5,64,5,70,5,81,5,85,5,96,5,100,5,106,6,119,6,125,7,129,8,139
1432211,2024,207,36,3,43,3,53,3,68,3,72,4,93,4,104,4,117,5,131,5,136,6,138,7,141,8,147,8,153,8,165,8,183
1432212,2024,111,38,1,45,1,51,1,66,1,83,1,90,1,103,1,110,2,115,3,122,3,129,4,136,4,158,4,177,4,191,4,206
1433362,2024,170,53,1,64,1,73,1,82,1,93,1,109,1,115,2,127,2,132,2,135,3,143,5,151,5,155,6,160,6,165,7,175
1433363,2024,170,36,1,51,1,56,2,75,2,84,3,88,3,98,3,111,3,119,3,127,3,139,4,154,4,171,4,182,4,202,5,207
1433364,2024,170,38,1,45,2,47,3,50,3,53,4,63,4,71,4,77,4,87,4,97,4,113,4,127,4,136,5,142,5,155,6,163
1433367,2024,168,26,3,33,3,38,4,42,5,47,5,51,5,55,5,69,5,79,5,95,5,103,5,113,5,125,6,132,6,156,6,174
1433368,2024,168,35,0,43,1,58,1,74,1,84,2,90,2,94,2,99,3,108,4,111,4,129,4,143,4,147,4,160,5,164,5,179
1433373,2024,115,39,3,58,3,61,4,68,4,71,5,81,5,96,5,100,5,109,6,117,7,129,8,141,8,152,8,162,8,166,9,182
1433374,2024,115,39,3,44,3,54,3,54,3,60,3,63,3,70,4,71,4,80,5,85,5,101,5,110,6,122,6,126,7,143,7,158
1433375,2024,121,34,4,39,5,46,5,50,5,62,5,76,5,83,5,86,5,96,5,98,5,110,5,111,7,113,7,122,8,135,8,145
1433376,2024,121,54,1,63,1,77,1,88,1,101,1,105,2,110,2,123,2,131,3,142,3,155,4,164,4,183,4,194,4,206,4,218
1433383,2024,228,21,2,32,3,34,3,43,3,53,3,56,3,71,3,77,3,88,4,94,4,96,5,105,5,116,5,126,5,138,5,147
1433384,2024,228,23,2,29,2,31,2,36,2,40,3,45,4,52,5,62,5,67,5,71,5,80,6,86,6,97,7,103,7,114,7,129
1433385,2024,228,44,1,54,2,59,2,66,3,70,3,76,3,89,3,98,3,102,4,112,4,114,6,126,6,136,6,156,6,164,7,189
1434155,2024,138,42,0,48,0,51,0,58,1,61,1,77,1,86,1,96,3,103,3,109,3,119,4,137,5,153,5,163,5,166,5,174
1434157,2024,138,34,3,39,4,43,4,45,5,46,6,51,7,53,7,55,8,61,8,68,9,71,9,77,9,79,9,79,10,79,10,79
1434160,2024,138,36,1,44,1,48,2,53,3,55,5,59,5,66,6,78,6,94,6,106,6,121,6,127,7,134,7,139,8,144,8,168
1434161,2024,138,49,0,64,0,73,0,86,2,100,2,105,2,110,3,120,3,131,3,138,3,146,3,152,3,166,3,174,4,185,5,192
1436471,2024,237,38,3,44,3,50,3,65,3,69,3,73,3,80,3,81,4,90,4,102,4,113,4,130,4,149,4,152,5,159,7,166
1436472,2024,238,47,1,56,1,64,1,66,2,73,2,78,4,79,5,80,6,87,6,93,6,105,6,112,6,126,6,130,7,139,7,147
1436473,2024,237,31,2,34,2,47,2,58,2,68,2,76,2,81,2,85,3,90,4,101,4,106,4,114,5,128,6,136,6,141,7,149
1436474,2024,238,27,0,35,1,44,1,55,2,65,2,81,2,96,2,103,2,118,2,131,2,141,2,148,2,155,4,163,5,167,8,169
1436475,2024,237,18,2,20,3,24,4,31,4,36,4,43,4,52,4,58,5,60,6,64,6,68,6,70,7,73,7,82,8,102,8,107
1436476,2024,238,59,3,63,3,70,3,74,3,87,4,94,4,103,4,110,4,115,4,124,4,133,4,148,5,156,6,166,6,173,7,182
1436477,2024,237,44,1,45,1,56,1,61,1,66,1,82,1,86,2,95,2,98,4,102,4,110,6,117,6,117,6,126,7,135,9,142
1436478,2024,238,38,1,43,2,48,3,50,3,54,3,63,3,68,3,76,3,80,3,84,4,91,5,96,5,107,5,110,8,113,8,116
1436479,2024,237,35,2,36,3,40,3,47,4,49,4,55,4,60,4,64,5,70,5,70,7,79,7,81,7,81,9,85,10,85,10,85
1436480,2024,238,26,1,40,1,51,1,63,1,73,1,74,2,77,2,84,2,85,3,92,3,96,4,103,5,107,6,114,6,117,9,125
1436481,2024,237,36,0,46,0,60,0,70,0,78,0,91,0,94,3,95,3,100,3,107,3,114,3,122,3,130,4,134,5,144,6,147
1436482,2024,238,29,0,38,0,42,0,48,0,57,0,68,1,70,1,77,2,81,3,83,5,91,5,93,5,100,5,108,5,112,7,122
1436483,2024,237,29,2,29,2,32,4,44,4,48,6,57,6,62,6,73,6,78,6,83,6,89,6,94,7,103,9,110,9,110,10,110
1436484,2024,238,29,2,35,2,40,2,43,2,44,3,50,3,57,3,63,3,77,3,80,3,95,5,106,5,111,6,122,6,132,6,145
1436485,2024,237,33,2,34,2,42,2,47,2,53,2,61,2,66,3,67,4,74,4,76,4,77,6,86,6,96,6,103,6,109,6,118
1436486,2024,238,21,1,26,1,32,1,36,1,39,2,45,2,54,2,58,2,64,3,70,4,71,4,73,4,75,5,77,7,85,8,86
1436487,2024,237,42,1,50,1,59,3,63,3,70,3,74,3,80,3,90,3,96,4,98,5,101,6,112,6,126,6,135,6,148,7,154
1436488,2024,238,38,1,45,1,56,1,72,1,79,1,91,2,105,2,107,3,118,4,124,4,134,5,140,5,148,6,160,6,171,6,187
1436489,2024,237,37,1,40,3,45,3,57,3,64,3,64,4,71,4,81,4,91,5,100,5,108,6,118,6,126,6,134,6,149,6,167
1436490,2024,238,48,0,53,1,55,2,62,3,67,3,71,3,80,3,90,3,99,4,106,4,113,4,120,5,131,5,139,5,142,7,149
1436491,2024,237,35,1,43,1,46,2,51,2,53,3,57,3,72,3,78,3,88,3,99,3,109,3,125,3,134,4,145,5,155,5,172
1436492,2024,238,31,2,32,2,35,2,37,2,45,3,53,3,56,3,64,4,69,4,75,4,84,4,94,5,102,5,106,5,109,6,122
1436493,2024,237,42,1,53,1,61,2,62,2,67,2,77,2,81,2,90,2,99,2,104,2,108,3,113,4,128,4,141,4,156,4,174
1436494,2024,238,71,0,91,0,99,0,108,1,118,1,134,1,147,1,155,1,163,1,176,1,185,2,193,2,202,2,218,3,229,3,244
1438073,2024,129,19,4,23,4,33,4,36,4,43,4,49,4,61,4,65,5,72,5,82,5,86,6,90,6,98,6,105,7,111,8,119
1438074,2024,129,53,1,74,1,83,1,95,1,103,2,110,2,111,4,121,4,124,5,128,6,139,6,145,6,160,6,168,6,182,7,198
1438075,2024,151,23,3,28,3,38,3,45,3,48,4,57,4,69,4,77,4,87,4,96,4,103,6,130,6,145,6,159,6,176,6,195
1438076,2024,151,33,1,44,1,46,2,49,2,60,2,68,2,72,2,79,2,89,2,95,4,112,4,132,4,154,4,159,5,177,5,191
1438077,2024,151,28,2,44,2,51,3,58,3,77,3,82,3,94,4,99,4,104,4,115,4,120,4,134,4,138,4,152,4,158,4,166
1438078,2024,151,30,1,42,2,52,2,57,3,76,3,84,3,97,3,99,4,103,4,106,5,111,5,115,5,126,6,135,6,140,9,144
1438079,2024,151,35,1,39,1,42,1,60,1,63,1,66,2,66,3,71,3,73,3,84,4,92,4,112,5,118,5,123,6,134,6,145
1438080,2024,151,17,2,27,2,31,2,36,2,47,2,57,2,69,2,75,2,87,2,92,2,110,2,118,3,140,3,161,3,170,3,186
1438257,2024,132,39,1,48,1,51,1,58,2,71,2,79,2,84,2,91,3,99,3,112,3,117,4,128,4,141,4,151,4,163,5,171
1438259,2024,132,57,2,61,4,65,4,67,4,77,4,82,4,88,5,91,6,96,7,103,7,107,8,108,8,111,8,114,9,118,10,118
1438262,2024,132,40,1,44,2,47,2,50,2,54,4,59,4,61,4,66,4,75,5,79,7,82,8,86,8,92,8,104,8,108,8,115
1439813,2024,126,55,0,68,0,81,0,103,0,114,0,124,0,144,0,154,0,162,0,170,0,177,0,185,0,195,2,210,2,222,2,233
1439814,2024,126,39,1,50,2,57,3,61,3,71,3,75,3,82,3,98,3,103,4,111,4,125,4,145,4,160,5,170,6,177,8,183
1439815,2024,126,42,0,55,0,70,0,80,0,90,0,91,2,97,2,108,2,113,2,118,2,125,3,132,3,144,3,153,3,159,3,172
1439816,2024,126,58,1,67,1,73,1,78,2,86,2,96,3,104,4,109,4,119,4,130,4,146,4,150,5,155,5,166,5,181,6,185
1439817,2024,126,13,2,22,2,23,2,28,3,36,3,38,4,42,5,46,5,47,6,47,7,49,8,49,10,49,10,49,10,49,10,49
1439818,2024,126,24,0,29,0,36,0,46,0,49,1,53,1,57,1,70,1,81,1,86,1,102,1,115,2,121,2,129,3,131,4,140
1439819,2024,126,51,0,63,0,66,1,71,2,78,2,95,2,102,3,112,3,119,3,129,3,139,3,156,3,172,3,183,3,198,3,220
1439820,2024,126,55,3,64,3,69,3,84,3,97,3,113,3,117,4,132,4,154,4,159,5,162,6,177,6,187,6,192,7,206,8,219
1439821,2024,126,48,1,62,1,66,1,68,2,76,3,92,3,103,3,115,4,125,4,127,5,134,5,149,5,162,6,172,6,186,6,198
1439822,2024,126,47,1,55,1,63,2,69,2,78,2,81,3,90,3,99,3,118,3,126,4,134,4,146,5,149,7,158,7,162,9,162
1439824,2024,126,30,3,34,4,44,4,48,4,52,4,56,4,71,4,80,4,88,5,96,5,101,6,104,7,111,7,120,7,127,8,136
1439825,2024,126,15,2,18,2,23,2,31,2,33,2,38,2,39,2,45,3,55,3,60,4,63,6,67,6,74,7,79,7,86,8,99
1439826,2024,126,57,0,62,1,65,1,67,2,71,3,74,3,77,3,80,4,82,5,87,5,107,5,114,6,123,6,133,7,137,8,146
1439831,2024,126,28,2,35,2,39,2,48,2,51,3,52,5,56,5,60,5,65,5,69,5,76,5,80,5,83,6,88,7,98,7,104
1439832,2024,126,39,3,40,3,40,4,45,4,45,6,47,7,53,7,55,8,56,9,60,9,68,9,73,9,85,9,93,9,101,10,101
1439833,2024,126,11,0,14,1,18,1,26,1,36,1,40,2,42,3,48,3,56,4,59,4,65,4,71,4,76,5,82,5,94,5,98
1439836,2024,126,31,1,33,3,37,3,37,4,37,6,38,7,40,8,44,8,47,8,49,8,62,9,69,10,69,10,69,10,69,10,69
1439893,2024,239,39,2,39,2,42,3,45,4,56,4,64,5,70,5,75,6,90,6,95,7,102,7,111,7,114,7,117,9,120,9,127
1439894,2024,146,36,2,45,3,51,3,62,3,77,3,101,3,114,3,122,3,148,3,152,4,165,4,182,4,185,5,195,5,213,6,221
1439895,2024,186,63,1,82,1,98,1,113,1,122,1,152,1,166,1,179,1,190,1,201,2,213,3,234,3,252,3,267,3,282,4,297
1439899,2025,143,38,2,46,2,61,2,65,4,69,4,74,4,80,4,84,5,94,5,97,6,99,6,103,7,110,8,114,8,121,8,132
1439900,2025,240,47,2,58,2,61,3,66,3,74,3,78,4,90,4,94,5,106,6,118,6,121,6,136,7,144,8,153,8,157,9,165
1439901,2025,149,49,1,52,1,65,1,74,1,83,2,87,3,91,3,101,3,108,4,116,6,123,6,127,8,146,8,151,9,162,9,171
1439902,2025,196,37,3,47,3,53,3,65,4,69,4,72,4,79,5,87,5,98,5,110,5,113,5,129,5,146,5,166,6,178,6,181
1439903,2025,195,80,1,95,1,111,1,127,1,136,2,143,2,148,3,161,3,178,3,185,4,194,5,202,6,219,6,237,7,240,7,247
1440129,2024,241,31,2,38,2,42,3,48,3,52,3,58,3,69,3,79,3,81,3,89,3,100,3,110,5,121,5,130,5,147,5,156
1440130,2024,241,35,4,40,5,48,6,53,6,58,6,61,6,68,7,76,7,86,7,93,7,99,7,109,7,112,8,125,8,132,8,134
1440131,2024,242,40,2,45,2,53,2,64,2,69,2,72,3,77,3,81,4,92,5,97,5,107,5,113,7,125,7,131,8,137,8,148
1440463,2024,133,47,1,56,2,63,3,75,3,81,3,84,3,92,3,102,4,109,4,113,4,117,5,125,6,130,6,139,7,144,8,154
1440464,2024,133,36,2,55,2,67,2,79,2,90,2,100,2,109,2,117,3,128,3,144,3,148,3,152,3,162,3,176,3,180,4,196
1440465,2024,133,42,1,54,2,61,2,67,2,74,3,78,3,82,3,92,4,105,4,114,5,123,5,132,5,140,6,144,7,146,8,149
1441133,2024,243,29,0,31,0,49,0,54,0,72,1,79,2,84,2,91,2,102,2,110,2,114,2,120,2,125,2,141,2,160,2,176
1441135,2024,243,39,0,40,0,43,0,47,0,54,1,57,1,60,1,71,1,77,1,84,1,87,2,93,2,103,2,110,2,118,3,125
1441136,2024,243,18,3,24,3,34,3,38,3,43,4,47,4,50,5,53,6,60,6,62,6,70,7,78,7,82,7,85,7,92,7,103
1441140,2024,243,53,0,64,0,70,0,78,0,86,0,91,0,100,0,109,0,114,1,122,1,129,1,138,1,143,1,154,1,166,1,168
1441145,2024,243,48,2,53,2,56,2,66,3,68,3,70,3,81,3,94,3,102,3,108,4,122,4,130,4,146,4,157,5,169,5,182
1442735,2024,243,41,1,51,1,55,2,65,2,73,3,81,3,83,4,96,5,104,5,107,5,113,5,123,5,130,5,137,5,151,5,159
1442736,2024,243,28,1,32,1,38,1,46,1,55,1,59,2,63,3,63,4,67,4,72,4,85,4,95,4,98,6,113,6,127,7,136
1442737,2024,243,40,0,58,1,63,1,65,2,69,2,78,2,82,2,85,3,96,3,101,3,101,3,110,4,120,4,131,4,137,6,149
1442738,2024,243,32,0,43,0,51,0,62,0,66,0,77,0,87,0,99,0,105,0,110,1,114,1,123,2,134,2,145,3,150,4,158
1442739,2024,243,42,0,46,0,54,0,56,1,61,1,66,1,74,1,84,1,91,2,107,2,121,2,125,3,134,3,138,5,146,6,155
1442987,2024,85,59,0,74,1,81,2,98,2,102,2,111,2,122,2,135,2,146,2,153,3,159,3,172,3,181,4,192,4,203,6,213
1442988,2024,85,45,1,54,1,63,1,71,1,77,1,80,2,88,2,99,2,108,2,123,2,130,2,139,4,142,6,147,6,153,7,161
1442989,2024,85,28,3,30,4,35,4,44,4,53,5,59,5,68,5,74,5,81,5,96,5,102,5,105,7,116,7,120,7,128,7,137
1443543,2024,177,26,2,32,2,42,3,47,3,60,3,65,5,69,5,77,5,84,5,96,5,118,5,133,5,144,5,154,5,169,5,172
1443544,2024,177,36,1,48,1,57,1,63,1,76,1,86,2,91,2,100,2,115,2,120,3,124,4,133,4,143,4,152,5,170,5,186
1443545,2025,244,42,2,49,2,59,2,68,2,83,2,85,3,94,3,111,3,123,3,131,3,153,3,167,3,183,4,206,4,212,5,218
1443549,2025,179,11,4,14,4,16,4,21,4,28,4,42,4,57,4,59,5,64,6,72,6,77,6,80,7,85,7,89,8,91,10,91
1443551,2025,180,49,2,58,2,69,2,80,2,98,2,105,3,122,3,135,4,142,5,150,5,164,7,172,7,175,7,192,7,200,9,204
1443552,2025,177,67,1,79,1,95,1,108,1,111,2,134,2,138,3,141,4,148,4,151,5,157,5,166,5,181,5,204,5,209,6,220
1443553,2025,216,23,2,27,3,37,3,43,4,46,4,52,4,54,5,60,5,68,5,71,5,87,5,101,5,108,7,117,7,123,9,128
1443766,2024,241,13,1,20,2,24,2,30,2,42,4,49,4,55,4,64,4,80,4,88,4,95,4,103,4,122,4,134,4,138,6,152
1443767,2024,242,21,2,27,2,32,3,34,4,42,5,46,5,47,5,56,5,63,5,67,7,70,7,71,8,75,8,83,8,91,8,97
1443768,2024,241,55,0,64,0,73,0,80,1,88,1,98,1,112,1,122,2,126,3,146,3,156,3,174,3,193,3,203,4,212,5,225
1443769,2024,242,30,1,32,2,33,3,35,3,39,4,40,4,42,4,50,4,59,4,65,5,78,5,84,5,101,5,110,6,114,7,117
1443770,2024,241,32,2,39,2,45,2,51,4,63,4,75,4,90,5,96,5,102,5,105,5,110,7,114,8,118,8,126,8,136,9,142
1443771,2024,242,42,2,44,2,45,2,52,2,65,2,73,2,85,2,87,4,97,4,105,4,113,5,120,5,135,6,148,6,159,8,166
1443772,2024,241,42,1,44,1,53,1,56,1,67,1,73,1,82,2,83,3,87,3,90,4,105,4,113,5,119,6,128,6,132,8,139
1443773,2024,242,63,2,65,3,69,4,79,4,81,4,86,4,99,5,104,5,107,5,116,5,126,5,135,5,152,5,163,5,175,7,179
1443776,2024,241,30,2,35,3,41,3,46,3,53,3,55,3,61,4,68,4,75,5,80,6,82,7,83,8,90,9,94,9,99,9,100
1443777,2024,242,34,1,37,1,42,3,47,3,51,3,56,3,66,3,76,3,84,3,85,3,87,5,99,5,106,5,115,6,124,6,129
1443778,2024,241,50,1,67,1,71,1,79,1,88,1,94,1,99,2,118,2,121,2,127,2,137,2,145,2,162,2,178,2,192,2,211
1443779,2024,242,18,2,20,2,34,2,43,3,45,4,49,5,52,5,53,7,55,8,66,8,67,9,67,10,67,10,67,10,67,10,67
1443780,2024,241,17,2,19,3,25,3,32,3,35,3,39,3,42,4,47,4,47,6,51,6,53,6,55,6,73,6,86,6,91,7,99
1443781,2024,242,21,1,22,2,32,2,37,2,47,2,48,3,50,3,53,3,69,4,75,5,78,5,85,5,89,6,92,7,93,8,96
1443782,2024,241,59,0,63,0,70,0,77,1,85,1,93,1,107,1,120,1,129,2,134,3,143,3,152,3,166,3,176,3,190,4,205
1443783,2024,242,58,2,68,2,72,2,79,3,83,3,95,3,102,3,119,3,126,4,136,4,145,5,154,5,168,5,177,6,189,6,199
1443784,2024,241,62,0,62,1,68,1,72,1,78,1,83,1,88,1,95,1,102,1,104,2,111,3,119,4,128,4,135,5,141,6,159
1443785,2024,242,27,2,33,2,36,3,45,3,56,3,62,4,73,4,79,5,83,5,89,6,93,7,101,7,107,7,116,7,125,8,132
1443786,2024,241,34,0,43,1,50,1,62,1,68,1,79,1,86,1,99,2,104,3,111,3,122,3,129,3,141,3,150,3,158,4,172
1443787,2024,242,35,1,41,1,46,1,52,2,63,2,70,2,84,2,92,3,99,4,104,5,108,5,115,6,119,8,125,8,132,9,134
1443788,2024,242,29,4,42,4,50,4,53,4,56,4,59,4,62,4,73,4,73,5,83,5,92,5,95,5,97,7,101,8,105,9,110
1443789,2024,241,33,3,35,4,50,4,54,4,63,4,75,4,81,4,85,4,88,5,93,5,100,5,104,5,130,5,142,6,148,6,158
1444652,2024,166,49,1,52,1,55,1,59,2,65,2,78,2,80,2,85,2,94,3,100,3,105,4,117,4,121,4,131,4,149,4,165
1444654,2024,166,28,3,42,3,46,3,58,4,62,4,66,4,76,4,83,5,85,5,90,5,96,6,99,6,106,6,112,6,119,7,132
1444947,2024,245,21,1,30,1,38,1,55,1,66,1,71,3,73,4,79,5,88,5,104,6,106,6,107,8,111,8,116,8,121,8,125
1444948,2024,245,15,6,22,6,23,6,29,6,30,8,36,8,38,8,41,8,43,8,45,8,49,9,51,9,52,10,52,10,52,10,52
1444950,2024,245,39,2,47,2,56,2,67,2,86,2,96,3,105,3,118,4,127,4,135,4,140,4,154,4,159,4,169,4,176,5,205
1444951,2024,245,36,1,46,1,56,2,65,2,75,2,95,2,101,2,107,2,114,2,133,2,150,3,164,3,183,4,193,4,215,4,230
1444952,2024,246,33,1,48,1,57,1,66,3,67,3,72,3,81,3,92,3,100,3,112,3,118,4,122,4,128,5,139,5,156,5,180
1444954,2024,246,36,2,38,3,42,3,44,3,51,3,59,3,63,3,68,4,72,5,74,5,78,6,80,7,91,8,97,9,104,10,104
1444955,2024,246,29,0,38,1,45,2,48,3,58,3,64,3,74,3,83,3,92,3,105,3,115,3,119,3,133,3,139,3,150,3,157
1444956,2024,246,18,3,24,4,35,4,42,4,47,4,52,4,61,4,63,5,72,5,77,5,116,5,119,5,134,5,153,5,164,7,174
1444957,2024,246,42,1,46,1,49,1,52,2,69,2,72,2,82,3,93,3,104,3,107,3,114,4,134,4,139,5,147,5,165,5,173
1444958,2024,246,27,1,35,1,41,1,61,1,70,2,72,2,87,2,91,2,96,3,101,3,118,3,132,3,150,3,154,4,172,4,183
1444959,2024,246,44,0,52,0,61,0,67,0,72,1,76,1,76,4,80,5,83,5,95,6,102,7,103,7,105,7,113,7,119,9,125
1444960,2024,246,29,2,34,4,39,4,52,4,61,4,66,4,72,4,77,4,94,4,100,5,108,6,116,6,125,6,144,6,151,6,168
1444961,2024,246,51,0,65,0,75,0,82,0,91,0,94,2,95,2,101,3,103,3,110,3,118,3,126,3,139,3,143,3,159,4,169
1444962,2024,246,46,1,48,1,61,2,63,2,71,2,76,2,82,3,87,4,90,5,94,6,97,6,100,8,104,8,113,8,119,9,135
1444963,2024,246,34,0,35,1,38,1,47,1,50,1,53,2,62,3,66,3,74,3,85,3,89,3,98,4,107,6,119,6,127,7,145
1446761,2024,247,34,3,42,3,46,3,55,3,58,4,64,4,67,4,75,4,80,4,82,5,93,5,102,5,112,5,122,5,131,5,152
1446762,2024,247,52,1,54,1,63,1,73,1,77,1,88,1,93,2,100,2,107,2,116,2,127,2,134,2,138,4,148,4,152,5,169
1446763,2024,247,76,0,77,2,81,2,94,2,99,2,117,2,131,2,137,3,150,3,154,3,164,4,176,4,185,4,198,4,209,4,217
1446764,2024,247,15,3,23,4,26,4,34,4,35,6,52,6,56,6,61,6,68,6,73,6,86,6,95,6,101,6,104,7,117,8,132
1446765,2024,165,46,0,58,1,60,1,68,1,80,1,90,2,94,2,96,2,99,3,109,3,113,4,124,4,134,4,139,5,147,6,168
1446766,2024,165,43,2,54,2,57,2,60,2,64,3,65,3,72,3,73,6,78,6,81,7,89,7,101,7,106,7,113,7,121,8,132
1446771,2024,248,26,1,41,1,51,1,60,2,67,2,73,2,91,2,102,2,106,3,118,3,126,4,138,4,146,5,154,5,157,7,168
1446772,2024,248,22,2,29,3,34,3,38,4,41,4,44,5,46,6,55,7,61,7,65,7,68,8,70,10,70,10,70,10,70,10,70
1446773,2024,248,40,1,40,2,45,2,49,2,52,2,54,3,60,3,63,4,67,4,70,4,77,4,78,6,82,6,91,6,96,6,101
1446774,2024,248,29,2,38,2,46,2,50,3,53,3,61,3,65,3,72,3,87,3,104,3,109,3,116,3,121,4,125,5,139,6,144
1446775,2024,248,33,1,38,1,43,1,45,2,49,2,64,3,69,3,71,3,83,3,89,3,105,3,119,4,134,5,151,5,160,5,163
1446776,2024,248,39,2,43,2,51,2,57,2,67,2,76,2,82,2,90,2,100,2,111,2,120,2,125,3,131,3,142,4,146,5,153
1446777,2024,248,28,1,41,1,51,1,55,1,60,1,67,1,79,1,96,1,98,2,104,2,112,3,116,3,121,4,130,4,135,5,146
1447477,2024,211,45,0,57,0,62,0,73,0,87,0,100,0,111,0,122,1,131,1,140,1,150,1,153,2,160,3,172,3,186,3,203
1447478,2024,249,20,1,21,1,22,1,24,2,25,3,28,3,30,3,33,3,35,3,37,3,39,4,39,5,42,6,43,6,46,6,50
1447479,2024,211,42,0,60,0,66,0,86,0,97,0,102,0,108,1,131,1,140,2,149,3,161,4,171,4,181,5,197,6,203,7,210
1447480,2024,211,31,4,38,4,44,4,53,4,57,5,63,5,67,5,71,5,73,5,88,5,94,5,113,5,122,5,132,5,142,6,153
1447481,2024,249,18,1,19,2,20,2,25,2,30,2,35,2,35,2,39,3,39,5,43,5,52,5,55,5,60,6,70,6,71,6,75
1447483,2024,211,38,1,68,1,72,1,88,1,100,2,106,2,118,2,131,3,135,3,143,3,150,3,159,5,163,6,177,7,189,7,201
1447484,2024,249,36,2,52,2,63,2,73,3,88,3,94,3,99,3,115,3,125,3,135,3,147,4,164,4,182,4,201,4,213,4,226
1447485,2024,249,30,1,34,2,38,2,50,2,56,2,60,3,68,3,74,3,86,3,91,4,99,5,105,5,110,5,116,5,125,6,132
1447486,2024,249,46,0,48,2,50,2,55,2,56,3,58,3,62,4,65,4,71,4,74,5,80,5,82,6,89,6,92,7,98,9,102
1447487,2024,211,11,1,12,1,16,1,18,1,21,2,22,2,23,2,25,3,26,3,28,4,31,5,36,5,39,5,41,6,42,6,47
1447488,2024,249,59,1,67,2,73,3,78,3,84,3,90,3,96,3,100,4,105,4,115,4,132,4,136,5,140,5,153,5,173,6,182
1447489,2024,211,34,1,39,1,43,1,46,2,55,2,61,2,69,3,86,3,96,4,102,4,112,4,116,4,121,6,131,6,140,6,149
1447491,2024,211,15,2,18,2,23,2,24,4,25,5,30,5,32,6,35,6,38,7,42,7,44,8,49,9,51,10,51,10,51,10,51
1447492,2024,211,54,1,56,2,59,2,68,2,73,2,85,2,97,2,102,2,113,2,126,2,131,2,139,2,146,2,159,4,168,6,178
1447493,2024,249,35,3,50,3,59,3,69,3,78,3,80,3,93,3,95,4,99,4,102,5,105,5,114,5,133,6,139,7,147,7,152
1447494,2024,211,29,1,39,1,49,1,58,2,74,2,76,3,84,3,86,4,93,4,95,5,97,6,103,6,111,7,116,8,124,10,124
1447495,2024,211,14,1,18,1,24,1,24,2,25,4,28,6,29,6,29,7,30,8,31,9,32,9,38,9,44,9,45,10,45,10,45
1447496,2024,249,12,1,14,2,17,2,17,2,18,3,20,4,20,6,21,6,22,7,23,7,25,8,30,9,31,10,31,10,31,10,31
1447497,2024,249,40,3,42,4,45,4,57,4,62,4,66,4,73,5,77,5,80,5,89,5,93,5,97,6,104,6,120,7,130,8,139
1448346,2025,194,55,1,78,1,85,1,95,2,99,2,108,3,113,3,116,4,121,4,131,4,136,4,148,4,156,4,168,4,179,5,188
1448347,2025,140,40,1,55,1,59,1,66,1,79,1,82,1,91,2,93,2,100,3,112,3,116,3,121,4,141,4,149,5,180,5,196
1448348,2025,109,69,0,83,0,92,0,113,0,121,1,135,1,148,1,154,2,159,2,173,2,178,3,191,3,213,3,221,3,236,3,248
1448358,2025,106,88,0,100,0,112,0,127,1,150,1,166,1,174,1,193,1,216,1,221,1,230,2,244,2,260,2,268,2,284,2,304
1449301,2024,207,49,1,56,1,61,1,75,1,90,2,99,2,111,2,124,2,142,2,162,2,167,3,175,4,182,5,185,5,198,6,202
1449302,2024,214,24,3,34,3,41,3,45,4,52,4,62,4,67,4,70,5,76,5,80,5,86,5,93,6,101,6,115,6,118,6,124
1449303,2024,111,60,1,70,1,83,1,99,1,107,2,110,3,120,3,130,3,132,4,138,4,154,4,175,4,183,4,196,5,215,5,219
1449304,2024,110,68,0,73,1,81,1,89,1,108,1,129,1,142,1,162,1,177,1,199,1,219,1,230,1,240,1,251,1,270,1,283
1450751,2024,250,28,0,34,1,41,1,46,1,52,1,58,1,68,1,75,2,82,2,97,2,105,2,112,2,118,3,127,3,140,3,145
1450754,2024,250,20,1,26,2,28,3,30,3,32,3,32,4,39,5,40,5,42,7,46,7,49,8,51,9,57,10,57,10,57,10,57
1450755,2024,251,26,1,29,1,34,1,40,1,44,1,50,2,53,3,58,4,60,4,64,4,79,4,85,4,91,4,101,4,108,4,113
1450757,2024,251,23,1,30,1,40,1,47,1,50,1,56,1,61,1,66,2,70,3,84,3,88,3,94,3,100,3,112,3,121,3,133
1450759,2024,251,8,2,15,4,15,5,16,6,16,6,16,6,21,6,29,6,30,6,34,6,36,6,38,9,43,10,43,10,43,10,43
1450760,2024,251,17,2,19,3,22,3,27,3,31,3,35,4,43,4,48,4,51,5,59,5,60,5,63,6,69,6,70,7,79,8,84
1450761,2024,250,52,1,57,2,62,2,66,2,80,2,85,2,100,2,104,4,111,4,118,4,122,4,125,6,129,8,135,8,142,9,148
1450765,2024,250,16,3,24,3,33,3,37,3,45,3,47,3,55,5,59,6,64,7,69,7,76,7,86,7,94,8,105,8,118,8,119
1450766,2024,252,30,1,36,2,39,2,43,2,46,3,51,4,56,5,59,5,66,5,68,6,77,6,81,7,88,7,93,7,99,7,104
1450768,2024,252,11,2,11,3,21,3,22,3,28,3,32,3,34,3,47,3,54,4,56,4,63,5,72,5,81,5,85,6,88,7,96
1450769,2024,252,32,0,36,0,37,0,43,0,45,1,52,1,60,1,66,1,69,2,73,4,76,4,80,4,85,5,88,5,92,6,99
1450770,2024,252,23,2,26,2,30,2,39,2,42,3,45,3,49,3,56,3,60,3,72,3,79,3,85,3,94,3,97,4,106,5,113
1450771,2024,252,22,2,23,3,25,3,26,5,33,5,38,5,39,6,44,6,53,6,57,6,62,6,64,6,65,8,69,8,75,8,78
1450773,2024,252,51,2,55,2,64,2,68,2,76,2,86,2,94,2,106,2,119,2,129,3,134,3,146,3,149,5,160,5,170,5,178
1450774,2024,252,43,0,49,1,53,1,56,1,64,1,65,1,68,2,75,2,80,3,86,3,90,4,97,4,106,4,109,6,115,7,121
1450775,2024,252,17,0,25,0,30,0,41,0,47,1,56,1,60,1,64,1,72,1,76,1,84,2,94,3,104,3,120,3,128,3,141
1450776,2024,252,23,0,26,0,28,0,30,0,33,2,38,2,48,2,54,3,60,3,61,5,69,5,76,5,84,6,88,6,94,7,101
1450777,2024,252,37,2,44,2,49,2,56,2,69,2,77,2,81,2,90,2,94,3,102,3,110,3,118,3,129,5,137,5,146,5,155
1450778,2024,252,34,1,40,1,53,1,64,1,74,1,86,1,92,2,96,2,102,3,105,3,110,3,116,3,124,3,133,3,147,4,158
1450779,2024,252,44,0,51,1,55,1,60,1,68,1,78,1,87,1,93,1,101,2,110,2,116,2,124,2,128,2,144,2,163,2,173
1450817,2024,117,64,0,72,0,87,0,102,0,117,0,129,0,137,1,140,1,145,1,168,1,182,1,186,2,194,2,208,2,224,2,245
1450818,2024,117,50,0,62,0,68,1,74,1,80,1,91,1,98,2,118,2,124,2,133,3,138,3,149,4,153,5,161,5,164,8,175
1450819,2024,117,43,1,49,1,56,1,63,1,73,1,83,1,88,1,93,2,99,2,110,2,121,2,134,2,143,2,164,3,168,4,181
1450820,2024,117,14,3,15,3,24,3,28,3,37,4,40,4,54,4,58,4,63,5,70,5,73,6,78,6,84,6,98,6,103,6,110
1450821,2024,117,42,1,45,1,50,1,58,1,78,1,88,1,101,1,105,2,116,2,121,2,123,3,129,4,135,4,144,5,154,5,170
1450822,2024,117,45,3,46,4,54,4,56,5,61,5,65,5,70,6,75,6,81,6,82,6,85,6,93,6,96,7,104,7,108,9,120
1450823,2024,253,29,1,37,3,39,3,43,3,45,3,53,3,56,4,65,5,69,5,77,5,83,6,86,6,93,7,104,7,112,7,123
1450824,2024,253,38,0,39,1,42,2,45,2,55,2,65,2,70,3,85,3,88,4,95,4,98,5,109,5,130,5,149,5,158,5,176
1450825,2024,253,20,2,31,3,35,4,38,4,42,4,50,4,54,4,60,6,61,6,65,6,72,6,77,7,85,7,92,8,101,9,106
1450826,2024,253,46,0,56,0,60,0,66,0,70,0,74,1,77,2,80,3,82,3,84,4,88,4,94,4,103,4,116,5,128,5,139
1450827,2024,253,44,2,50,2,55,2,58,3,61,3,67,3,71,3,83,3,91,3,99,3,107,4,123,4,125,5,142,6,151,7,157
1450828,2024,253,29,4,35,4,37,5,38,6,39,6,40,6,42,7,46,7,48,7,52,7,55,7,59,8,66,8,75,9,77,9,82
1451814,2024,254,43,2,54,2,58,2,60,3,69,3,83,3,92,3,106,3,114,3,119,3,132,3,140,3,151,4,161,4,171,5,179
1451815,2024,254,40,0,52,0,54,0,61,0,64,0,77,1,79,1,90,1,104,1,115,2,118,2,127,3,134,3,142,4,153,4,162
1451816,2024,254,37,1,42,2,46,2,49,2,53,3,55,4,62,4,68,5,78,5,86,5,111,5,118,6,123,6,135,6,147,7,162
1453518,2024,226,46,0,50,1,54,1,60,1,69,1,75,2,83,3,90,3,93,4,105,4,115,4,121,4,135,4,150,4,159,6,164
1453519,2024,226,28,1,34,1,42,1,47,1,53,1,60,2,68,2,84,2,93,3,101,3,116,3,126,3,134,4,146,4,157,5,170
1453520,2024,226,30,2,38,2,54,2,58,3,62,3,71,3,76,3,83,3,95,3,100,3,116,3,125,3,131,3,137,4,144,4,156
1453903,2024,255,20,2,26,2,30,2,37,3,46,3,53,4,61,4,71,4,85,4,98,5,102,5,114,5,116,7,129,9,132,10,132
1453909,2024,255,16,1,24,1,27,1,31,1,33,3,42,3,50,3,58,3,65,3,70,4,75,4,84,4,89,5,91,6,95,6,101
1453911,2024,256,52,0,62,0,65,0,73,1,80,1,83,2,85,2,93,3,97,3,102,3,109,3,120,3,144,3,153,4,162,5,171
1453912,2024,256,20,4,27,4,34,4,40,4,45,6,47,6,55,6,63,6,68,7,71,7,76,7,84,8,86,8,90,9,93,9,95
1453913,2024,256,16,1,23,1,24,1,27,1,29,2,34,2,38,2,46,2,51,2,57,2,61,2,74,2,88,2,97,4,106,6,112
1453914,2024,256,16,2,18,2,18,3,24,3,24,3,26,4,32,4,42,4,45,4,48,5,51,5,57,5,58,7,69,7,82,7,86
1453915,2024,256,36,2,43,2,49,2,52,2,59,2,69,2,81,2,90,2,93,3,98,3,115,3,117,5,130,5,140,5,143,5,154
1453916,2024,256,40,0,42,0,46,1,54,1,57,1,62,1,66,1,79,1,87,1,92,1,108,1,119,1,124,1,128,1,136,2,144
1453917,2024,256,23,0,36,1,42,1,42,1,50,1,58,1,63,2,71,2,76,2,90,2,95,3,106,4,111,4,121,4,130,5,146
1453918,2024,256,32,0,44,0,47,1,56,2,59,2,64,2,68,2,71,2,80,2,80,2,92,2,98,2,98,4,108,5,110,7,122
1453919,2024,256,26,4,30,4,31,4,33,4,33,4,34,4,38,4,43,4,52,4,53,4,70,4,83,4,93,4,94,5,99,5,105
1453922,2024,190,65,0,86,0,110,0,128,0,138,0,148,1,152,1,171,1,181,2,198,2,213,3,226,3,251,3,257,4,270,4,286
1453923,2024,257,38,2,47,2,57,2,72,2,82,2,103,2,107,3,111,3,131,3,147,3,159,3,165,3,178,3,188,3,215,3,224
1453924,2024,257,31,3,38,3,42,3,49,3,62,3,70,4,81,4,87,4,95,4,101,5,110,5,117,5,122,6,126,7,137,7,146
1453925,2024,190,34,2,42,3,48,3,64,3,67,3,74,3,81,3,91,3,107,3,108,4,111,4,122,4,128,4,141,5,150,6,163
1453926,2024,257,35,0,43,0,47,0,53,1,59,1,61,2,63,2,76,2,78,3,84,3,95,3,105,3,111,4,123,4,132,4,142
1453929,2024,190,26,2,27,2,29,3,33,3,35,3,43,3,49,3,56,3,59,4,66,4,68,4,69,6,76,6,85,6,94,7,100
1453930,2024,257,16,2,17,3,21,3,28,4,29,4,31,6,42,6,44,6,48,7,49,7,51,7,56,7,56,9,57,9,60,9,74
1453931,2024,190,19,3,21,4,22,4,24,4,29,4,32,5,43,5,43,6,46,6,53,6,64,6,68,6,72,7,77,8,80,8,86
1453932,2024,257,92,0,103,1,115,2,125,2,141,2,150,3,162,3,185,3,201,3,210,4,228,4,242,4,277,4,301,4,319,4,344
1453933,2024,190,26,0,32,1,45,1,47,1,64,1,72,2,75,2,89,3,96,3,99,3,109,3,120,3,137,3,143,3,148,3,158
1453934,2024,190,51,1,64,1,69,2,75,2,85,3,92,3,95,4,106,4,112,4,123,4,132,4,141,4,153,4,161,5,172,6,175
1453935,2024,257,63,1,87,1,107,1,128,1,133,2,141,2,150,3,155,3,169,4,172,5,183,5,193,5,212,5,217,7,222,8,240
1454384,2024,258,23,2,30,2,32,2,36,2,40,3,48,3,50,5,52,5,54,6,59,6,63,7,65,7,70,7,77,7,86,8,88
1454385,2024,258,37,2,46,3,48,3,58,3,65,4,69,5,76,5,80,6,85,6,90,6,94,7,95,9,101,9,105,9,109,10,109
1454388,2024,258,29,2,37,3,45,3,45,4,47,4,48,4,51,5,54,5,56,5,69,6,72,6,75,6,77,6,82,8,88,8,101
1454819,2024,67,34,3,44,3,51,4,57,4,64,4,68,4,73,4,77,4,83,4,86,5,95,5,103,5,108,6,120,6,134,6,138
1454820,2024,67,27,2,40,2,46,3,60,3,70,3,83,3,90,3,100,4,107,4,112,5,123,5,134,5,142,5,153,5,173,5,185
1454821,2024,67,21,1,32,1,46,1,49,1,63,2,72,2,78,2,85,3,90,4,94,4,103,4,108,5,126,5,132,5,141,6,147
1456013,2024,243,43,0,50,1,58,1,62,1,64,1,69,1,77,1,80,3,86,3,96,3,108,3,113,5,116,5,147,5,160,5,177
1456441,2024,254,29,2,31,3,34,3,47,3,53,4,60,5,65,5,68,6,80,6,83,6,90,7,97,8,117,8,125,8,133,8,135
1456442,2024,254,25,2,33,2,37,4,41,4,48,5,50,5,53,6,57,6,64,6,67,6,75,6,84,6,89,7,101,7,104,9,108
1456867,2024,225,50,0,59,0,63,0,79,0,86,0,98,0,107,0,118,1,122,1,137,1,142,1,148,1,152,1,161,1,179,1,192
1456868,2024,225,23,1,32,1,38,2,45,2,47,3,49,4,54,4,58,4,61,4,64,4,70,4,78,4,81,4,82,4,88,4,93
1456869,2024,225,36,1,38,2,47,2,51,2,58,2,63,3,67,3,73,3,81,3,86,3,91,4,91,4,97,4,103,4,109,4,113
1456870,2024,225,26,1,36,1,45,1,50,1,62,1,66,1,77,1,81,2,89,2,92,2,100,2,103,2,118,2,120,2,125,2,127
1456871,2024,225,38,2,41,3,46,3,52,3,64,3,75,3,82,3,92,3,94,4,99,4,110,5,124,6,139,6,155,6,172,7,185
1456872,2024,225,27,1,34,1,38,2,39,4,46,4,49,4,56,4,65,4,66,4,76,4,79,4,82,6,86,6,89,8,92,8,101
1457217,2024,155,26,1,29,2,30,2,33,2,44,2,50,2,53,2,66,4,78,4,83,4,90,4,98,5,105,5,110,6,116,6,122
1457218,2024,230,48,0,61,0,67,1,73,1,81,1,83,2,96,3,100,3,109,3,114,3,120,4,128,4,131,5,137,5,144,6,166
1457219,2024,155,47,3,53,3,55,3,59,3,68,3,80,3,86,3,91,3,103,3,118,3,133,3,145,4,151,5,162,5,176,5,188
1457220,2024,155,41,0,47,0,54,1,62,1,66,1,74,2,87,2,91,3,98,3,107,3,111,3,130,3,139,3,148,4,166,4,178
1457221,2024,230,41,2,43,2,47,2,50,2,52,2,53,2,60,2,62,4,65,4,69,5,79,5,84,5,91,5,99,7,103,8,111
1457222,2024,155,34,1,42,2,47,2,54,2,60,2,67,2,75,2,84,2,88,2,95,2,119,2,122,3,132,3,139,4,155,4,162
1457223,2024,155,36,1,39,1,40,2,43,2,48,2,62,2,65,2,68,2,74,3,77,3,81,3,89,3,99,3,109,4,114,5,132
1457224,2024,230,23,3,23,3,28,3,33,3,39,3,43,3,52,3,55,4,61,5,64,5,68,5,74,6,78,6,85,6,98,6,102
1457225,2024,230,58,0,60,1,64,1,67,2,78,2,90,2,97,3,104,3,110,3,122,3,128,3,140,4,144,5,150,6,162,6,170
1457226,2024,155,41,3,44,3,48,4,51,4,61,4,65,4,72,4,78,4,84,4,93,4,105,4,120,4,133,4,147,5,166,6,175
1457227,2024,230,40,2,53,2,56,2,59,2,71,2,88,2,100,2,108,2,113,2,126,2,134,2,148,3,152,4,164,4,176,6,192
1457228,2024,230,47,0,56,0,67,0,73,0,88,0,98,0,101,1,104,2,120,2,132,2,136,2,140,2,145,2,160,3,164,5,170
1457229,2024,155,33,1,38,1,48,1,60,1,65,1,76,1,84,1,89,1,99,1,109,1,123,1,131,1,139,1,150,1,164,2,185
1457230,2024,230,46,1,55,1,57,1,67,1,76,1,80,1,89,1,96,1,108,1,111,2,119,3,125,3,135,4,140,4,152,4,161
1457231,2024,155,32,1,41,1,50,1,53,2,56,3,64,3,69,3,73,4,77,4,86,4,90,4,94,4,100,4,108,4,113,4,117
1457232,2024,155,38,1,46,3,52,3,56,3,58,3,61,3,67,3,71,3,78,4,80,4,90,4,101,4,104,4,118,4,123,5,133
1457233,2024,230,33,1,38,1,45,2,55,2,59,2,62,3,68,3,71,3,77,3,92,3,97,3,110,3,128,4,143,4,161,5,174
1457234,2024,155,40,0,45,0,53,0,62,0,80,0,83,0,97,0,105,0,112,1,128,2,134,2,149,2,167,2,175,3,185,3,206
1457235,2024,155,42,1,46,1,51,1,56,2,60,3,65,3,74,3,78,3,88,3,90,4,94,4,100,4,108,4,118,4,123,4,123
1457236,2024,230,52,1,69,1,81,1,83,1,87,2,90,3,97,3,110,3,113,3,115,4,128,4,133,4,141,4,149,5,157,5,165
1457351,2024,259,23,4,33,4,39,4,42,4,45,5,48,5,54,5,62,6,64,7,64,7,75,7,78,7,81,8,88,9,89,10,89
1459278,2024,230,26,1,38,2,44,2,48,2,59,2,63,2,69,3,76,3,80,3,84,4,92,5,99,5,107,5,120,6,129,6,135
1459374,2024,222,39,0,43,0,56,0,59,0,63,0,69,0,77,0,83,0,84,1,89,1,111,1,127,1,138,1,145,2,161,2,175
1459375,2024,222,48,1,51,1,59,1,62,1,74,1,83,2,89,2,93,2,103,2,116,2,123,2,133,2,156,2,168,2,178,2,189
1459376,2024,154,45,1,47,1,52,1,62,1,69,1,82,1,89,1,96,1,108,1,113,1,123,2,132,2,141,2,151,2,174,2,185
1459377,2024,260,8,1,8,2,9,2,10,3,11,4,13,4,15,4,17,4,17,6,18,6,18,7,20,7,21,7,22,9,26,10,26
1459378,2024,261,36,3,42,4,44,6,52,7,63,7,68,8,75,8,89,8,93,8,102,8,106,8,119,8,131,8,140,8,150,8,155
1459379,2024,261,41,2,55,2,58,2,66,2,77,2,81,2,92,2,103,2,113,2,130,2,139,2,150,2,157,3,167,4,174,5,181
1459380,2024,260,32,0,35,0,37,1,40,1,44,1,48,1,58,1,66,1,76,1,95,1,99,1,102,1,107,1,124,2,126,3,135
1459381,2024,260,57,0,62,0,65,1,68,1,71,2,74,3,80,3,82,4,88,4,88,4,95,5,98,6,106,6,115,7,128,7,137
1459383,2024,261,40,0,45,0,47,1,52,1,60,1,63,1,66,2,70,2,74,3,80,3,91,4,99,4,111,4,123,4,132,6,141
1459384,2024,260,26,1,33,1,42,1,45,2,50,4,53,4,55,5,57,6,61,6,64,7,65,8,66,8,70,9,74,9,78,10,78
1459385,2024,261,11,2,12,2,20,2,22,3,22,3,23,4,25,4,27,5,29,5,30,7,30,7,30,7,32,7,39,7,41,10,41
1459386,2024,154,16,2,21,3,33,3,40,3,48,3,57,3,67,3,78,4,92,5,96,7,103,9,115,10,115,10,115,10,115,10,115
1459387,2024,222,53,0,73,0,84,0,95,0,109,0,128,1,138,1,161,1,173,1,186,2,198,2,221,2,224,3,234,3,248,3,271
1459388,2024,154,34,1,50,1,63,1,65,2,73,2,78,2,80,3,91,3,105,3,120,3,135,4,142,4,153,4,163,4,171,5,173
1462880,2024,202,18,4,21,4,27,4,30,4,35,4,44,4,51,4,60,4,65,5,72,5,77,5,82,5,95,5,97,9,100,9,102
1462881,2024,262,29,1,35,2,40,3,43,3,48,3,55,3,55,4,57,4,64,4,71,4,74,6,80,7,87,7,93,8,97,9,101
1462882,2024,202,32,1,44,1,57,1,65,1,72,2,81,3,91,3,100,3,101,4,108,4,115,4,124,4,129,5,139,5,151,5,161
1462883,2024,262,35,1,39,1,43,1,50,1,65,1,67,1,71,1,77,1,81,1,90,2,90,2,94,2,105,4,110,5,118,6,124
1462884,2024,200,12,2,14,3,16,3,18,4,20,5,28,5,31,5,35,5,37,5,39,5,49,5,52,5,54,6,55,7,57,7,60
1462885,2024,202,26,1,35,1,52,1,56,1,58,2,63,3,66,3,75,3,81,4,87,4,95,4,100,5,105,6,106,7,112,7,119
1462887,2024,202,38,2,43,2,49,2,59,2,61,3,72,3,74,4,80,5,88,5,98,5,113,5,119,6,125,6,142,6,145,8,151
1462888,2024,202,39,1,41,2,50,2,53,2,58,2,68,2,80,3,90,3,95,3,100,5,108,5,113,6,120,6,134,6,139,6,142
1462889,2024,200,26,1,42,1,46,2,49,2,53,2,60,2,65,2,69,2,78,2,81,4,85,4,88,5,95,5,99,5,111,5,117
1462890,2024,202,24,4,30,4,34,4,35,5,37,6,37,6,42,6,45,7,45,7,51,7,55,7,57,7,61,8,66,8,75,8,96
1462891,2024,200,22,3,25,3,29,3,38,3,45,4,48,5,50,5,53,5,61,5,64,5,68,5,78,6,80,8,89,8,92,9,92
1462892,2024,262,16,1,19,1,22,2,27,2,29,2,32,2,37,3,45,3,53,4,55,5,58,5,66,6,69,7,74,9,77,9,85
1462893,2024,202,22,3,38,3,43,4,46,5,50,5,61,5,64,5,67,5,74,5,83,5,89,5,89,6,93,6,101,6,106,8,109
1462894,2024,262,20,1,33,1,36,1,48,1,61,1,69,1,77,1,79,2,93,2,99,3,107,3,116,4,121,4,130,4,138,4,149
1462895,2024,202,34,1,42,1,49,1,54,1,57,3,62,3,74,4,75,5,77,5,84,5,90,5,98,5,100,6,111,6,116,6,123
1462896,2024,201,29,2,34,2,37,2,40,2,47,2,60,2,70,2,76,2,82,3,89,4,94,4,97,7,101,7,105,8,112,8,122
1462897,2024,262,8,3,15,3,20,4,23,4,23,6,26,6,34,6,35,7,37,8,41,8,42,8,43,8,47,9,48,10,48,10,48
1462898,2024,201,15,2,26,2,28,3,28,3,30,3,36,3,37,3,49,3,51,4,66,4,71,4,76,4,83,4,89,5,96,5,108
1462899,2024,262,40,0,43,0,51,0,60,0,65,1,71,1,80,1,81,1,92,1,98,2,107,4,110,5,111,5,112,7,113,8,123
1462900,2024,200,51,1,55,1,68,1,78,1,86,1,96,1,101,1,105,1,119,1,125,1,137,1,157,1,188,1,201,1,211,1,224
1462901,2024,201,30,1,33,1,46,1,53,3,56,3,63,3,69,3,79,3,80,3,83,3,84,5,86,6,90,7,93,8,96,9,97
1462902,2024,200,23,2,27,2,35,2,39,3,45,3,53,3,62,3,67,4,72,4,75,7,85,7,87,8,90,8,97,9,102,9,103
1462903,2024,201,25,3,33,3,39,3,46,4,49,4,60,4,66,4,69,4,73,4,79,5,87,5,92,5,101,5,106,6,116,6,121
1462904,2024,201,41,2,48,2,50,3,62,3,67,3,76,3,77,4,84,4,87,5,94,5,99,5,102,6,105,6,106,8,117,8,120
1462905,2024,202,35,2,37,2,38,2,42,2,50,2,64,2,66,3,71,3,73,3,79,4,82,4,89,5,95,5,110,5,113,6,116
1462906,2024,201,35,1,40,2,49,2,51,3,55,3,72,3,77,3,87,3,94,3,100,3,114,3,121,3,132,3,147,3,158,4,179
1462907,2024,202,38,1,43,2,52,2,54,3,55,4,57,4,60,5,67,5,72,6,82,6,88,7,90,8,94,8,99,9,102,9,111
1462908,2024,200,35,1,42,1,47,1,53,1,55,2,59,2,62,3,71,3,76,3,82,4,92,4,105,4,112,4,123,4,131,5,139
1462909,2024,262,17,2,19,3,23,3,24,4,34,4,36,5,39,7,40,7,49,7,59,7,66,8,68,8,79,8,82,8,90,8,95
1462910,2024,200,25,3,27,3,35,3,48,4,57,5,61,6,64,6,67,6,76,6,78,7,85,7,90,8,98,9,98,10,98,10,98
1462911,2024,262,19,2,23,3,29,3,37,3,44,3,46,3,52,3,56,3,64,3,67,3,72,4,80,4,88,4,96,5,99,7,107
1462912,2024,198,51,2,56,3,66,3,72,3,76,3,78,4,81,5,86,5,92,5,99,5,111,5,123,5,125,5,126,7,136,7,164
1462913,2024,198,38,2,41,2,44,2,52,2,53,3,61,3,63,3,76,3,80,3,87,3,97,3,99,5,105,5,117,6,132,7,151
1462914,2024,198,34,2,39,2,46,2,50,2,51,2,53,3,57,3,59,4,66,4,70,4,75,5,79,5,87,6,92,7,98,8,111
1462915,2024,198,29,0,33,0,41,0,49,0,51,1,62,1,70,2,75,2,77,3,83,3,96,3,99,6,110,6,123,6,127,8,133
1462916,2024,198,38,1,46,1,55,1,64,2,71,3,78,3,88,3,97,3,99,4,111,5,115,5,121,6,126,8,130,8,137,9,138
1462917,2024,198,29,3,29,3,35,3,39,3,47,4,53,4,62,4,84,4,91,4,95,5,104,6,109,6,121,6,127,7,132,7,151
1462918,2024,198,53,0,61,0,67,0,72,0,75,1,79,1,84,1,94,1,101,2,110,2,125,2,132,2,143,3,149,4,156,5,168
1462919,2024,198,34,1,37,1,43,1,46,1,51,1,55,1,65,1,78,2,95,2,104,2,114,2,123,3,131,4,146,4,172,4,185
1462922,2024,198,36,1,41,2,48,2,55,2,56,3,62,3,65,3,68,4,71,4,76,5,85,5,104,5,113,6,127,6,140,6,149
1462923,2024,198,28,2,41,2,46,2,50,4,54,4,58,5,63,5,69,6,80,6,82,6,93,6,99,6,106,6,118,6,134,6,148
1462924,2024,198,45,0,58,0,64,0,70,1,73,1,80,2,88,2,91,2,94,3,102,3,109,3,118,3,124,5,128,5,130,7,137
1462925,2024,198,45,0,52,1,57,1,62,1,63,3,71,4,79,4,81,4,81,5,84,5,84,6,90,6,94,7,99,8,103,10,103
1462926,2024,202,23,1,37,1,45,2,51,2,60,2,64,2,79,2,85,2,100,2,111,2,117,3,122,3,132,4,135,5,142,5,154
1462927,2024,198,43,2,52,2,63,2,65,3,67,4,72,4,77,5,85,5,86,6,90,7,95,7,98,8,112,8,121,9,125,9,141
1462928,2024,198,40,0,51,0,60,1,65,1,78,1,89,1,98,1,116,1,128,1,137,1,146,2,162,2,185,2,196,2,212,3,229
1462930,2024,198,35,1,40,2,47,2,56,2,62,2,65,3,74,3,79,3,85,3,98,3,103,4,106,4,112,4,126,5,130,5,141
1462931,2024,198,30,0,36,0,55,1,55,2,58,2,62,2,79,2,86,2,92,2,96,2,101,3,113,3,126,4,132,5,138,6,151
1462932,2024,198,22,1,25,2,31,2,39,2,44,2,47,3,49,5,56,5,61,5,69,5,77,6,87,6,89,8,89,10,89,10,89
1463652,2024,152,24,2,27,2,27,2,31,3,43,3,47,3,54,3,60,3,72,3,78,5,85,5,93,5,104,5,104,6,110,8,113
1463653,2024,152,62,2,66,2,73,2,85,3,92,3,92,4,94,5,96,6,99,6,101,6,109,7,115,8,119,8,132,8,136,10,136
1463654,2024,152,27,3,33,3,42,4,45,4,50,4,54,5,57,5,63,6,66,6,70,6,79,6,88,6,100,6,113,6,118,7,125
1463655,2024,152,47,0,49,1,56,1,67,1,73,2,83,2,90,2,103,2,107,3,118,3,131,4,142,4,154,4,167,4,183,4,204
1463656,2024,152,41,0,52,0,57,0,66,0,72,0,78,0,81,1,87,1,102,1,114,3,117,4,122,5,127,5,133,6,137,7,157
1463657,2024,152,24,1,31,2,32,4,45,4,51,5,61,5,65,5,71,5,83,5,93,6,95,6,103,6,111,7,114,7,120,7,123
1463658,2024,152,24,3,25,3,30,3,34,3,36,3,38,3,46,3,54,4,64,4,70,4,79,5,81,7,89,7,99,7,109,8,113
1463659,2024,152,59,0,61,0,70,0,74,0,89,0,102,0,109,1,120,1,125,2,139,2,140,4,142,4,150,5,154,6,162,7,168
1463660,2024,152,38,1,40,1,43,1,54,1,69,1,74,1,82,1,92,1,98,1,101,2,110,2,114,3,121,5,128,5,131,6,138
1463661,2024,152,31,2,37,3,44,3,50,3,54,4,61,4,69,4,73,4,84,4,91,4,102,4,105,5,116,5,120,6,123,7,130
1463662,2024,152,37,1,43,1,48,1,57,1,64,2,68,2,75,2,86,2,99,2,110,2,119,2,125,3,129,4,140,5,152,6,165
1463663,2024,152,47,2,53,2,59,2,67,2,81,2,88,2,99,2,104,2,118,2,123,2,124,3,129,3,135,3,144,5,154,5,162
1463664,2024,152,59,0,61,1,64,1,67,2,72,2,82,2,96,3,98,4,108,4,113,4,125,4,135,5,144,6,161,6,169,7,182
1463665,2024,152,30,3,35,3,42,3,48,4,53,4,60,4,68,4,77,4,84,5,92,5,95,6,97,8,98,10,98,10,98,10,98
1463666,2024,152,26,0,40,0,47,0,50,0,51,2,53,3,61,3,72,4,81,4,84,5,88,6,94,6,100,6,109,7,126,7,143
1463667,2024,16,29,1,37,1,43,2,48,2,50,2,61,2,65,2,76,2,83,3,90,3,93,4,112,4,121,5,132,5,145,7,153
1467705,2025,4,41,1,51,1,57,1,61,2,69,2,75,2,84,2,92,2,98,2,102,3,104,3,108,4,121,4,123,6,130,7,137
1470186,2025,125,49,2,68,2,77,2,93,2,103,2,109,4,115,4,123,4,128,5,131,5,138,5,144,6,161,6,164,7,175,8,180
1470187,2025,125,38,1,47,1,59,1,63,1,74,1,84,1,89,1,95,2,109,2,114,2,116,4,122,5,126,5,134,5,144,6,150
1470188,2025,125,54,0,67,1,73,1,80,1,83,2,86,2,96,2,108,2,134,2,142,2,144,4,149,4,156,4,161,4,176,5,186
1470189,2025,125,42,1,50,1,60,1,62,1,65,2,74,2,94,2,107,3,115,3,120,3,128,4,145,4,158,4,164,4,174,6,177
1470190,2025,125,43,1,47,1,57,1,68,2,74,2,92,2,103,2,111,3,120,3,123,3,139,3,142,3,150,3,160,4,164,5,168
1470191,2025,125,31,3,42,5,46,5,50,5,63,5,68,5,73,6,78,6,80,8,83,9,90,9,98,9,98,10,98,10,98,10,98
1471822,2025,225,50,0,53,0,60,0,64,0,67,1,69,2,73,2,82,2,95,2,101,2,107,3,110,4,123,4,129,5,146,5,156
1471824,2025,225,33,2,42,3,45,3,48,3,51,3,56,3,69,3,79,3,81,5,90,5,95,5,110,5,114,6,121,7,128,8,128
1471825,2025,225,44,0,59,0,67,1,77,1,81,1,90,1,104,1,113,1,124,1,142,3,146,3,148,4,173,4,186,4,204,4,216
1471826,2025,225,34,0,36,0,46,0,53,1,57,1,66,1,75,1,77,1,80,3,87,3,100,3,104,3,110,3,113,5,116,7,120
1472516,2025,128,66,0,70,0,86,0,88,0,112,0,121,0,131,1,149,1,156,3,174,3,180,3,187,4,196,4,214,4,232,5,256
1472520,2025,170,46,1,56,1,60,1,75,1,87,1,103,1,111,1,115,1,131,2,142,2,152,2,166,3,174,4,183,4,184,7,189
1472521,2025,170,44,0,49,0,59,0,63,1,68,2,72,2,82,3,85,3,92,3,99,5,118,5,133,5,139,6,144,7,160,8,172
1472522,2025,169,47,0,66,0,78,0,91,0,94,0,106,0,117,0,127,1,146,1,156,1,165,2,176,2,186,2,192,2,204,3,214
1472523,2025,169,47,3,58,3,71,4,77,4,98,4,111,5,119,5,121,6,143,6,153,6,164,7,171,7,186,8,194,8,203,9,205
1472524,2025,169,37,3,49,3,61,3,68,4,75,4,84,4,95,4,107,4,111,5,116,5,127,6,137,6,155,7,159,8,165,9,170
1472525,2025,159,35,1,46,1,53,1,62,1,70,1,83,1,103,1,108,2,110,2,116,3,126,3,136,3,145,4,154,5,166,5,178
1472526,2025,159,23,3,24,3,29,3,35,3,53,3,57,4,60,4,73,4,77,4,91,4,110,4,115,5,118,7,125,7,131,8,133
1472527,2025,159,35,0,47,0,51,0,59,0,69,0,82,0,88,0,94,0,108,0,119,0,130,0,136,0,149,1,159,2,170,4,189
1474260,2025,263,27,1,35,1,37,1,44,1,53,1,61,1,71,1,81,1,91,1,101,1,109,1,125,1,130,3,137,4,151,4,167
1474262,2025,263,30,1,37,2,46,2,51,2,57,3,61,3,68,4,81,4,95,4,103,4,107,6,116,6,126,6,131,7,135,8,142
1474263,2025,263,33,0,38,0,50,0,58,0,71,0,74,1,83,1,85,2,88,4,98,4,105,4,110,5,117,6,124,7,129,8,144
1475525,2025,211,27,2,30,3,31,3,36,3,40,3,49,3,57,3,59,4,65,4,74,4,86,4,95,4,101,4,110,5,117,6,125
1475526,2025,211,43,0,44,1,46,2,53,2,55,2,60,2,66,2,72,2,76,2,91,2,93,3,94,5,100,6,106,7,113,8,118
1475527,2025,211,61,0,66,0,73,0,79,0,85,0,89,1,92,1,107,1,112,1,121,2,127,2,141,2,151,2,162,2,177,2,185
1475528,2025,211,25,2,32,4,36,4,38,4,43,4,50,4,56,4,57,4,63,4,66,4,82,4,94,4,108,4,112,4,122,5,126
1475529,2025,211,44,1,51,1,52,3,59,3,63,3,68,3,68,3,73,4,78,4,87,4,92,4,96,4,104,5,112,5,116,5,129
1475530,2025,211,18,3,22,3,33,3,35,4,39,4,40,5,42,5,55,5,58,7,62,7,68,7,82,7,87,8,94,9,94,10,94
1475531,2025,211,31,2,36,3,40,3,43,3,55,3,63,3,65,4,70,4,78,4,86,4,92,5,98,5,105,5,111,5,117,5,126
1476798,2025,264,27,0,40,0,47,1,49,2,55,2,61,2,68,2,72,2,77,2,88,2,98,3,108,3,119,4,121,6,128,6,142
1477609,2026,265,48,2,57,3,63,3,73,3,79,4,88,4,95,4,103,5,105,5,121,5,134,5,140,5,150,5,154,5,168,5,173
1477610,2026,111,53,1,68,1,77,1,88,1,93,1,115,1,126,1,133,2,138,2,142,2,145,4,153,4,171,4,193,4,206,4,221
1478228,2025,204,35,1,51,1,55,1,58,1,71,1,80,2,85,3,94,3,99,3,103,3,118,3,121,3,130,3,138,5,145,5,154
1478229,2025,204,32,2,35,3,40,3,43,4,46,4,52,4,60,4,63,4,66,6,69,6,78,7,91,7,93,7,103,7,123,7,137
1478230,2025,204,48,1,59,2,62,2,71,2,77,2,79,3,87,3,95,4,108,4,116,4,131,4,137,4,147,5,163,6,180,6,189
1478865,2025,4,24,1,34,1,38,1,42,2,50,2,53,2,55,3,65,3,74,3,89,3,96,3,102,3,121,3,125,4,137,4,141
1478866,2025,4,42,2,43,2,56,2,64,3,69,4,74,5,78,5,88,5,91,5,103,5,110,5,123,5,130,5,145,5,154,5,173
1478867,2025,4,36,0,39,1,42,1,51,1,57,1,61,2,69,2,71,2,78,3,84,4,91,4,93,5,99,6,106,6,114,6,120
1478868,2025,4,28,1,29,2,36,2,44,2,51,3,55,3,68,3,80,3,93,3,101,3,113,3,122,4,125,5,131,6,138,6,144
1478869,2025,4,18,1,34,1,34,2,38,2,48,2,55,3,59,4,62,4,76,4,79,4,91,5,104,5,109,7,115,7,127,8,134
1478870,2025,4,41,1,57,1,64,1,72,1,87,1,92,1,100,1,112,1,120,1,127,3,132,3,141,3,153,5,158,5,169,6,190
1478871,2025,4,42,0,52,0,55,0,68,0,77,1,85,1,100,1,105,2,120,2,128,3,135,3,144,3,153,4,163,4,169,4,180
1478898,2025,266,60,3,71,4,75,5,76,6,87,6,88,6,99,6,108,6,122,6,132,6,136,7,149,7,158,7,164,7,166,9,178
1478899,2025,266,44,2,50,2,57,3,63,3,73,3,88,3,99,3,123,3,141,3,152,3,167,3,179,3,193,4,196,5,206,6,218
1478900,2025,267,39,2,46,2,50,3,63,3,69,3,96,3,108,3,113,4,117,4,125,4,134,4,138,5,142,6,151,6,161,6,172
1478908,2025,0,33,4,40,4,47,4,50,5,56,5,69,5,74,5,83,5,92,5,96,5,105,5,109,7,110,8,125,8,125,10,125
1478909,2025,161,35,2,43,2,57,2,72,2,75,4,84,4,98,4,103,4,118,5,125,5,130,5,143,5,156,5,170,5,176,5,186
1478910,2025,54,38,0,49,0,58,1,62,1,71,1,75,1,88,1,90,2,108,2,121,2,125,3,131,4,137,6,149,6,153,7,167
1479320,2025,203,26,2,34,2,44,2,58,2,62,2,65,2,73,3,84,4,87,4,91,4,96,4,101,4,112,4,125,5,132,5,151
1479321,2025,203,39,2,43,2,56,2,64,2,70,2,81,2,92,2,103,2,108,3,112,3,117,3,133,3,145,3,153,3,169,3,175
1479322,2025,203,48,1,54,1,57,1,76,1,92,1,97,2,102,2,108,2,114,2,123,4,126,5,143,5,156,5,169,6,176,7,185
1479323,2025,203,52,0,66,0,71,0,80,0,84,1,92,1,99,2,109,2,120,2,128,2,138,3,155,3,157,5,173,5,185,6,197
1479324,2025,203,26,3,27,3,36,3,43,3,56,4,58,4,73,4,76,4,91,4,106,4,109,5,113,6,116,8,118,8,123,9,124
1479326,2025,203,32,1,43,1,55,1,61,1,68,1,76,1,86,1,106,1,115,2,127,2,141,2,160,2,166,3,174,3,182,5,188
1479327,2025,203,57,1,71,1,78,2,93,2,100,2,110,2,120,2,128,3,138,4,143,4,149,5,153,5,156,6,161,6,165,7,174
1479576,2025,147,32,2,40,2,50,3,54,3,63,3,71,3,76,3,80,4,96,4,104,5,121,5,131,5,137,5,145,6,163,6,175
1479577,2025,268,41,1,53,1,61,1,70,1,79,1,90,1,108,1,121,2,130,2,147,2,156,2,160,3,164,4,179,4,195,4,213
1479578,2025,145,14,3,25,3,30,4,33,4,41,4,44,4,48,5,58,5,67,5,69,6,77,6,81,7,92,7,111,7,115,8,117
1479580,2025,197,56,0,67,1,76,1,85,1,97,1,101,2,109,2,115,2,131,3,158,3,170,3,178,3,195,3,205,3,214,3,231
1481295,2025,269,39,1,46,2,57,2,64,2,70,2,76,2,81,2,93,2,104,2,107,3,119,4,129,4,138,4,145,4,154,4,174
1481296,2025,269,31,2,33,2,41,4,43,5,49,5,56,5,68,5,75,5,86,6,95,6,109,7,111,8,118,8,136,9,145,10,145
1481297,2025,269,31,0,34,0,36,0,40,1,44,1,47,2,48,2,49,3,57,3,57,3,64,3,71,3,76,3,78,4,89,4,91
1481298,2025,269,28,2,29,2,34,4,36,4,40,4,43,5,56,5,58,5,69,5,72,6,75,7,77,7,84,8,89,8,92,9,99
1481299,2025,269,8,2,10,2,14,2,21,2,23,2,24,3,27,3,28,4,29,4,30,5,41,5,47,5,55,5,58,6,65,6,71
1481300,2025,269,16,1,32,1,37,1,40,2,49,2,52,3,60,4,64,4,73,5,81,5,87,6,88,7,91,9,100,9,108,9,115
1481301,2025,269,24,2,36,2,39,2,40,3,48,3,62,3,65,4,69,5,74,5,81,5,87,5,93,5,97,6,110,6,118,6,127
1481303,2025,270,41,1,60,1,65,1,71,1,80,1,86,1,92,2,102,2,112,2,127,2,140,3,152,3,166,4,174,4,180,5,186
1481304,2025,270,19,2,28,2,32,2,43,2,54,2,57,2,64,2,69,2,71,2,77,2,80,2,88,3,97,4,101,4,103,5,105
1481305,2025,270,42,1,61,1,66,1,73,1,79,1,94,2,99,2,114,2,137,2,144,2,159,2,170,3,186,3,203,3,212,3,217
1481306,2025,270,41,0,43,1,47,1,53,1,59,1,65,1,68,2,77,2,84,2,94,2,100,3,107,3,111,4,117,4,129,4,137
1481307,2025,270,8,1,10,1,10,2,11,3,12,3,12,5,15,6,15,7,21,7,31,7,39,7,40,8,41,10,41,10,41,10,41
1481308,2025,270,23,1,30,1,34,1,39,2,45,2,49,4,53,4,53,7,55,7,60,7,62,7,68,9,70,10,70,10,70,10,70
1481309,2025,270,40,1,48,1,55,1,65,1,69,1,81,1,86,2,93,2,99,2,109,2,124,2,130,2,135,3,144,3,154,5,165
1481311,2025,270,25,0,31,0,39,0,47,0,60,0,71,0,79,0,86,1,89,1,99,1,107,1,113,2,132,2,153,2,163,2,175
1481312,2025,270,36,1,54,1,64,1,67,2,81,2,93,2,99,2,106,3,118,3,123,3,140,4,156,4,161,5,167,6,178,6,184
1481313,2025,270,48,2,56,2,59,3,64,3,70,3,73,3,76,3,84,3,89,3,94,3,97,3,103,3,104,4,111,4,116,7,122
1481314,2025,270,37,2,40,3,45,4,50,4,53,4,59,4,69,4,72,4,78,5,81,5,84,6,90,6,94,7,103,7,108,7,114
1481315,2025,270,40,2,43,3,47,3,51,3,57,4,63,4,73,5,84,5,94,5,98,6,105,7,116,7,141,7,153,7,157,9,168
1482088,2025,211,33,1,34,1,41,2,51,3,62,3,73,3,94,3,110,4,113,5,121,5,126,6,129,7,139,7,144,7,148,8,156
1482089,2025,211,53,1,59,1,61,2,68,2,72,2,81,2,86,2,97,3,103,3,107,3,114,3,123,3,136,3,148,3,159,5,170
1482090,2025,211,24,4,30,4,37,4,41,4,42,5,46,5,48,6,50,7,56,7,59,7,62,7,65,7,68,7,73,8,77,9,92
1482091,2025,211,57,0,69,0,78,0,92,0,101,1,111,1,118,1,137,1,139,3,141,3,144,4,152,4,156,4,168,5,172,5,178
1482092,2025,211,61,0,71,0,83,0,91,1,96,1,100,1,112,1,121,1,126,1,131,1,142,1,150,1,156,3,170,3,175,6,182
1482093,2025,211,32,2,36,3,44,3,55,3,64,3,66,4,70,4,73,5,87,6,92,9,107,9,125,10,125,10,125,10,125,10,125
1482094,2025,211,37,1,41,2,48,2,51,2,56,2,67,2,69,3,74,3,81,3,87,3,92,4,101,4,112,4,124,4,150,4,170
1482096,2025,211,48,1,59,1,64,1,67,1,76,2,83,3,90,3,100,3,103,4,107,4,110,5,121,5,135,5,138,7,146,8,160
1482097,2025,211,21,2,25,3,29,3,39,3,47,3,52,3,62,3,63,4,69,4,72,5,81,5,83,6,93,6,95,7,101,7,112
1482098,2025,211,30,1,34,1,41,1,55,1,68,1,74,2,81,2,91,2,95,2,99,2,110,2,123,3,125,4,138,4,146,5,160
1482100,2025,211,24,3,31,3,39,3,47,3,52,3,55,3,63,4,68,5,76,5,82,5,87,6,92,6,94,7,99,8,108,9,110
1482101,2025,211,27,3,34,3,39,3,43,3,56,3,62,3,70,3,76,3,84,3,94,3,98,4,111,4,119,5,124,5,132,6,135
1482819,2025,193,26,1,33,1,40,1,60,2,66,2,74,3,79,3,83,3,89,3,94,3,98,4,102,4,111,6,114,7,120,7,124
1482820,2025,193,28,1,34,2,35,3,41,3,46,3,53,3,63,3,68,3,71,5,77,6,81,6,91,6,93,7,97,8,101,9,110
1482821,2025,193,18,3,19,4,20,4,27,4,32,4,36,4,37,5,39,5,50,5,54,6,57,6,63,6,66,6,69,8,70,9,72
1482822,2025,193,15,2,29,2,32,3,36,3,43,3,50,3,56,3,60,4,64,5,68,5,71,6,82,7,91,7,97,8,101,9,105
1482825,2025,193,15,2,16,2,19,3,27,3,36,3,45,3,55,3,64,3,73,3,76,6,78,7,86,7,90,7,96,7,102,8,106
1482826,2025,193,42,1,42,2,42,3,46,3,49,3,53,3,58,3,66,4,72,4,75,4,78,5,81,5,82,7,87,7,95,8,104
1482827,2025,193,25,2,29,3,42,3,49,3,60,3,63,4,67,4,77,4,86,4,91,4,98,4,110,5,117,6,123,6,131,7,139
1482828,2025,125,38,3,50,3,56,3,67,3,79,3,95,3,103,3,110,3,119,4,131,4,149,4,159,5,172,5,182,6,196,6,199
1482829,2025,125,44,3,53,4,62,4,67,4,74,4,85,4,97,4,107,4,110,5,122,5,136,5,148,6,157,7,167,7,193,7,202
1482830,2025,125,78,1,92,1,111,1,118,1,134,1,151,1,161,1,170,2,179,2,183,2,187,4,191,5,201,6,207,7,216,7,229
1483731,2025,123,37,2,41,2,50,2,56,2,62,2,64,5,70,6,71,7,77,7,82,8,95,8,100,8,101,9,112,9,113,10,113
1483733,2025,123,37,2,49,2,53,3,61,3,69,3,79,3,85,3,100,3,105,3,115,3,124,3,128,5,133,5,139,5,153,5,159
1483734,2025,123,39,0,45,1,49,1,58,1,66,1,94,1,100,2,108,2,118,3,129,3,140,3,158,3,168,3,183,5,209,5,224
1483735,2025,123,39,2,47,2,63,2,69,2,78,2,91,2,102,2,103,4,108,4,116,4,125,5,134,5,141,5,162,5,166,6,174
1483736,2025,123,39,1,45,2,52,2,64,2,68,2,71,2,77,3,80,4,82,4,89,5,101,5,110,6,114,6,123,7,133,7,149
1483785,2025,158,43,2,52,2,58,3,72,3,81,3,97,3,105,3,118,4,125,4,139,5,143,5,150,5,158,6,177,6,189,6,201
1483786,2025,158,51,1,67,1,75,1,80,1,91,1,107,1,115,2,129,3,140,3,155,3,161,3,169,4,175,4,184,4,190,5,201
1483787,2025,158,46,0,53,0,64,0,80,0,91,0,99,0,112,1,120,2,131,2,142,2,150,2,156,2,170,3,172,5,184,5,196
1483788,2025,271,34,1,37,1,40,1,50,1,58,1,63,2,68,3,76,3,85,3,98,3,104,3,115,3,129,3,135,4,145,5,163
1483789,2025,271,44,0,54,0,62,0,63,1,74,1,80,1,88,1,94,2,99,2,116,2,128,3,130,4,140,5,152,5,156,7,161
1484051,2025,135,49,1,55,2,60,2,82,2,89,2,103,2,110,3,113,4,116,4,123,4,134,4,149,5,169,5,176,6,185,6,191
1484052,2025,135,54,0,66,0,72,0,85,0,90,0,94,1,110,1,123,1,128,2,135,2,145,2,160,2,165,3,181,3,201,4,205
1485343,2025,272,41,3,56,3,64,4,70,5,73,6,82,6,86,6,97,6,99,7,102,7,103,8,117,8,139,8,161,8,162,9,162
1485344,2025,272,21,2,25,2,25,3,28,3,33,3,46,5,54,6,57,6,62,6,65,6,76,6,81,6,87,7,102,8,102,10,102
1485345,2025,272,41,3,48,4,53,4,58,4,62,4,67,5,69,6,71,8,78,8,82,8,95,8,110,9,119,9,120,10,120,10,120
1485347,2025,272,30,4,49,4,60,5,65,5,68,5,72,5,79,5,87,5,92,5,101,5,106,6,107,6,108,6,124,6,129,6,133
1485348,2025,272,43,2,44,3,48,3,55,3,65,3,70,3,73,3,82,3,88,3,98,3,109,3,119,3,134,4,157,4,174,4,177
1485508,2025,85,46,1,54,1,57,1,65,2,69,3,79,3,82,3,87,3,93,4,97,4,108,4,116,4,122,4,130,4,143,5,154
1485509,2025,254,28,2,39,2,42,2,48,2,58,2,69,2,76,2,80,4,91,4,101,4,115,4,128,4,141,4,155,4,163,5,177
1485510,2025,119,34,3,40,3,48,3,51,4,57,4,66,4,66,5,73,5,88,5,92,6,94,6,101,6,103,7,105,7,110,7,132
1485938,2025,273,26,2,43,2,52,3,56,4,61,4,69,4,76,5,80,5,86,5,94,5,106,5,122,5,134,6,143,6,153,7,160
1485939,2025,273,45,1,52,1,55,3,59,3,63,3,75,3,80,3,86,4,92,5,97,5,102,5,113,6,117,6,131,6,147,6,152
1485940,2025,273,24,5,32,5,38,5,47,5,50,5,55,5,59,5,63,5,63,7,68,7,75,7,79,7,81,9,87,9,89,9,97
1485941,2025,273,43,3,45,4,58,4,71,4,83,4,99,4,105,4,110,5,117,5,125,5,129,7,133,7,143,7,153,7,167,7,174
1485942,2025,273,53,1,61,2,69,2,79,2,89,2,95,2,110,2,120,2,131,3,146,4,153,4,160,5,163,6,169,6,179,7,198
1485943,2025,273,50,1,64,1,73,1,77,1,81,1,101,1,111,1,125,1,136,2,142,3,143,4,152,5,158,5,168,5,177,5,193
1486224,2025,272,56,1,69,1,80,1,90,1,98,2,106,2,109,2,113,2,124,2,134,3,137,3,142,4,156,5,163,6,163,9,176
1486225,2025,271,32,2,44,2,51,2,56,2,58,3,63,4,73,4,83,4,87,4,100,4,101,6,113,6,118,7,125,7,142,8,155
1486227,2025,274,21,2,23,3,29,3,29,4,33,4,36,4,46,4,48,6,54,6,57,7,62,7,70,8,77,8,82,8,85,8,91
1486228,2025,274,59,0,65,0,78,0,91,0,103,1,129,1,146,2,158,2,161,3,169,3,173,3,192,4,195,4,208,5,227,5,244
1486582,2025,135,47,3,49,4,57,5,59,5,64,5,69,5,71,7,74,7,78,7,84,8,93,8,98,8,109,8,122,8,136,9,162
1486784,2025,271,42,0,46,1,54,1,61,1,68,1,72,3,79,3,84,4,87,4,95,4,100,5,103,5,109,6,129,7,136,8,148
1486785,2025,271,32,1,39,1,46,1,68,1,75,1,84,1,91,1,93,1,114,1,124,1,133,1,145,1,160,1,176,1,184,1,190
1486786,2025,219,52,2,59,2,68,2,76,3,81,3,93,3,109,4,125,4,142,5,150,5,153,5,156,6,161,7,171,7,202,7,214
1486787,2025,219,32,2,36,2,38,2,44,2,49,2,73,2,78,3,86,3,107,3,127,3,136,4,152,4,175,4,191,6,205,6,222
1486788,2025,219,58,1,63,2,66,3,78,4,80,5,96,5,104,5,108,6,110,6,119,7,123,7,132,7,136,8,145,8,149,9,149
1486790,2025,183,56,1,65,1,73,1,77,3,88,3,103,4,108,5,113,5,126,5,137,5,142,5,147,5,170,5,174,6,186,7,199
1486791,2025,183,41,1,49,2,58,2,59,2,73,2,82,2,92,2,97,2,120,2,126,2,134,2,153,2,170,2,194,2,210,3,226
1487631,2025,98,47,1,54,1,59,1,63,2,64,2,75,2,78,3,85,3,99,3,112,3,120,5,131,6,136,6,143,6,152,6,163
1487633,2025,98,25,2,39,3,55,3,61,4,67,4,72,5,74,7,76,7,82,7,84,7,98,7,105,7,115,7,129,7,136,8,139
1487815,2025,275,36,3,47,3,54,3,61,4,65,5,68,6,73,6,74,8,81,8,86,8,90,8,95,8,98,8,104,8,118,8,130
1487824,2025,264,27,2,33,2,41,2,53,2,60,3,63,3,76,5,79,5,84,6,89,6,100,6,105,6,111,6,118,6,126,7,134
1488319,2025,225,36,2,38,2,44,3,48,3,51,3,59,3,71,3,75,5,78,5,83,6,93,7,98,8,104,8,108,9,114,9,124
1488320,2025,225,36,2,41,2,50,2,53,2,61,2,75,2,79,2,81,2,91,2,109,2,115,3,123,3,126,4,134,5,142,5,156
1488321,2025,225,18,1,28,1,36,1,46,2,51,2,54,3,61,4,65,4,69,5,76,6,83,6,86,6,95,6,112,6,116,7,120
1488323,2025,225,42,1,46,1,51,1,63,1,70,1,71,2,76,2,82,2,101,2,110,2,123,2,145,2,164,2,180,3,190,4,210
1488324,2025,225,29,3,31,3,35,3,47,3,50,3,60,3,65,3,75,3,83,3,86,3,90,3,98,4,109,4,117,5,122,7,133
1488325,2025,225,30,3,38,3,43,3,49,3,56,4,60,4,67,5,68,6,74,8,76,8,83,8,89,8,90,8,93,8,98,9,98
1488326,2025,253,49,1,72,1,80,1,89,2,95,2,99,3,108,3,117,4,127,4,138,4,145,4,147,4,163,5,176,5,182,5,205
1488327,2025,253,52,0,75,0,87,0,88,1,106,1,109,1,123,1,132,1,139,1,141,2,149,2,150,3,159,4,168,4,181,5,183
1488328,2025,253,35,2,43,2,49,2,53,3,55,3,60,3,64,4,70,4,80,4,91,4,97,4,111,4,122,4,128,4,138,5,162
1488329,2025,253,15,2,21,2,23,3,24,3,30,3,37,3,44,3,51,3,55,3,58,5,68,5,71,6,73,7,79,7,88,7,90
1488330,2025,253,30,3,31,3,40,3,52,3,62,3,73,4,78,4,82,5,89,5,92,7,102,7,103,7,112,7,114,7,116,8,121
1488334,2025,253,11,3,14,3,16,3,19,3,19,5,20,6,22,6,25,7,25,7,32,7,35,7,41,7,43,7,46,9,50,9,57
1488336,2025,253,47,0,56,0,66,0,73,0,75,0,90,0,93,0,101,1,111,1,124,1,135,1,141,2,150,2,159,2,165,3,167
1488338,2025,276,52,0,56,0,58,1,71,1,76,1,89,2,94,2,105,2,112,2,123,2,133,2,145,2,158,2,175,2,192,3,198
1488339,2025,276,21,3,31,3,35,3,46,4,50,4,51,5,56,5,63,8,75,8,77,8,84,8,93,8,100,9,100,10,100,10,100
1488340,2025,277,48,2,56,3,60,4,64,4,77,4,84,4,95,4,97,5,100,6,110,6,114,7,127,7,136,8,152,8,156,8,166
1488341,2025,277,36,1,48,1,55,1,70,1,82,1,86,2,99,2,101,3,111,3,117,3,133,3,142,3,157,3,160,5,172,6,180
1488342,2025,276,29,3,29,4,36,4,43,4,53,4,57,4,72,4,81,4,91,4,102,4,111,5,127,5,136,5,140,5,150,6,161
1488343,2025,276,41,1,54,2,57,3,63,3,67,3,76,4,76,5,81,5,92,5,102,6,107,7,114,7,118,8,125,8,136,9,149
1488344,2025,276,29,0,33,2,42,2,43,2,51,2,60,3,66,3,68,5,75,6,82,6,103,6,107,6,121,7,130,7,140,8,168
1489581,2025,278,69,1,78,1,79,2,89,2,97,2,106,2,121,2,135,3,146,3,154,5,166,6,175,6,184,7,194,7,205,8,219
1489582,2025,278,43,1,53,2,61,3,74,3,77,3,80,3,89,3,106,3,112,3,125,3,133,3,138,4,143,4,158,6,164,6,172
1489584,2025,278,28,2,42,2,54,2,57,2,75,2,90,2,101,2,113,2,125,2,126,3,127,4,134,4,142,4,148,4,158,5,163
1489585,2025,278,40,0,58,0,68,0,77,0,90,0,100,0,112,2,127,2,144,3,152,3,174,3,201,3,219,3,226,5,230,5,236
1489968,2025,135,20,2,34,2,41,2,43,2,55,2,68,2,71,3,82,3,89,4,99,4,108,4,111,4,121,5,131,5,136,8,148
1489969,2025,135,25,2,39,2,45,3,52,3,65,3,74,3,80,3,83,3,93,3,105,3,108,3,121,3,131,3,143,4,158,4,173
1489970,2025,135,31,0,37,0,41,1,45,1,51,1,60,2,65,2,75,2,77,3,85,4,94,5,99,5,109,6,114,7,118,9,122
1490234,2026,185,54,2,68,2,76,2,96,2,106,2,117,2,130,3,149,4,154,4,168,5,182,5,187,6,197,6,211,7,217,7,238
1490235,2026,217,45,2,64,2,68,2,84,2,99,3,111,3,120,3,127,4,132,5,140,5,151,5,155,5,161,6,178,6,191,6,208
1490236,2026,188,34,2,36,3,39,3,43,3,62,3,75,3,82,3,86,4,97,4,107,4,112,5,121,6,132,6,135,8,144,8,153
1490237,2026,148,55,0,71,0,82,0,94,0,103,1,108,2,116,2,126,2,128,3,139,4,152,4,163,5,168,6,182,7,201,7,215
1490238,2026,187,48,2,54,2,64,2,69,2,82,2,102,2,112,2,141,2,155,2,178,2,188,3,201,3,226,3,236,4,250,4,271
1490239,2025,225,27,1,29,1,37,2,46,2,54,2,60,2,82,2,87,3,96,3,110,3,113,3,117,4,126,4,132,4,139,6,152
1490471,2025,279,44,3,49,4,54,4,59,4,70,4,80,4,86,5,95,5,111,6,114,6,118,6,124,6,138,6,148,6,152,7,160
1490472,2025,279,34,1,36,3,40,3,42,3,53,3,58,3,66,4,76,4,83,5,90,5,96,5,100,7,102,8,110,8,115,8,122
1490475,2025,279,31,1,33,2,38,2,47,2,57,2,66,2,72,2,81,2,90,2,101,2,105,3,122,3,133,4,144,4,154,4,160
1490476,2025,279,32,2,38,2,46,2,49,2,68,2,75,3,87,3,102,3,111,3,120,3,125,3,132,4,135,5,140,6,145,7,148
1490477,2025,279,42,2,63,2,72,2,74,4,78,4,82,4,89,4,94,5,98,5,103,5,112,5,121,5,125,5,140,5,150,6,167
1490478,2025,279,40,0,49,0,60,1,69,1,73,1,82,1,90,1,99,1,106,1,110,1,121,1,133,1,142,1,149,1,160,1,172
1490479,2025,279,29,4,39,4,43,5,49,5,55,5,60,5,64,6,68,6,74,6,80,6,82,6,86,6,96,6,113,6,120,6,133
1490480,2025,279,35,2,40,2,41,3,46,3,49,4,52,4,57,4,66,4,75,4,85,4,94,5,99,6,101,6,113,6,128,6,134
1490870,2025,225,52,1,60,1,77,1,96,1,99,1,104,1,112,2,125,2,139,2,146,2,148,3,154,3,163,3,169,4,179,5,183
1490871,2025,225,13,3,13,3,19,4,22,4,25,4,27,4,28,4,35,4,41,5,46,6,48,6,56,7,63,8,63,9,77,9,80
1490872,2025,225,36,2,39,2,47,2,55,2,60,3,71,3,78,3,87,3,93,4,104,4,108,4,116,5,130,5,136,5,157,5,160
1490873,2025,225,35,0,51,0,58,0,68,0,74,1,83,1,93,2,100,3,110,3,114,5,124,5,132,6,144,6,154,6,157,9,168
1490874,2025,225,46,0,61,0,69,0,75,0,91,0,96,1,111,1,117,1,118,3,125,3,137,3,146,3,165,3,170,4,181,4,185
1490875,2025,225,14,4,19,4,22,4,24,4,26,4,27,5,28,5,30,7,36,7,41,8,44,8,45,9,46,9,52,10,52,10,52
1490876,2025,225,28,3,34,4,43,4,51,4,63,4,66,5,76,5,80,5,92,5,105,5,108,5,119,5,135,5,149,5,162,5,172
1490877,2025,225,47,2,60,2,78,2,86,2,104,2,112,2,123,2,135,2,157,2,173,2,190,3,199,4,211,4,215,5,235,5,246
1490878,2025,225,43,2,49,2,56,2,61,2,71,2,78,2,85,2,89,2,93,2,96,4,104,4,112,5,125,6,130,7,150,7,162
1490879,2025,225,30,3,35,3,48,3,52,4,73,4,85,4,95,5,106,5,113,6,125,6,131,7,136,8,151,8,162,9,171,9,184
1490880,2025,225,32,1,41,1,45,1,52,1,57,3,62,3,65,5,75,5,82,5,97,5,108,7,111,7,121,7,123,7,137,8,141
1490881,2025,225,26,1,38,1,43,1,57,1,67,2,80,3,82,4,84,5,89,6,91,6,94,6,101,6,104,7,106,8,110,9,115
1490882,2025,138,31,3,34,4,37,5,39,5,43,5,51,5,60,5,65,5,67,5,71,6,73,6,75,7,79,7,87,7,97,8,105
1490884,2025,138,61,0,68,0,75,1,83,1,89,1,105,1,114,1,119,2,125,3,135,3,137,3,141,4,149,5,167,6,175,6,199
1490885,2025,138,60,0,70,0,76,0,78,0,83,1,95,1,101,2,115,2,118,2,126,3,132,3,141,3,152,5,156,5,176,5,186
1490886,2025,138,58,1,65,1,67,2,70,2,75,2,81,2,92,2,103,2,113,3,124,5,128,5,131,6,147,6,157,7,169,7,178
1490887,2025,138,49,2,53,2,63,2,76,2,84,2,93,2,97,2,101,4,105,5,114,5,118,5,129,5,133,6,139,6,143,7,147
1490889,2025,138,40,2,54,2,65,3,67,3,75,4,80,5,87,5,88,6,91,6,100,6,116,6,121,7,127,8,138,10,138,10,138
1490890,2025,138,51,2,56,2,60,2,74,2,77,3,85,4,87,5,92,5,97,5,103,5,111,5,114,5,131,5,140,7,145,9,149
1491604,2025,280,32,1,39,1,46,1,57,1,69,1,90,1,106,1,109,2,133,2,142,2,166,3,175,3,194,3,201,4,209,6,217
1491605,2025,280,54,0,61,0,70,0,85,0,89,1,99,1,107,1,120,1,132,1,135,3,137,5,140,6,149,6,164,6,183,6,195
1491606,2025,280,32,3,39,4,42,5,52,5,54,5,72,5,82,6,90,7,99,7,101,7,116,7,131,7,142,7,145,8,149,10,149
1491607,2025,280,69,1,76,1,95,1,108,1,119,2,130,2,146,3,154,3,163,3,182,3,183,5,193,5,207,5,218,5,225,6,243
1491608,2025,280,98,0,113,0,122,0,138,0,152,0,167,1,182,1,201,1,212,2,214,5,215,5,221,5,221,7,228,8,229,9,237
1491609,2025,280,46,1,58,1,83,1,85,1,98,1,101,1,106,2,108,2,121,3,129,3,144,3,149,3,160,3,171,4,182,4,193
1491610,2025,280,46,0,65,0,71,0,87,0,101,0,105,3,110,4,118,4,126,5,132,6,140,7,147,8,157,8,170,9,178,9,194
1491714,2025,177,34,3,49,3,64,3,73,3,84,3,93,3,99,4,111,4,116,4,123,4,129,4,136,4,151,4,158,4,166,5,181
1491716,2025,177,41,2,46,3,56,3,66,3,77,3,77,4,82,4,99,4,100,5,110,5,127,5,134,5,140,6,144,7,147,9,156
1491717,2025,179,33,2,44,2,50,2,64,3,68,3,75,3,78,4,83,5,85,5,90,5,97,5,109,5,116,6,127,6,134,6,153
1491718,2025,179,47,1,68,2,75,2,80,2,99,2,110,2,118,2,138,2,150,2,156,2,177,2,186,2,196,2,205,4,223,4,236
1491723,2025,180,28,2,32,2,43,3,48,3,57,3,66,3,78,3,90,3,98,4,101,4,113,4,128,4,137,4,146,5,153,6,164
1491724,2025,180,45,0,47,0,55,0,59,1,63,2,72,2,75,2,81,2,107,2,117,3,140,3,163,3,169,4,177,5,188,5,207
1491725,2025,244,43,0,47,1,63,1,73,1,84,1,96,1,101,2,111,2,116,3,123,3,142,3,148,4,154,5,166,6,169,8,177
1491727,2025,181,32,4,47,4,50,5,58,5,64,5,75,5,86,5,90,6,92,7,94,8,102,8,111,8,120,8,137,9,140,10,140
1491736,2026,215,36,0,43,0,55,1,59,2,68,2,81,2,92,3,96,3,102,3,119,3,123,4,126,5,133,5,141,6,151,6,175
1491737,2026,180,32,2,41,3,44,4,46,5,50,5,62,5,68,5,75,6,87,6,98,6,109,8,112,8,115,9,117,9,126,9,136
1491738,2026,216,49,1,50,1,58,1,66,1,73,1,82,2,85,3,95,3,105,3,113,3,121,4,123,4,138,4,146,5,162,5,164
1491739,2026,179,36,1,43,1,48,1,55,1,73,1,76,1,79,2,90,2,101,2,111,2,125,2,132,3,147,3,155,3,174,3,187
1491903,2025,45,40,3,41,4,43,4,46,5,54,5,66,5,68,5,70,6,73,6,75,6,88,6,102,6,104,7,109,7,110,7,110
1491904,2025,45,25,3,29,4,35,4,38,4,41,4,53,4,59,4,63,4,72,4,81,5,86,5,94,6,102,7,111,8,120,8,133
1491905,2025,45,42,0,57,0,71,0,82,1,84,1,86,1,93,1,97,2,112,2,123,3,132,4,133,5,144,5,154,5,173,5,178
1492823,2025,4,52,1,59,2,63,2,70,2,80,2,88,2,101,2,107,2,111,3,119,3,129,3,139,3,146,3,157,3,162,5,175
1492824,2025,4,28,3,37,4,38,5,41,5,46,5,50,5,57,5,60,5,64,6,66,8,69,8,74,8,78,8,80,10,80,10,80
1492825,2025,4,51,1,58,1,66,2,72,2,85,2,94,2,104,2,117,2,122,3,127,3,139,4,153,4,161,4,175,5,185,6,191
1492879,2025,258,51,0,63,1,68,1,74,1,81,1,92,1,98,1,108,2,116,2,123,2,138,2,149,2,161,3,174,4,195,4,209
1492880,2025,258,37,1,44,1,54,1,63,2,68,2,77,2,84,2,90,2,103,4,112,5,117,5,122,6,128,6,135,7,140,7,144
1492881,2025,258,55,1,66,1,77,1,80,1,87,1,94,1,96,2,107,2,117,2,120,2,137,2,147,2,151,2,171,2,186,2,207
1492883,2025,258,36,2,37,2,41,2,44,3,49,4,57,4,68,4,71,4,89,4,94,5,102,5,104,7,106,7,121,7,129,8,135
1492884,2025,258,24,1,31,2,34,2,37,2,45,3,45,5,54,5,60,5,68,5,74,5,84,6,87,6,96,6,105,6,106,8,109
1492887,2025,258,34,1,41,1,51,3,60,3,61,3,71,3,80,3,90,3,97,3,106,3,112,5,126,5,133,6,143,6,151,6,154
1492888,2025,258,39,2,48,2,52,2,59,2,70,2,78,2,93,3,95,3,110,3,114,3,123,4,131,4,146,4,151,5,155,6,166
1492890,2025,258,30,4,42,4,44,5,48,5,57,5,68,5,73,5,82,5,90,5,94,5,105,6,115,8,116,9,139,9,140,10,140
1492891,2025,258,85,1,91,2,97,2,109,2,120,2,124,3,132,4,138,4,149,5,157,6,159,6,168,6,187,6,200,6,211,6,219
1492892,2025,258,27,3,29,4,39,5,50,5,52,5,52,6,55,6,58,6,59,7,64,7,69,7,76,7,82,7,85,9,89,10,89
1494090,2025,263,44,0,49,0,60,0,63,0,75,1,78,2,86,2,94,2,109,2,115,3,125,3,130,4,133,5,141,6,146,7,151
1494091,2025,263,30,3,41,3,51,3,57,3,68,3,74,3,76,4,80,5,82,5,90,5,95,5,101,6,107,6,116,6,124,7,136
1494092,2025,263,27,4,29,5,34,5,35,5,42,5,53,5,56,5,59,7,59,8,66,8,67,8,73,8,77,8,85,8,97,8,105
1494093,2025,263,50,0,65,0,74,0,87,0,99,0,105,1,108,1,117,1,126,1,131,2,143,3,152,3,158,3,162,4,168,4,172
1494094,2025,263,54,1,68,1,80,1,93,1,104,1,115,1,120,1,134,1,143,1,159,2,162,3,174,3,186,3,190,4,204,4,213
1494095,2025,263,17,4,28,4,31,4,35,4,42,4,47,4,50,4,63,4,67,5,70,5,79,5,81,5,90,5,96,6,105,6,109
1494096,2025,263,40,2,44,3,51,3,59,4,66,4,75,4,81,4,86,4,91,4,103,5,106,6,111,7,123,7,127,7,132,9,140
1494097,2025,263,28,1,30,2,36,3,46,3,50,3,59,4,67,4,69,4,72,4,89,4,100,4,113,5,115,6,122,6,127,6,132
1494098,2025,263,26,2,33,2,40,2,44,2,55,2,64,2,67,3,68,4,70,4,81,4,94,4,101,4,114,4,137,4,143,4,159
1494099,2025,263,48,1,56,1,64,1,69,2,86,2,102,2,122,2,134,2,139,3,151,3,166,4,175,4,185,5,189,6,201,6,209
1494100,2025,263,45,0,61,0,65,0,76,0,85,0,95,0,101,0,107,0,114,0,122,1,130,1,136,2,142,2,160,2,177,2,188
1494101,2025,263,49,1,57,1,67,1,77,1,88,1,103,1,108,1,117,1,124,1,144,1,149,1,158,2,164,3,176,3,180,4,193
1494103,2025,136,30,2,32,2,34,2,43,2,55,2,63,2,67,2,76,2,85,2,89,2,98,2,112,3,121,4,137,4,150,4,157
1494108,2025,136,33,1,42,1,52,1,60,1,64,1,68,1,75,1,77,2,80,3,89,3,93,3,98,5,103,6,108,7,119,7,126
1494110,2025,136,27,0,31,1,38,1,39,2,43,2,45,2,50,2,54,2,61,3,74,4,82,4,83,5,86,6,92,7,95,8,98
1494111,2025,136,35,2,39,2,45,2,49,2,53,3,66,3,74,3,83,3,91,3,110,3,122,3,127,3,150,4,159,4,164,6,170
1494113,2025,136,43,0,49,0,55,0,58,1,62,1,65,1,72,1,79,1,89,1,96,1,100,2,107,3,121,3,124,4,135,4,141
1494114,2025,136,40,2,40,3,47,3,53,3,55,4,60,4,64,4,70,4,75,4,83,4,90,5,98,5,107,6,112,7,118,7,124
1494116,2025,136,45,1,59,1,66,1,72,1,83,1,83,3,90,3,99,3,107,3,119,3,128,3,145,3,152,3,158,4,168,4,180
1494583,2025,136,44,1,47,1,52,1,59,1,66,1,71,1,79,1,84,1,91,2,97,3,104,3,108,4,119,4,129,4,140,4,147
1494584,2025,136,23,5,24,6,25,6,37,6,42,6,44,6,46,6,57,6,59,6,63,7,71,7,81,7,89,7,97,8,103,8,113
1494766,2025,155,49,1,59,1,63,1,69,2,75,3,86,3,92,3,95,3,103,3,109,3,120,3,126,3,143,3,158,3,169,3,189
1494767,2025,155,48,3,53,3,54,3,56,3,69,3,72,3,81,3,96,3,106,3,110,3,118,3,124,3,132,5,142,5,156,6,169
1494768,2025,155,28,2,33,3,44,3,53,3,54,3,59,4,71,4,74,4,84,4,88,4,107,4,117,4,128,5,146,5,158,5,177
1494769,2025,155,52,1,55,1,60,2,66,4,68,5,69,5,75,6,77,6,80,6,83,6,88,6,90,6,96,7,103,8,118,9,123
1494771,2025,281,23,3,29,4,33,4,39,5,43,6,46,6,52,7,54,7,69,7,73,7,77,8,85,10,85,10,85,10,85,10,85
1494772,2025,281,34,0,38,0,51,0,54,1,61,1,64,1,71,1,75,2,88,2,100,2,104,3,108,4,120,7,131,7,138,9,141
1494773,2025,281,39,1,50,1,62,1,68,2,73,2,77,2,92,2,99,3,114,3,121,3,134,3,138,4,142,5,149,5,154,7,162
1494774,2025,281,54,1,55,1,59,1,66,1,79,1,82,1,91,1,101,1,106,2,107,2,125,2,128,2,130,3,138,4,143,5,157
1494775,2025,281,66,0,72,1,89,1,96,1,108,1,117,1,138,1,159,1,164,1,172,1,178,2,182,3,198,3,221,3,230,4,235
1495453,2025,198,25,1,28,1,31,1,38,1,42,1,49,1,52,1,56,2,59,2,62,2,75,2,80,3,89,4,89,6,98,8,102
1495454,2025,198,32,1,39,1,45,1,47,2,48,2,53,2,56,3,61,3,62,4,68,4,73,4,86,4,93,5,100,5,110,5,112
1495455,2025,198,23,1,29,2,38,2,46,2,50,2,59,2,69,2,72,3,80,3,83,4,89,4,90,5,95,6,99,6,107,6,113
1495456,2025,198,26,0,36,0,45,0,49,0,56,0,64,0,69,0,79,1,82,2,90,2,94,3,103,3,115,4,117,5,124,6,139
1495457,2025,198,16,2,22,2,28,2,38,2,45,2,50,2,58,2,59,2,67,2,75,2,79,3,92,3,96,4,109,4,118,4,125
1495458,2025,198,42,1,43,2,47,2,55,3,58,3,59,3,61,3,65,3,69,3,71,3,77,3,84,3,91,4,101,5,113,5,134
1495459,2025,198,50,1,57,1,63,1,76,1,82,1,87,1,98,1,110,1,126,1,141,1,152,1,168,1,185,2,187,3,191,4,211
1495460,2025,198,28,2,37,3,38,3,40,3,47,3,60,3,62,3,67,3,73,4,78,5,87,5,95,5,100,6,104,7,111,8,111
1495461,2025,198,36,1,47,1,58,1,67,1,71,1,78,1,86,1,96,1,100,2,108,2,125,2,132,3,147,3,155,3,171,3,176
1495462,2025,198,42,0,57,0,61,1,65,1,70,1,82,1,90,1,94,2,94,2,109,2,117,3,122,4,127,4,139,4,150,6,163
1495463,2025,198,37,0,41,0,48,0,52,1,57,1,62,2,70,2,77,2,78,3,88,4,95,6,98,6,100,7,106,7,110,8,113
1495464,2025,198,31,2,36,2,43,2,48,2,59,2,71,2,73,2,78,2,89,2,103,2,108,2,118,2,126,2,135,3,154,3,157
1495465,2025,198,49,0,59,0,64,0,75,0,82,0,85,0,90,1,94,2,106,2,109,2,124,2,134,2,148,2,159,3,179,3,189
1495654,2025,219,25,3,28,4,42,4,51,5,52,5,63,5,68,6,77,6,82,6,85,7,90,7,101,8,105,8,114,8,121,8,128
1495656,2025,219,42,2,48,3,51,3,53,3,55,3,60,3,69,3,73,4,83,4,98,4,107,4,115,5,118,5,129,6,143,7,148
1495657,2025,219,37,2,44,2,57,2,62,2,73,2,84,3,91,3,103,3,112,3,125,3,134,3,142,3,160,3,162,3,172,3,178
1495658,2025,219,31,1,32,2,39,2,44,2,50,2,62,3,72,3,89,3,94,3,100,4,121,4,132,4,142,5,154,5,161,7,168
1495659,2025,219,60,0,84,1,91,1,104,1,124,1,133,2,137,3,146,4,150,4,167,4,175,4,185,5,199,5,219,6,230,7,245
1495660,2025,219,55,0,66,0,71,0,80,0,87,0,99,0,109,0,120,0,125,0,130,0,135,1,147,2,161,2,171,4,174,5,182
1496821,2025,282,35,1,35,2,45,2,54,3,61,3,69,4,73,4,80,5,92,5,96,6,98,6,112,6,120,8,127,8,130,9,136
1496822,2025,282,20,2,22,2,28,2,30,3,36,3,37,3,47,3,52,3,56,3,61,3,66,4,79,5,86,5,102,5,122,5,138
1496823,2025,282,36,2,46,2,64,2,69,2,74,2,79,2,83,3,92,3,102,3,105,3,114,3,122,4,145,4,156,4,171,4,179
1496824,2025,282,41,1,44,3,53,4,62,4,66,4,75,4,79,4,89,4,97,4,103,4,113,4,120,4,128,4,134,4,145,5,162
1496825,2025,282,48,0,59,0,65,0,69,1,71,1,75,2,77,2,80,3,87,3,94,3,103,4,114,5,127,5,136,5,145,6,152
1496826,2025,282,17,4,23,4,25,4,32,5,45,6,52,6,61,6,62,6,63,6,76,6,79,6,85,8,88,8,91,9,105,9,105
1496827,2025,283,36,0,43,2,47,2,51,2,59,3,63,3,71,3,86,3,96,3,101,4,114,5,118,5,121,6,125,9,131,9,136
1496828,2025,245,42,1,56,1,65,1,68,1,74,2,84,2,95,2,108,3,128,3,133,3,138,3,148,3,157,3,182,3,198,3,213
1496829,2025,245,39,2,42,3,48,3,52,4,57,4,72,4,80,4,95,4,97,5,102,6,108,6,115,6,118,8,123,8,131,8,132
1496830,2025,245,20,1,27,2,33,2,42,2,43,2,51,2,62,3,64,3,78,3,85,3,94,3,98,3,103,4,114,5,123,6,135
1496831,2025,245,34,3,44,3,49,4,53,4,56,4,65,4,80,4,95,4,109,4,117,4,124,5,137,5,150,6,158,6,175,6,193
1496922,2025,134,31,2,34,2,37,2,45,2,58,2,64,2,71,2,71,3,78,3,89,3,101,3,107,3,117,3,125,4,134,6,143
1496923,2025,16,31,1,47,1,54,1,66,1,73,1,85,1,89,2,98,2,102,4,104,4,111,4,116,4,125,5,140,5,148,6,160
1496924,2025,134,16,3,30,3,36,3,43,4,50,4,54,5,60,5,67,5,76,5,84,5,93,5,100,5,106,5,113,5,131,5,139
1496925,2025,16,34,2,42,2,44,2,45,3,47,3,49,4,54,4,62,4,65,6,72,6,78,6,83,6,90,7,99,8,111,9,127
1496926,2025,134,37,0,50,0,56,0,71,0,75,0,83,0,88,1,94,1,96,2,103,2,116,2,128,2,137,2,146,3,164,3,172
1496927,2025,16,41,1,42,1,51,1,56,1,57,2,62,2,72,2,84,2,96,2,105,2,112,2,118,3,126,3,131,4,143,4,149
1496929,2025,16,31,2,39,2,44,2,50,2,61,2,67,2,70,3,75,3,86,3,88,5,93,5,105,6,110,7,118,7,128,8,146
1496931,2025,134,49,1,60,1,72,1,75,3,86,3,100,3,112,3,125,4,129,4,134,5,140,5,153,5,167,5,173,6,179,8,188
1496932,2025,16,44,1,53,1,56,1,60,2,65,2,72,3,78,3,83,3,92,3,98,4,115,4,129,4,135,4,153,4,158,7,168
1496933,2025,16,42,1,55,1,60,1,70,1,83,1,91,1,96,2,103,2,110,2,115,3,119,4,121,4,129,4,146,4,157,5,171
1496934,2025,134,39,2,53,3,58,3,62,5,65,5,70,5,72,5,80,5,82,6,87,6,88,6,97,6,105,6,118,6,125,7,133
1496935,2025,16,55,0,72,0,81,1,83,1,91,2,96,2,112,2,114,4,124,4,127,4,132,5,135,5,141,5,155,5,164,5,168
1496936,2025,16,21,2,27,2,29,3,33,3,37,4,46,4,51,5,55,5,65,5,75,6,83,6,94,6,102,6,114,7,124,8,135
1496937,2025,16,59,1,71,1,75,2,86,2,94,3,100,3,109,3,120,3,133,3,139,3,150,3,162,4,169,5,179,5,189,5,202
1496938,2025,16,37,0,45,0,56,0,64,0,77,0,87,1,98,1,107,1,113,2,118,3,128,4,133,5,134,8,141,9,146,9,146
1497874,2025,135,48,2,51,2,63,2,75,3,86,3,93,3,102,3,110,4,121,4,133,4,143,4,163,5,176,6,188,7,201,7,207
1497877,2025,135,45,2,50,3,57,3,66,3,73,3,74,4,78,4,81,5,89,5,92,5,97,5,108,5,118,5,129,5,149,5,171
1498191,2025,283,30,2,40,2,48,2,61,2,75,2,82,2,92,3,103,3,115,3,126,3,139,3,150,3,164,3,173,4,188,4,204
1498192,2025,283,32,1,34,2,38,2,46,2,49,2,58,2,71,3,77,3,88,3,97,3,112,3,121,4,130,6,153,6,164,7,172
1498662,2025,46,27,1,34,1,38,1,49,2,60,2,68,4,73,4,84,4,87,5,92,5,98,5,102,6,104,6,117,7,124,7,136
1498663,2025,46,35,2,40,3,47,3,54,3,60,4,62,6,66,7,73,7,78,7,81,8,82,9,90,9,99,9,103,10,103,10,103
1498689,2025,241,31,2,35,2,39,2,48,2,53,2,64,2,69,3,76,3,83,3,91,3,98,3,114,3,125,3,143,4,154,5,165
1498690,2025,241,31,1,40,2,42,2,44,3,48,3,57,3,62,3,72,3,82,3,89,3,95,3,102,3,112,3,131,3,141,4,154
1498696,2025,271,62,0,68,0,79,0,85,2,91,2,95,2,102,2,111,2,122,2,143,2,161,2,171,3,178,3,187,4,199,4,215
1498698,2025,271,39,1,58,1,63,2,77,2,79,3,80,4,87,4,100,4,103,4,112,4,114,5,126,5,136,5,141,7,154,7,154
1498699,2025,271,28,2,34,2,42,2,47,2,51,2,61,2,64,2,72,3,85,3,93,4,96,5,107,6,116,7,125,8,133,9,144
1499011,2025,138,49,1,60,2,65,2,67,2,71,2,80,3,89,3,97,3,107,3,110,4,119,5,126,6,133,7,144,7,146,7,149
1499012,2025,138,48,1,56,1,64,1,73,1,87,1,93,2,99,2,105,2,110,2,120,2,127,3,134,3,141,3,148,3,159,3,176
1499013,2025,138,45,1,54,1,60,1,74,1,87,1,106,1,117,1,123,1,127,2,133,2,142,2,149,2,163,2,172,3,186,3,195
1499014,2025,138,47,2,52,2,55,3,62,3,73,3,86,3,95,3,102,3,107,4,116,4,124,4,136,4,143,4,147,5,155,6,157
1501502,2025,284,40,3,42,3,48,3,58,3,64,3,68,4,77,4,83,4,88,5,96,5,104,5,127,6,134,6,146,6,155,7,160
1501503,2025,284,71,0,80,2,81,2,82,3,87,3,92,3,102,3,108,4,117,4,126,5,139,5,148,5,149,6,155,7,165,9,165
1501504,2025,284,42,2,66,2,77,2,81,2,89,2,98,2,105,3,107,3,112,3,120,3,136,4,141,5,162,6,169,6,175,6,182
1501505,2025,284,71,0,95,0,114,0,126,0,134,1,141,1,144,2,148,2,156,2,166,2,177,3,182,3,193,3,196,4,212,4,222
1501895,2025,99,58,1,74,1,89,1,95,2,104,2,111,3,116,4,119,4,129,4,139,5,145,5,152,5,170,5,183,6,188,7,194
1501896,2025,158,23,4,31,4,42,4,53,5,58,5,66,6,69,6,73,7,76,7,85,8,86,8,94,8,98,8,100,8,110,9,110
1501897,2025,158,18,2,22,2,37,2,41,3,45,4,56,4,75,4,77,6,82,6,92,6,96,7,108,7,115,7,121,8,125,9,139
1502048,2025,99,42,0,59,0,68,0,72,1,81,1,88,1,91,2,94,2,98,3,106,4,112,4,119,5,123,6,128,7,135,8,147
1502049,2025,99,38,1,43,2,52,2,56,2,61,2,71,2,84,2,94,2,103,3,113,3,116,3,125,5,141,5,146,6,155,8,162
1502050,2025,99,34,1,44,2,55,2,60,2,61,3,65,3,76,3,80,5,84,5,88,6,91,6,94,6,107,6,115,6,121,7,128
1502051,2025,99,40,1,53,1,56,1,64,1,72,1,83,1,89,1,97,1,110,1,118,1,126,1,138,2,154,3,165,4,170,5,195
1502052,2025,99,38,2,44,2,52,2,56,3,61,3,68,3,79,3,85,3,89,4,97,4,104,5,118,5,122,5,132,5,135,5,146
1502053,2025,99,43,1,58,1,66,1,82,1,85,2,93,2,98,3,108,3,122,3,129,3,137,3,144,3,153,4,160,4,171,4,184
1502054,2025,99,39,1,56,1,60,1,68,1,78,1,81,1,86,2,92,2,98,2,100,3,104,5,106,6,107,6,111,7,114,9,114
1502164,2025,166,36,0,43,0,52,0,62,0,72,0,83,0,97,0,103,0,109,0,124,0,131,1,149,1,169,2,177,2,193,3,211
1502165,2025,166,36,1,42,1,55,1,65,1,70,1,79,1,92,1,99,2,103,2,112,2,126,2,132,3,143,3,156,3,164,4,169
1502166,2025,166,74,1,85,1,88,1,93,1,104,3,109,4,115,4,118,4,123,5,134,5,144,6,154,6,161,6,172,6,195,6,204
1502743,2025,4,49,1,56,2,59,2,67,3,73,4,80,4,86,4,104,4,123,4,139,4,166,4,171,5,182,5,201,5,228,5,241
1502744,2025,285,12,3,15,3,18,3,19,5,20,5,29,5,30,6,38,7,41,7,53,7,55,7,62,7,68,7,77,8,82,9,88
1502745,2025,4,47,2,53,2,71,2,75,3,86,3,91,3,95,4,100,4,105,4,113,4,125,4,131,4,138,5,140,6,149,7,152
1502746,2025,285,24,0,30,0,36,0,39,1,43,1,48,1,50,2,63,2,72,2,80,2,90,2,93,3,103,3,111,3,120,4,122
1502747,2025,4,53,1,71,1,76,1,86,1,96,1,104,1,117,1,126,1,140,1,161,1,180,1,185,2,205,2,208,5,220,6,235
1502748,2025,285,40,1,48,2,51,3,53,4,55,4,61,4,67,5,74,5,80,5,82,5,93,5,94,5,107,6,114,6,121,6,128
1502749,2025,4,57,1,85,1,95,1,109,1,128,1,138,1,146,2,160,2,162,2,180,3,191,3,205,3,217,3,231,3,243,5,259
1502750,2025,285,38,0,46,0,52,0,56,0,60,0,64,0,71,0,75,1,83,1,88,1,99,1,104,2,109,2,119,2,120,3,130
1502751,2025,4,49,0,61,0,74,0,78,0,83,0,93,0,109,0,121,0,138,1,150,1,168,1,173,2,185,2,197,2,208,3,221
1502752,2025,285,31,0,35,0,37,0,41,1,43,1,46,1,51,1,54,2,55,3,59,4,62,4,64,4,67,4,74,5,78,5,81
1502753,2025,4,23,3,28,3,29,7,35,8,36,8,41,8,45,8,55,8,59,8,65,8,67,8,71,9,71,10,71,10,71,10,71
1502754,2025,285,45,1,51,1,58,1,63,1,72,1,76,1,79,2,85,2,91,2,104,2,113,3,115,3,128,4,131,5,141,5,147
1502755,2025,4,42,4,48,4,54,4,59,4,65,4,75,4,81,4,92,4,95,4,107,4,114,4,127,4,131,6,141,6,151,6,174
1502756,2025,285,24,1,32,1,38,1,42,1,51,2,62,3,68,3,79,3,95,3,98,3,110,3,123,4,130,5,143,5,154,6,166
1502757,2025,4,31,1,36,2,38,3,45,3,54,3,58,3,64,4,68,4,76,4,81,4,92,4,98,4,102,5,107,5,113,5,122
1502758,2025,285,23,1,29,1,31,1,44,2,53,2,67,2,75,2,84,2,90,2,104,2,109,2,135,2,143,2,164,2,179,3,192
1502759,2025,4,41,0,51,0,57,0,65,1,67,2,79,2,84,2,89,2,93,2,96,3,100,3,105,4,108,6,120,6,134,6,142
1502760,2025,285,28,1,46,1,48,1,54,1,61,2,66,3,76,3,86,3,92,3,101,4,111,4,115,5,119,5,128,5,142,5,151
1502761,2025,285,43,1,54,2,56,2,65,3,82,3,96,3,108,3,110,5,114,5,129,5,134,7,140,7,150,7,158,7,173,7,196
1502762,2025,4,47,2,52,2,55,3,61,3,75,3,80,3,90,3,99,3,103,4,119,4,127,4,137,4,140,5,148,5,153,5,167
1503450,2025,96,14,2,20,2,21,4,23,5,27,5,28,5,38,5,43,5,47,6,51,6,56,7,60,7,69,7,77,8,86,8,92
1503451,2025,67,23,4,25,4,32,4,41,4,45,4,55,4,60,5,64,5,79,5,84,6,89,6,93,6,107,7,110,7,116,7,118
1503452,2025,67,27,1,39,1,46,1,47,2,51,2,53,3,60,3,63,4,67,4,74,4,80,4,86,4,102,4,108,5,135,5,141
1503453,2025,96,38,3,39,3,43,5,45,5,51,6,54,6,63,6,72,6,75,6,78,6,85,6,88,9,99,9,104,9,110,9,123
1503454,2025,67,35,1,53,1,64,1,66,2,72,2,77,2,89,2,90,3,96,3,109,3,123,3,133,3,140,3,156,4,171,4,177
1503455,2025,67,32,1,41,2,45,3,53,3,56,3,61,4,66,4,67,5,72,5,79,5,88,5,100,5,103,6,107,8,111,9,117
1503456,2025,96,45,1,48,2,53,2,55,3,63,3,68,3,73,3,83,3,85,5,90,5,102,5,114,5,121,5,130,5,137,5,161
1503457,2025,67,24,1,31,1,35,1,48,1,65,1,70,1,79,1,95,1,97,2,102,3,104,4,104,5,109,6,115,6,126,6,131
1503458,2025,67,24,2,27,3,29,3,33,4,39,4,41,4,45,4,55,4,65,5,72,5,83,5,96,5,101,6,113,6,122,6,138
1503459,2025,96,37,1,39,2,42,2,51,2,53,2,63,3,72,3,78,3,96,3,104,3,110,4,117,4,136,4,147,4,161,6,172
1503460,2025,67,40,0,45,0,49,0,56,1,65,1,73,1,79,1,83,1,91,1,95,1,97,2,103,3,111,4,126,5,133,6,140
1503461,2025,67,34,0,44,0,47,0,60,0,70,1,73,1,82,1,96,1,101,2,107,2,118,2,127,4,143,4,152,5,158,5,162
1503462,2025,67,21,2,28,2,31,2,34,3,37,3,42,3,49,4,58,4,63,5,67,5,72,5,82,5,88,5,95,6,98,6,112
1503463,2025,67,31,2,33,2,45,2,49,3,56,3,60,3,72,3,83,3,97,3,102,3,110,4,114,4,116,6,120,7,136,8,147
1503464,2025,96,35,2,38,2,45,2,53,2,55,3,59,3,62,3,73,3,80,3,84,3,90,3,95,3,103,3,118,3,132,3,139
1503465,2025,67,40,1,51,1,73,1,78,1,82,2,88,2,103,2,111,2,122,2,145,2,149,2,158,2,166,3,185,4,206,4,225
1503466,2025,67,44,0,53,0,59,0,63,2,67,2,73,3,80,3,81,4,86,4,94,4,101,4,120,4,123,5,127,6,141,7,151
1503467,2025,67,22,2,25,3,29,4,41,5,46,6,52,6,54,7,60,8,65,8,73,8,74,9,79,9,85,9,94,9,108,9,116
1503468,2025,67,19,1,27,2,33,2,35,2,44,2,49,2,52,3,55,3,65,4,66,5,74,5,79,5,89,5,103,5,121,6,126
1503469,2025,96,35,2,41,3,47,4,55,5,58,6,60,6,61,7,64,7,72,8,76,8,90,8,95,8,98,9,102,9,103,10,103
1503470,2025,67,50,0,61,0,65,1,66,1,73,1,88,1,94,1,98,1,111,2,120,3,132,3,150,3,161,4,181,4,196,4,211
1504941,2025,67,40,1,51,1,61,1,64,2,72,2,76,2,80,3,85,3,93,4,96,5,101,6,105,7,110,7,117,7,128,7,142
1505125,2025,286,34,0,35,0,48,0,58,0,62,1,70,1,79,1,82,1,84,3,98,3,101,3,110,3,114,3,129,3,143,3,165
1505126,2025,286,38,1,50,1,59,1,68,1,83,1,94,1,105,1,108,3,112,4,117,4,119,6,125,6,128,6,134,6,144,6,149
1505127,2025,286,33,1,40,1,43,1,45,2,55,2,67,2,79,2,90,2,94,2,99,2,109,3,118,4,126,5,133,6,142,7,151
1506014,2025,286,45,1,48,1,62,1,70,1,73,2,77,2,90,2,104,2,107,3,113,3,127,3,136,3,148,3,159,4,164,4,181
1506015,2025,286,62,1,75,1,81,1,88,1,89,3,97,3,103,4,106,4,114,4,122,4,128,4,134,4,146,4,156,4,162,5,170
1506016,2025,286,50,1,51,2,55,3,57,3,62,3,66,4,68,4,74,5,78,5,86,5,90,5,99,6,108,6,110,8,114,9,117
1506436,2025,138,42,1,50,1,56,1,65,2,69,2,74,2,91,2,93,2,97,2,110,2,121,4,136,4,141,6,151,7,162,8,173
1506437,2025,138,49,1,58,2,76,2,92,2,100,3,102,3,120,3,126,4,140,4,143,5,148,5,150,7,150,8,159,8,169,9,171
1506438,2025,138,45,0,57,0,69,0,73,1,77,2,78,3,86,3,87,4,102,4,107,5,110,7,123,7,129,7,142,7,149,8,157
1506439,2025,138,55,1,66,2,76,2,90,2,95,2,106,2,109,2,113,2,129,2,144,2,154,3,156,5,165,5,180,6,195,6,207
1506440,2025,151,42,2,55,2,56,2,64,2,75,3,88,3,92,3,103,3,114,3,118,4,125,5,142,5,146,5,156,6,174,6,198
1506441,2025,287,45,1,51,1,59,1,62,1,73,1,86,1,91,2,100,2,104,2,110,2,121,2,131,2,143,3,149,5,157,6,162
1506442,2025,287,28,2,32,2,33,2,37,2,46,2,49,2,54,2,56,3,59,4,63,4,68,4,71,5,75,5,81,7,88,9,93
1506443,2025,287,44,0,48,1,57,1,67,1,74,1,96,1,115,1,124,1,132,2,142,2,147,3,170,3,179,3,188,5,205,5,211
1506444,2025,287,32,2,41,3,48,3,49,3,52,3,57,3,64,3,73,3,81,3,94,3,102,3,109,4,111,6,115,7,121,8,123
1506445,2025,287,43,0,54,0,55,0,66,0,74,0,82,0,87,0,95,0,101,0,107,0,120,1,128,1,138,1,150,1,167,1,179
1506446,2025,287,20,1,30,1,33,1,39,1,43,1,51,1,56,1,66,1,75,2,79,2,83,3,88,3,99,3,101,5,111,6,119
1506447,2025,287,29,1,29,2,38,2,50,2,61,2,66,2,70,3,76,3,79,5,83,5,92,6,95,7,102,7,108,7,116,9,125
1507719,2026,85,50,1,55,1,75,1,79,2,83,3,91,4,98,5,100,6,110,6,116,6,125,6,129,9,133,10,133,10,133,10,133
1507720,2026,85,54,0,58,1,68,1,83,1,92,1,102,1,106,2,127,2,130,3,132,4,139,4,144,4,159,4,167,4,184,4,189
1507721,2026,85,28,3,35,4,46,4,49,5,56,5,59,5,65,6,72,6,81,6,85,6,92,6,96,6,107,6,109,8,118,8,128
1508270,2025,225,15,0,17,0,23,1,29,1,29,3,33,4,35,4,40,4,47,4,47,7,48,8,56,9,57,9,59,9,60,9,61
1508272,2025,225,19,2,22,3,24,3,25,3,30,3,31,3,33,3,34,4,36,4,40,4,42,5,43,5,49,5,51,6,58,6,59
1508275,2025,225,21,2,23,2,32,2,36,2,38,2,40,3,50,3,52,4,54,5,60,5,67,5,77,5,88,6,91,7,96,7,102
1508277,2025,225,32,3,38,3,44,3,49,4,54,4,63,4,67,4,69,5,75,5,84,5,96,5,103,6,107,6,123,7,138,7,148
1508278,2025,225,22,3,22,3,29,3,30,3,37,4,39,4,39,5,46,5,46,5,47,5,52,5,56,6,57,6,66,7,67,8,70
1508279,2025,225,13,3,24,4,25,6,28,6,30,6,33,6,38,6,42,6,46,6,52,6,55,8,58,8,64,8,67,8,72,9,78
1508280,2025,225,51,0,62,0,70,0,88,0,95,0,99,0,113,0,115,2,124,3,131,3,140,3,153,3,164,3,171,3,177,4,180
1509859,2025,155,26,2,38,2,41,2,50,2,55,3,57,3,60,4,68,4,77,4,86,4,95,4,111,4,118,4,122,5,139,5,154
1510178,2025,225,56,0,66,0,70,0,71,1,85,1,88,1,98,1,107,2,113,3,121,3,123,4,133,4,142,4,145,6,161,7,174
1510179,2025,225,73,0,86,0,89,1,93,1,102,1,108,1,117,1,121,1,132,1,146,1,160,1,175,2,196,2,209,2,220,2,231
1510180,2025,225,9,1,16,1,18,2,23,2,26,2,27,3,38,3,50,3,59,3,64,4,67,4,69,4,72,4,76,5,84,5,97
1510724,2025,155,29,2,43,2,52,2,58,3,60,4,64,4,68,5,70,6,70,6,76,7,80,7,84,8,87,9,98,9,107,9,109
1510725,2025,230,44,0,49,1,51,1,55,1,58,2,62,2,64,3,70,3,81,3,87,4,97,5,103,5,115,6,120,6,124,8,131
1511993,2025,200,30,0,31,1,38,1,44,1,51,2,55,2,62,2,62,4,66,4,71,4,83,4,85,5,90,6,97,6,103,6,109
1511994,2025,200,34,1,46,1,53,1,57,1,66,2,68,3,77,3,86,3,87,4,87,4,90,4,98,5,100,8,105,9,107,9,108
1511996,2025,200,32,1,37,1,43,1,48,2,52,2,57,2,66,3,70,3,78,3,85,3,96,3,101,3,114,3,119,4,129,4,143
1511997,2025,200,32,1,40,1,46,2,49,2,52,3,59,3,72,3,75,3,85,3,96,3,118,3,122,3,127,4,133,5,141,5,150
1511999,2025,211,26,2,35,2,40,2,45,2,50,2,51,3,56,3,58,3,69,3,74,3,79,3,84,4,87,4,96,4,99,6,107
1512002,2025,211,16,2,16,2,17,3,21,4,22,4,28,4,31,4,34,5,35,6,36,6,40,6,43,7,46,7,52,7,60,7,69
1512719,2026,289,36,2,50,2,58,2,65,3,72,3,79,3,88,3,94,3,107,4,112,4,123,4,127,5,134,7,139,7,144,8,147
1512720,2026,143,31,0,33,0,50,0,54,0,57,1,66,2,81,2,98,2,115,2,126,2,138,2,140,3,154,3,167,3,175,4,182
1512721,2026,195,44,1,46,4,49,4,52,4,53,4,63,4,70,4,73,5,77,6,86,6,94,6,115,6,122,7,128,7,140,8,161
1512723,2026,195,44,2,57,2,64,3,73,3,76,3,84,3,92,3,106,3,120,3,128,4,134,4,138,5,139,5,151,5,163,6,184
1512724,2026,119,38,1,50,1,54,1,61,1,63,2,68,2,71,3,76,3,84,3,87,4,95,4,104,4,125,4,135,4,154,6,163
1512725,2026,143,39,0,49,0,63,0,74,0,76,0,91,0,98,0,107,0,115,0,127,1,136,2,153,2,166,2,181,2,185,3,207
1512726,2026,289,19,4,24,4,27,5,28,5,30,5,38,5,43,5,60,5,65,5,69,5,71,7,75,7,82,8,88,8,96,8,103
1512727,2026,197,54,0,66,0,72,1,80,1,90,1,104,1,121,1,132,2,137,2,142,4,151,4,158,4,166,4,177,4,192,4,213
1512728,2026,146,29,1,40,1,46,1,51,1,60,1,65,2,78,2,94,2,99,3,105,3,109,4,125,4,130,5,137,6,148,7,156
1512729,2026,240,44,1,50,1,59,1,67,1,74,1,77,1,84,1,99,1,112,1,119,1,122,2,125,3,129,3,156,3,164,4,173
1512730,2026,289,54,0,56,2,60,2,66,2,75,2,85,2,91,2,101,2,122,2,133,2,137,3,145,4,157,4,173,4,179,6,190
1512732,2026,119,56,2,64,2,69,3,77,3,86,3,90,4,98,4,110,4,116,4,120,4,129,4,142,4,149,5,159,6,169,6,182
1512733,2026,195,52,2,55,3,58,3,64,3,74,3,79,4,83,4,97,4,114,4,127,4,130,5,142,5,162,5,167,5,182,5,196
1512734,2026,85,42,1,58,2,63,2,71,2,79,2,96,2,102,2,114,2,133,2,139,3,146,3,160,3,180,3,199,3,208,5,225
1512735,2026,195,33,1,46,1,49,2,52,3,61,3,67,3,79,3,81,3,89,3,94,4,97,5,101,6,102,8,116,8,123,8,123
1512736,2026,146,58,1,86,1,104,1,105,2,110,2,120,2,122,3,124,4,134,4,144,4,168,4,184,4,190,4,199,4,206,7,209
1512737,2026,119,40,0,47,0,57,0,66,1,72,1,79,1,87,1,99,1,106,1,118,1,125,1,131,2,135,2,150,2,158,2,169
1512738,2026,146,38,2,39,3,51,3,57,3,63,3,71,3,81,3,92,3,96,4,100,4,106,4,119,4,127,4,131,5,136,5,150
1512739,2026,240,42,1,53,1,65,1,73,1,82,2,96,2,105,3,114,3,122,3,136,3,148,3,153,3,160,4,174,4,187,5,196
1512740,2026,289,45,3,47,3,59,3,67,4,74,4,79,4,94,4,101,4,115,4,124,4,142,4,149,4,167,5,193,5,214,5,235
1512741,2026,143,28,2,42,3,50,3,59,3,77,3,90,3,97,3,105,3,115,4,123,5,125,6,127,8,138,8,148,8,150,9,152
1512742,2026,197,51,1,58,3,71,4,77,4,86,4,92,4,106,4,121,4,131,4,138,5,140,5,143,6,147,7,155,7,165,7,175
1512743,2026,195,19,3,22,3,25,4,27,4,33,4,42,4,46,5,54,5,59,5,68,5,73,6,82,6,92,6,108,6,126,6,133
1512744,2026,240,46,0,65,0,69,1,75,1,84,1,88,1,92,2,104,3,111,3,116,3,136,3,149,3,175,3,180,3,189,3,199
1512745,2026,119,41,1,52,1,65,1,82,1,89,2,92,2,98,2,108,2,118,2,125,2,127,4,136,4,140,4,154,4,159,5,175
1512747,2026,143,50,1,56,2,66,2,72,3,76,3,82,3,93,4,97,4,107,5,114,5,124,5,144,5,160,6,174,6,187,6,202
1512748,2026,85,50,0,70,0,84,0,97,0,105,1,110,2,117,3,127,3,131,4,136,4,151,4,160,4,168,5,175,6,177,7,181
1512749,2026,240,32,0,50,0,56,0,63,0,73,0,75,0,81,0,83,0,102,0,116,1,123,1,136,1,150,1,158,2,163,3,173
1512751,2026,195,46,0,52,0,61,0,67,0,74,0,80,1,84,1,101,1,110,1,118,1,131,1,134,3,145,4,153,5,158,6,170
1512752,2026,146,42,1,44,2,48,2,60,2,64,2,66,3,73,3,76,3,79,3,84,4,97,4,102,4,109,4,114,5,118,5,122
1512753,2026,289,40,0,47,1,52,1,55,1,77,1,85,1,93,1,107,1,118,2,121,3,131,3,140,3,157,3,177,3,183,3,199
1512754,2026,197,44,2,51,2,56,2,60,2,69,3,74,3,76,3,89,3,108,3,113,4,118,4,133,4,153,4,159,4,180,4,193
1512755,2026,143,43,2,48,2,58,2,63,2,69,2,76,2,84,2,90,2,96,3,106,3,115,4,117,5,129,5,138,6,157,6,165
1512756,2026,119,54,1,61,1,66,1,70,1,74,1,86,1,93,1,100,1,105,2,111,3,122,3,127,4,142,4,148,5,164,7,178
1512758,2026,85,39,3,47,3,57,3,59,4,62,4,73,5,75,5,81,5,88,6,89,7,98,7,104,8,104,10,104,10,104,10,104
1512760,2026,85,32,1,37,2,45,2,49,3,59,3,68,4,77,4,83,4,94,4,105,5,106,6,114,6,124,6,126,7,135,9,146
1512761,2026,197,31,3,41,3,52,3,56,3,73,3,84,3,99,3,111,3,128,4,134,4,144,4,152,5,157,5,164,6,167,7,187
1512762,2026,195,46,1,55,2,72,2,92,2,98,2,115,2,120,2,131,2,150,2,169,2,179,3,194,3,208,4,216,4,236,5,254
1512763,2026,85,40,2,46,2,55,2,61,2,66,2,70,2,73,3,84,3,91,3,107,3,112,3,126,4,140,5,147,7,154,8,164
1512764,2026,119,39,2,44,2,52,2,59,2,73,2,75,3,83,3,84,5,86,6,88,6,90,6,98,6,116,6,137,6,156,6,168
1512765,2026,197,47,4,52,4,60,5,70,5,72,6,82,6,86,7,90,7,97,7,109,7,118,7,129,7,140,7,163,7,168,7,176
1512766,2026,240,63,1,80,1,84,1,90,1,99,1,109,1,125,2,134,2,151,3,161,3,176,4,187,4,201,4,220,4,241,4,256
1512767,2026,119,44,0,54,0,64,1,66,2,77,2,84,2,97,2,106,3,116,3,123,3,125,4,132,4,135,5,142,6,147,6,159
1512768,2026,85,51,0,64,0,71,0,78,0,90,0,102,0,107,0,125,0,136,0,150,0,163,0,177,1,184,2,198,3,203,5,212
1512769,2026,146,29,2,45,2,51,2,66,2,69,3,80,3,84,4,88,5,94,5,102,5,110,5,120,5,126,6,132,6,143,6,153
1512770,2026,143,35,0,45,0,56,0,66,0,69,1,82,1,99,1,103,3,113,3,119,3,125,4,149,4,163,4,175,4,181,4,195
1512771,2026,143,45,2,48,2,52,2,57,3,67,3,77,4,80,5,84,5,91,5,101,5,108,5,113,5,128,5,150,5,163,6,169
1512772,2026,195,55,1,67,1,73,1,92,1,112,1,119,2,130,2,145,2,160,2,167,3,177,3,190,4,205,4,217,5,237,6,253
1512773,2026,197,72,0,92,0,98,0,110,1,115,1,127,1,137,1,161,1,171,1,191,1,203,1,204,4,211,4,220,4,231,5,255
1513086,2025,260,33,2,38,3,44,3,51,3,60,3,70,3,74,3,77,4,84,4,89,6,94,7,99,7,102,8,111,8,118,8,138
1513088,2025,260,19,3,26,4,27,4,31,4,40,4,46,4,49,4,59,4,59,4,66,5,68,5,72,6,79,7,97,7,104,7,114
1513089,2025,260,19,1,22,2,25,2,29,2,35,2,40,3,49,4,66,4,71,4,89,5,92,6,96,8,100,8,105,8,111,8,119
1513090,2025,260,30,1,53,1,60,1,73,1,76,1,80,1,90,1,102,1,109,3,113,3,119,3,135,3,150,3,153,3,160,4,177
1513091,2025,260,31,1,39,2,43,3,50,4,59,4,63,5,68,6,68,6,70,6,73,6,75,6,81,8,88,9,92,9,95,10,95
1513092,2025,260,34,2,38,2,40,2,43,2,49,3,53,3,54,4,60,4,64,5,73,5,80,6,80,7,82,9,83,10,83,10,83
1513093,2025,260,27,0,36,1,39,2,49,2,57,2,66,3,73,3,77,3,84,4,86,5,90,5,101,5,114,6,123,6,126,7,126
1513094,2025,260,43,2,57,2,60,2,65,3,69,3,78,3,87,3,90,3,97,3,104,3,115,3,122,3,126,4,135,5,148,6,158
1513095,2025,260,38,0,40,0,43,0,45,0,48,0,54,0,61,0,65,0,74,0,77,1,89,1,97,2,102,4,116,4,128,5,128
1513096,2025,260,26,2,29,3,37,3,42,3,42,3,46,3,51,3,59,3,75,3,85,3,90,4,95,5,101,5,107,5,123,5,129
1513097,2025,260,21,0,33,0,37,0,48,0,50,0,53,1,56,1,71,1,84,3,98,3,103,5,106,5,115,5,121,5,134,6,140
1513099,2025,256,32,1,43,1,48,1,54,2,61,2,77,2,79,2,85,2,88,3,93,3,103,3,111,3,121,4,135,4,142,8,152
1513100,2025,256,48,0,53,0,56,0,60,0,70,0,80,1,86,1,95,1,112,1,131,1,133,2,134,2,142,2,146,2,154,3,160
1513101,2025,256,35,2,43,2,50,2,58,2,62,2,73,2,75,2,83,2,88,2,97,3,115,3,119,3,133,3,151,3,160,3,175
1513102,2025,256,19,2,28,2,38,2,46,3,51,5,55,5,58,5,62,5,65,5,68,5,74,5,78,5,86,5,90,8,99,8,102
1513297,2025,260,44,1,46,3,54,3,59,3,64,3,71,4,73,4,85,4,87,4,98,4,103,5,106,5,123,5,136,5,154,6,177
1513298,2025,260,32,0,36,0,41,0,57,0,70,1,78,2,83,2,103,2,108,2,117,3,130,3,135,3,142,4,147,4,160,4,171
1513299,2025,260,36,1,42,2,46,2,53,3,61,3,71,3,76,3,81,3,92,3,104,3,111,4,116,4,123,4,134,5,146,6,152
1513300,2025,260,31,0,40,0,48,0,58,0,66,0,74,0,78,0,87,0,96,0,103,0,116,0,125,0,137,0,154,0,161,1,179
1513301,2025,260,25,1,29,2,32,2,38,2,54,2,58,2,72,2,79,2,94,2,102,2,106,2,116,2,130,2,138,2,151,2,156
1513302,2025,260,25,1,35,1,38,2,47,2,50,3,55,3,59,4,62,5,66,6,72,6,78,6,94,6,100,6,109,6,112,7,116
1513303,2025,260,43,1,49,1,55,1,58,1,65,1,82,2,88,2,96,2,97,3,98,4,102,5,111,5,116,5,122,5,132,6,145
1513304,2025,260,44,1,48,1,54,1,63,1,65,2,69,2,78,2,93,2,94,4,103,4,127,4,130,4,141,4,145,4,150,5,157
1513824,2025,229,13,4,23,4,30,4,37,4,41,4,43,4,45,5,46,6,50,7,58,7,60,7,63,8,68,8,70,9,71,9,80
1513825,2025,229,48,0,54,0,69,0,77,0,88,0,95,1,100,1,120,1,136,1,147,1,156,2,166,2,171,4,176,5,192,6,201
1513826,2025,229,19,1,25,1,26,4,28,4,29,4,31,4,31,5,34,6,36,7,39,7,45,7,45,7,54,7,64,7,67,8,75
1513827,2025,229,15,3,23,3,28,4,39,4,48,4,51,5,54,5,60,6,67,6,71,6,84,6,98,6,110,8,123,8,134,8,145
1513828,2025,229,24,1,32,1,36,1,40,1,47,2,57,2,71,3,83,3,86,4,89,5,97,5,105,5,117,5,133,5,146,6,156
1513829,2025,229,40,1,62,1,71,1,90,2,92,2,106,3,110,3,114,3,123,4,130,4,132,4,146,4,149,4,159,5,172,5,182
1513830,2025,229,28,1,40,1,45,1,47,2,53,2,55,4,67,4,70,4,73,5,84,5,99,5,111,5,117,7,125,8,136,8,151
1513832,2025,229,48,1,49,2,59,2,62,2,66,2,76,2,83,2,90,3,93,3,98,3,106,3,118,4,126,5,148,5,149,7,153
1513833,2025,229,32,2,38,2,40,3,49,3,55,5,57,5,60,5,64,5,67,6,74,6,79,6,88,7,91,7,100,7,103,9,110
1514473,2025,234,36,0,40,0,44,0,46,0,47,1,51,2,55,2,57,2,60,2,63,3,64,5,66,6,68,6,71,6,73,7,76
1514474,2025,234,43,1,47,1,65,1,70,1,77,1,85,1,96,2,108,2,125,2,131,2,152,2,168,2,181,3,197,3,205,3,224
1514475,2025,234,8,2,12,2,20,2,25,2,29,3,30,3,31,3,33,4,41,5,44,6,46,6,48,6,51,6,55,8,55,10,55
1514476,2025,234,65,0,81,0,84,0,101,1,112,1,117,1,120,2,131,2,147,2,171,2,191,2,217,2,238,2,259,2,265,3,290
1514477,2025,234,29,0,32,1,33,2,36,2,40,2,48,2,51,2,53,3,55,4,61,4,75,4,76,5,78,6,82,6,84,6,90
1514480,2026,254,25,2,35,2,38,4,44,4,48,4,59,4,71,4,74,5,80,5,90,5,106,5,113,6,122,6,127,7,128,9,128
1515010,2025,256,28,3,30,4,35,4,40,4,46,4,47,5,54,6,60,7,60,7,64,8,66,8,68,9,69,10,69,10,69,10,69
1515011,2025,256,37,1,55,1,60,1,64,1,71,1,77,1,89,1,105,1,115,2,145,2,166,2,189,2,196,3,204,5,212,6,216
1515012,2025,256,35,1,46,3,48,3,56,3,62,3,65,4,74,4,78,4,87,5,95,6,103,6,104,7,105,8,108,8,117,8,127
1515013,2025,256,32,1,38,1,46,1,49,2,69,2,78,2,88,2,109,2,115,2,136,3,150,3,168,3,192,3,202,3,212,5,223
1515014,2025,256,39,2,48,2,55,2,60,2,66,2,69,2,77,3,80,3,88,3,90,3,96,3,100,4,118,6,119,6,132,7,139
1515542,2025,225,32,1,48,1,51,1,55,1,70,1,75,1,82,2,90,3,93,3,102,4,117,4,133,4,134,5,152,5,164,5,167
1515543,2025,225,37,1,39,1,47,2,53,2,61,2,67,2,71,2,78,3,85,4,88,4,94,4,108,4,115,4,123,4,130,5,141
1515544,2025,225,25,0,31,1,33,1,43,2,43,2,47,2,51,3,54,4,62,4,65,4,67,4,75,4,82,4,94,4,103,4,112
1515545,2025,225,32,2,36,2,41,2,51,2,56,3,64,3,74,3,84,4,94,4,101,5,108,6,115,6,122,6,129,6,140,6,152
1515546,2025,225,34,0,36,1,45,1,46,2,51,2,60,2,62,2,72,2,81,2,97,2,107,2,112,3,124,3,134,4,148,4,157
1515548,2025,225,40,0,45,0,51,0,56,0,59,1,65,1,74,1,90,1,100,1,103,2,110,2,113,3,116,3,125,3,135,4,150
1515549,2025,225,34,3,36,3,39,3,40,5,43,5,49,5,51,5,55,5,56,5,61,6,62,6,65,6,70,6,77,6,79,8,80
1519136,2026,290,50,1,57,2,60,3,68,3,74,3,79,4,84,4,87,5,90,6,101,6,105,8,109,8,112,9,118,9,118,10,118
1519137,2026,290,36,1,43,2,52,2,58,2,70,2,76,2,87,2,96,2,102,2,111,3,130,3,139,3,149,3,159,3,176,4,190
1519138,2026,290,51,1,55,1,65,1,67,3,70,3,88,3,91,4,95,5,95,6,99,6,107,6,121,6,127,6,139,7,149,8,154
1519139,2026,16,38,2,46,2,51,2,62,2,64,3,77,3,79,3,86,3,96,3,111,3,122,5,136,5,143,5,150,6,160,6,178
1519140,2026,16,42,2,49,3,54,3,67,3,74,4,87,4,90,4,98,5,99,6,103,7,105,7,112,7,125,7,145,7,156,7,170
1519636,2026,158,43,1,56,1,69,1,74,2,85,2,92,3,101,3,110,3,115,3,124,4,137,4,142,5,146,5,149,6,159,6,168
1519637,2026,158,65,1,72,2,76,2,81,3,89,3,96,3,112,3,117,3,125,4,129,4,139,4,155,4,164,4,175,4,184,4,198
1519638,2026,158,43,2,55,2,69,2,80,2,89,2,97,2,103,2,107,3,121,3,131,4,137,4,151,4,160,4,175,4,189,5,207
1522994,2026,155,43,1,56,1,72,1,78,2,91,2,101,2,106,2,124,2,130,2,142,2,151,2,155,3,168,3,184,3,196,5,215
1522995,2026,155,47,1,57,1,59,1,65,1,76,1,86,1,102,1,107,1,116,2,126,2,136,2,150,2,166,2,180,4,191,4,201
1522996,2026,155,43,1,51,2,57,2,63,3,66,3,82,3,87,3,104,4,109,4,117,4,127,5,134,5,150,5,164,5,175,5,187
1522997,2026,155,41,1,52,1,61,1,72,1,85,1,90,1,96,2,104,2,110,2,125,2,135,3,152,4,168,4,175,5,187,6,205
1522998,2026,229,34,0,47,0,50,0,58,0,68,1,70,1,88,1,102,1,111,1,115,1,123,2,125,5,131,5,133,6,145,6,157
1522999,2026,229,27,3,29,4,30,4,32,4,45,5,50,5,60,5,68,5,76,6,82,7,85,7,90,8,91,10,91,10,91,10,91
1523000,2026,229,16,2,21,2,31,2,32,2,37,2,50,2,52,2,58,2,60,3,63,3,74,3,94,3,109,3,121,4,126,5,140
1523001,2026,229,26,1,33,1,34,1,36,3,43,4,47,5,48,5,52,5,59,7,60,7,66,8,73,8,77,8,83,9,87,9,87
1523002,2026,229,41,1,50,2,53,2,57,2,60,2,65,2,78,2,87,2,97,2,104,3,109,3,124,3,138,3,139,4,148,5,170
1523003,2026,229,31,1,34,1,43,1,48,2,51,2,60,2,64,2,70,2,80,2,90,2,92,3,107,3,112,4,118,5,121,6,126
1523005,2026,229,16,4,17,4,22,4,24,5,25,5,31,5,33,5,45,5,50,5,57,5,60,6,70,6,75,8,80,8,94,8,108
1525159,2026,203,43,3,50,3,52,4,60,4,77,4,81,4,89,4,95,4,96,5,100,5,114,5,129,5,135,6,140,6,162,6,182
1525160,2026,203,39,1,46,1,53,1,63,2,67,3,78,3,81,4,84,6,85,7,97,7,114,7,119,7,146,7,149,7,152,8,171
1525162,2026,203,32,1,53,1,64,1,67,2,72,2,75,2,79,2,86,2,93,3,97,4,99,6,101,7,109,8,115,8,116,8,125
1525166,2026,270,37,2,43,3,50,3,54,3,60,3,66,3,72,3,73,3,80,4,83,5,86,7,95,9,98,9,98,10,98,10,98
1525167,2026,270,21,2,24,2,26,3,26,3,30,3,37,3,43,3,47,4,62,4,67,5,79,5,85,7,86,8,89,9,93,9,97
1525168,2026,270,37,1,57,1,61,1,71,1,72,1,76,2,84,3,91,3,95,3,98,3,102,3,105,5,113,6,115,8,119,8,129
1525169,2026,270,33,0,37,1,43,1,44,4,45,4,52,4,57,4,58,5,65,5,69,5,71,6,74,6,78,6,82,7,90,7,94
1525170,2026,270,15,4,26,4,28,4,33,4,38,4,43,4,47,5,49,5,51,5,54,5,58,5,64,5,68,6,73,6,82,7,92
1525171,2026,270,29,0,38,0,47,1,51,1,56,1,61,2,68,2,75,2,86,2,92,2,98,2,108,2,116,2,124,3,130,4,153
1525172,2026,270,43,0,52,0,55,0,72,0,79,0,81,2,86,2,92,2,110,2,117,2,128,2,149,2,156,2,172,2,178,2,187
1525173,2026,270,23,1,32,1,37,1,43,1,48,2,52,2,55,4,57,4,64,4,65,6,68,6,78,6,84,7,92,7,99,7,107
1525174,2026,270,45,1,63,1,78,1,84,1,91,2,96,2,102,2,116,2,125,2,138,2,145,2,156,3,174,3,184,3,195,3,215
1525175,2026,270,8,3,10,3,13,4,15,4,19,4,26,4,32,4,40,4,42,4,53,5,54,5,60,5,64,5,69,5,80,5,85
1525176,2026,270,29,1,40,1,43,1,53,1,64,2,71,3,82,3,86,3,95,4,97,5,100,5,102,6,110,6,117,6,119,8,126
1525177,2026,270,17,4,24,4,29,4,37,4,41,4,52,4,60,4,68,4,75,4,78,5,84,5,95,5,99,5,101,6,112,7,114
1526841,2026,231,25,1,30,1,30,3,32,3,33,4,41,4,53,4,59,4,63,5,74,5,85,5,95,5,98,5,102,6,109,8,115
1526842,2026,232,21,3,28,4,28,6,30,6,31,8,32,8,35,8,47,8,52,8,52,8,55,8,59,8,64,8,69,9,70,9,72
1526843,2026,231,18,2,24,2,37,2,39,3,46,4,53,5,55,5,59,5,59,5,63,5,68,5,72,6,81,6,87,6,87,7,95
1526844,2026,232,47,1,50,1,58,2,61,2,77,3,79,3,87,3,94,3,106,3,113,3,116,3,123,3,132,3,141,3,163,3,178
1526845,2026,231,17,1,20,1,31,2,36,2,43,2,47,2,52,3,59,3,64,3,66,5,69,5,79,5,85,6,90,6,94,6,98
1526846,2026,231,30,1,31,2,34,2,36,2,38,3,43,3,46,4,51,4,54,4,56,6,58,6,60,6,61,7,62,9,65,9,77
1526847,2026,232,28,5,34,5,36,6,44,6,45,6,47,7,50,7,56,7,59,7,71,8,74,9,75,10,75,10,75,10,75,10,75
1526848,2026,232,54,0,68,0,78,0,94,0,102,0,120,0,126,0,133,0,141,0,144,0,151,0,159,1,169,1,180,2,198,2,205
1526849,2026,232,58,1,73,1,89,1,104,1,117,2,131,2,140,2,152,2,163,2,173,2,176,2,188,3,199,3,209,4,217,4,236
1526850,2026,231,20,2,22,2,22,2,29,2,37,2,39,2,50,2,58,2,60,3,63,3,71,3,73,4,85,4,87,6,100,6,108
1526851,2026,232,35,1,43,1,50,1,62,1,73,1,76,1,86,2,95,2,104,2,113,2,123,2,127,3,139,4,154,4,172,4,178
1527157,2026,211,25,3,33,3,38,3,40,3,43,4,46,4,55,4,64,4,69,4,77,4,90,4,92,4,107,4,121,5,129,7,140
1527158,2026,211,30,2,37,2,47,2,49,2,54,2,59,2,63,2,71,2,90,2,91,3,98,4,106,5,114,5,119,5,121,7,130
1527277,2026,291,16,2,16,2,17,3,17,4,19,5,23,5,32,7,32,8,36,8,41,8,44,8,47,9,49,9,54,9,58,9,60
1527278,2026,291,15,2,15,2,18,3,23,3,27,3,35,3,44,3,51,3,60,4,60,5,62,5,66,5,74,5,75,5,77,6,81
1527279,2026,291,22,1,33,1,38,1,41,2,44,2,48,2,52,3,55,4,61,5,67,5,76,5,84,6,90,6,93,7,97,7,102
1527280,2026,291,39,1,49,1,56,1,63,2,66,3,74,3,81,3,91,3,96,3,101,5,110,5,115,5,127,5,147,5,154,6,164
1527281,2026,291,23,2,27,3,28,3,33,3,42,3,49,3,56,3,62,3,77,3,82,4,87,4,91,5,96,6,101,6,107,6,114
1527770,2026,287,31,1,35,1,38,2,53,2,66,2,81,2,91,3,95,3,104,4,109,6,116,6,119,7,142,7,152,8,167,8,174
1527773,2026,287,23,2,30,2,33,3,36,3,47,3,62,3,67,3,72,3,74,4,81,4,90,5,95,6,111,6,120,6,135,6,136
1528275,2026,286,49,1,61,1,74,1,82,1,90,1,100,2,108,2,112,3,118,4,127,4,130,5,141,5,157,5,162,6,176,6,182
1528299,2026,204,38,0,45,0,47,1,48,1,60,1,65,1,70,1,83,2,88,2,107,2,116,2,124,2,133,3,144,4,146,7,148
1528300,2026,204,29,3,36,3,40,3,56,3,65,3,69,4,74,4,80,4,84,4,89,5,100,5,113,6,122,7,125,8,128,9,128
1528301,2026,204,37,1,42,2,51,2,58,2,66,2,73,2,91,2,100,3,108,3,117,3,125,3,136,3,155,3,166,3,184,3,190
1528302,2026,204,47,0,54,1,61,1,67,1,86,1,98,1,105,1,128,1,145,1,157,1,159,3,164,4,170,4,180,4,192,4,207
1528303,2026,204,29,1,32,2,37,2,44,2,48,3,60,3,66,3,79,3,88,3,97,4,113,4,121,4,126,7,128,9,133,10,133
1528305,2026,204,31,3,41,3,42,4,46,5,54,5,57,6,59,6,64,6,68,6,70,7,85,7,90,7,99,7,107,7,121,7,129
1528306,2026,204,49,0,59,0,65,1,71,2,75,3,82,3,83,3,88,3,100,3,106,3,116,4,122,5,133,6,145,7,149,8,161
1528307,2026,204,31,1,39,1,45,1,52,2,58,2,65,2,72,3,83,3,83,5,89,6,90,7,96,7,101,7,109,7,111,10,111
1528308,2026,204,59,0,68,0,71,0,80,1,86,1,91,1,101,1,102,2,110,2,118,2,125,2,143,3,145,4,159,5,177,5,183
1529145,2026,264,41,2,50,3,57,3,65,3,72,4,75,5,78,5,89,5,94,5,99,6,104,6,111,6,129,6,135,6,145,7,159
1529146,2026,264,45,2,50,3,56,3,65,3,74,3,77,4,82,4,92,4,93,5,101,5,102,6,106,6,121,6,132,7,152,7,157
1529147,2026,264,39,0,49,0,56,0,63,0,69,1,72,1,77,2,81,2,97,2,106,2,117,2,138,2,147,2,158,3,171,3,186
1529377,2026,292,28,2,40,2,56,2,68,3,74,4,86,4,104,4,111,4,124,4,131,4,140,4,158,4,167,4,180,4,196,4,204
1529378,2026,292,6,2,9,2,12,2,13,2,19,2,24,3,32,3,38,4,43,4,46,4,48,6,52,7,59,7,63,8,64,9,64
1529379,2026,292,36,0,46,0,61,0,68,0,69,1,74,2,78,2,92,3,108,3,118,3,122,3,130,5,133,6,147,6,156,7,160
1529380,2026,292,30,1,39,1,51,1,75,1,81,1,92,1,99,2,104,3,105,4,109,4,121,4,122,5,128,5,136,7,146,7,157
1529787,2026,225,42,2,47,2,57,2,63,2,68,2,75,2,82,2,83,5,89,5,97,6,100,6,111,6,116,8,119,10,119,10,119
1529788,2026,225,25,2,33,2,41,2,46,3,50,3,53,4,57,4,64,4,74,5,86,5,99,5,106,6,111,7,116,7,121,7,125
1529789,2026,225,19,0,21,0,26,1,36,1,44,1,60,1,62,1,75,1,79,3,84,3,88,3,101,3,108,5,112,5,118,7,135
1529790,2026,225,47,1,55,2,60,3,68,3,76,3,77,4,83,4,93,4,101,4,110,5,119,5,129,5,134,5,146,5,153,7,164
1529791,2026,225,27,0,39,0,45,0,56,1,59,1,65,1,76,1,85,1,96,1,109,1,130,1,137,2,140,3,151,3,155,5,165
1529792,2026,225,37,3,43,3,52,3,54,3,63,3,75,3,81,3,102,4,105,6,109,6,117,6,130,6,136,6,148,6,161,6,170
1529793,2026,225,44,1,57,2,60,2,64,2,74,2,81,3,97,3,101,4,108,5,114,5,121,6,123,7,127,8,130,8,137,8,145
1529794,2026,225,43,4,46,5,53,5,60,5,69,5,73,5,77,5,84,6,86,6,95,6,103,6,113,7,126,7,136,8,147,8,166
1531681,2026,125,40,1,50,1,63,1,80,1,88,1,97,2,100,2,129,2,139,2,149,2,166,2,180,2,193,2,201,3,215,3,231
1531682,2026,125,53,1,70,1,79,1,92,1,107,1,122,1,130,2,145,3,157,3,164,4,178,4,183,6,190,7,206,7,219,7,227
1531683,2026,125,30,2,37,2,41,4,47,4,50,4,56,4,65,4,73,4,83,4,91,4,100,4,103,5,112,5,120,5,137,5,144
1531684,2026,125,41,2,53,2,58,2,61,3,81,3,86,3,95,3,106,3,107,4,121,4,129,4,140,4,150,4,163,4,181,5,198
1531685,2026,125,35,2,43,2,50,2,61,2,70,2,76,3,81,5,82,5,86,5,94,6,100,6,106,6,122,6,131,6,139,7,143
1531695,2026,118,30,3,47,3,47,4,48,6,50,6,61,6,62,6,73,6,79,6,80,6,89,6,92,6,103,6,112,6,113,8,128
1531873,2026,125,31,0,41,0,45,1,50,1,60,2,67,2,75,2,79,2,85,2,97,2,110,2,118,3,138,5,156,5,158,6,165
1532637,2026,193,32,2,35,2,40,2,41,3,48,3,51,3,62,3,64,3,82,3,87,3,97,3,102,3,113,3,124,4,127,7,132
1532638,2026,293,38,1,44,1,50,1,58,1,67,1,73,1,80,1,89,1,103,1,108,2,118,2,133,2,139,2,148,3,154,3,169
1532639,2026,293,19,3,20,4,24,4,25,6,27,7,30,7,32,7,36,7,39,7,41,7,45,8,46,9,47,10,47,10,47,10,47
1532640,2026,193,17,1,20,2,24,2,24,4,31,4,32,4,39,4,42,5,47,5,53,5,65,5,67,6,74,7,74,8,84,8,92
1532641,2026,293,28,2,34,3,40,3,42,3,50,3,59,3,65,3,66,3,74,4,86,4,96,4,98,7,103,8,113,8,121,9,123
1532642,2026,293,49,0,65,0,70,0,79,0,87,0,99,0,111,0,123,0,136,0,142,1,150,2,164,2,177,2,183,3,189,3,197
1532643,2026,193,43,0,48,0,55,0,65,0,74,0,84,0,97,0,101,1,106,1,112,1,119,2,126,2,133,2,144,3,158,4,166
1532644,2026,293,9,3,11,3,16,3,18,5,19,5,25,6,26,6,36,7,39,7,50,7,55,7,59,8,64,9,67,9,72,9,74
1532645,2026,293,48,1,64,1,73,1,88,1,99,1,114,1,122,1,130,2,136,3,139,3,146,3,149,4,159,4,174,4,181,5,204
1532646,2026,193,37,1,39,1,43,1,47,1,49,1,50,2,52,2,61,3,71,3,80,3,87,4,95,4,109,4,116,5,127,5,129
1532647,2026,294,45,0,53,0,57,1,61,2,66,2,68,2,74,2,79,2,92,2,98,2,102,3,109,3,119,3,140,3,152,4,163
1532648,2026,193,32,3,34,3,41,3,47,3,54,3,56,3,70,3,74,4,82,4,89,4,94,4,105,4,120,4,127,5,134,6,142
1532649,2026,294,27,0,35,0,50,0,60,0,71,0,73,0,84,0,88,1,101,3,105,3,107,5,111,5,120,6,125,8,130,8,140
1532650,2026,193,31,0,43,1,45,1,50,1,57,1,65,1,68,1,71,2,74,2,78,3,80,4,84,5,90,5,101,6,107,7,112
1532651,2026,193,24,2,35,2,44,2,51,2,57,2,75,2,84,2,94,3,107,3,111,4,121,4,128,4,132,4,147,4,156,5,163
1532652,2026,294,39,1,52,1,54,2,59,3,66,3,71,4,80,4,82,5,88,5,95,5,103,5,110,6,111,7,114,7,116,10,116
1532653,2026,193,25,2,33,3,36,3,38,3,42,3,49,3,59,3,65,3,69,3,78,3,88,4,91,5,100,6,110,7,116,7,130
1532654,2026,193,23,1,23,3,28,3,33,3,40,3,43,4,46,5,50,5,58,5,62,5,71,6,76,6,83,7,85,9,90,10,90
1532655,2026,193,34,0,43,0,47,1,50,1,58,1,60,1,61,1,65,2,68,2,70,3,74,3,74,5,84,6,91,6,92,7,102
1532656,2026,193,20,2,34,2,34,2,41,3,45,4,47,4,50,5,53,5,56,6,65,6,69,6,74,6,75,8,77,8,81,10,81
1532657,2026,294,20,3,21,3,28,3,32,3,40,3,41,3,45,4,47,5,53,5,56,6,70,6,73,6,77,7,82,8,90,8,94
1532658,2026,294,15,2,23,2,29,2,37,2,46,2,54,2,56,2,70,3,76,3,81,4,83,4,88,5,91,5,95,6,104,6,107
1532660,2026,193,32,1,40,1,42,1,56,1,61,1,76,1,90,1,102,1,114,1,122,2,133,2,141,2,157,2,177,2,190,4,207
1532662,2026,193,11,4,13,4,24,4,31,5,33,5,37,5,45,6,45,8,46,8,47,8,50,9,59,9,61,9,65,9,73,9,75
1532663,2026,193,30,0,39,0,42,1,46,1,52,2,71,2,80,3,80,4,87,4,95,4,97,5,101,6,105,6,110,7,116,7,121
1533385,2026,126,83,0,97,0,115,0,128,0,148,0,171,0,192,0,207,0,222,0,233,0,242,1,257,1,275,1,287,1,296,1,308
1533386,2026,126,29,1,31,1,37,1,38,2,47,2,62,2,67,2,69,4,79,4,91,4,96,4,106,5,114,7,130,7,144,7,163
1533387,2026,126,54,3,77,3,84,3,92,3,99,4,103,4,119,4,132,4,134,5,142,5,155,5,168,6,180,7,185,7,195,9,211
1533389,2026,126,56,1,73,1,82,1,86,1,108,1,120,1,128,1,132,1,144,1,151,2,165,2,169,4,180,6,193,6,196,8,213
1533390,2026,211,21,2,24,2,28,2,30,2,34,3,38,3,48,3,51,3,57,3,61,3,66,4,67,4,69,4,73,5,84,5,87
1533391,2026,211,39,1,41,3,42,4,46,4,52,4,56,5,68,5,73,5,85,5,90,5,96,5,108,5,114,5,124,6,128,8,137
1533392,2026,211,45,1,53,1,65,1,74,1,87,1,91,2,98,2,104,2,106,3,109,3,124,4,138,4,148,4,167,4,173,5,186
1533393,2026,211,13,1,13,3,17,3,19,4,26,4,28,4,31,5,32,6,35,7,43,7,46,8,52,8,59,8,67,8,68,8,73
1533394,2026,241,31,0,35,0,44,0,51,0,54,1,57,1,59,1,68,2,70,3,74,3,76,4,79,5,89,5,95,6,99,7,110
1533395,2026,241,36,3,52,3,61,3,76,3,82,3,87,4,99,4,108,4,120,4,129,4,135,4,148,4,165,4,180,5,187,5,198
1533397,2026,151,37,1,50,1,52,2,53,2,57,2,61,2,67,2,75,2,82,2,87,2,101,2,111,2,130,2,133,3,145,3,165
1533398,2026,151,33,2,38,3,40,4,41,5,45,6,46,6,53,6,61,6,68,6,78,6,84,6,90,6,94,6,98,7,102,7,112
1533399,2026,151,39,3,45,3,51,3,59,3,62,3,73,3,79,3,96,3,100,4,107,4,109,5,119,5,138,5,147,6,148,9,163
1533400,2026,151,38,1,52,1,55,2,61,2,69,2,77,2,85,3,94,3,104,4,116,4,125,4,137,4,144,4,149,6,156,6,167
1534038,2026,151,18,2,28,2,33,2,40,3,47,3,50,3,56,3,62,3,67,4,71,4,78,4,84,4,96,5,100,6,108,7,115
1534039,2026,287,25,2,32,2,39,2,51,2,59,2,70,2,75,2,93,2,98,3,107,4,113,4,117,4,124,5,131,6,141,6,151
1534040,2026,151,31,2,36,2,37,2,43,3,46,4,48,5,53,6,55,7,57,7,57,7,66,7,73,8,73,10,73,10,73,10,73
1534041,2026,287,36,2,38,2,49,2,52,2,61,3,65,5,68,6,70,6,79,6,90,6,102,7,107,7,117,7,128,8,135,9,140
1534042,2026,151,29,3,35,3,38,4,39,5,39,5,43,6,46,8,49,8,51,8,57,8,60,9,64,9,66,9,74,9,74,10,74
1534043,2026,287,47,1,57,1,69,1,74,1,84,1,87,1,121,1,127,2,136,2,144,2,158,2,162,2,167,3,184,3,198,3,208
1534044,2026,151,33,0,39,0,50,0,56,0,59,2,69,2,78,2,87,3,91,4,94,4,107,4,114,5,122,5,140,5,152,5,164
1534045,2026,287,51,1,55,2,66,2,75,3,83,3,84,4,88,4,102,4,119,4,136,6,139,7,143,7,154,8,156,8,160,9,172
1534046,2026,151,53,2,55,3,57,3,60,4,62,4,73,4,75,5,87,5,103,5,114,6,115,7,122,7,127,8,141,9,145,9,145
1534047,2026,287,21,2,30,2,36,2,40,2,51,2,56,2,63,2,71,2,85,2,87,3,93,3,104,3,116,3,123,4,130,4,133
1534048,2026,151,45,0,58,0,61,0,77,0,85,0,100,0,105,0,112,0,121,0,130,1,133,1,142,1,166,1,178,2,190,2,199
1534049,2026,287,39,1,50,1,57,1,66,1,83,1,103,1,107,2,115,2,119,2,133,2,138,2,148,3,163,3,183,4,186,6,196
1534050,2026,151,20,2,28,2,35,2,37,3,39,3,40,4,48,4,56,4,59,5,67,5,72,6,86,6,89,6,98,8,98,9,99
1534051,2026,287,28,0,38,1,53,1,59,2,70,2,89,2,95,3,100,3,110,4,121,6,125,7,129,7,140,7,146,7,150,8,155
1534052,2026,151,35,2,50,3,52,3,65,3,67,3,80,3,88,3,98,4,100,4,119,4,127,4,136,4,145,5,159,6,173,7,181
1534053,2026,287,47,0,63,0,73,0,93,0,99,0,119,0,132,0,145,1,157,2,181,2,198,2,208,2,229,2,250,2,270,3,280
1534054,2026,151,46,1,56,2,63,2,70,2,74,3,79,3,92,3,101,3,108,3,111,4,114,5,117,5,121,6,127,6,140,7,149
1534055,2026,287,36,1,45,2,47,2,56,2,59,2,69,2,78,3,82,5,85,5,87,6,100,6,110,6,121,7,124,7,138,9,148
1534056,2026,151,33,3,41,3,44,3,47,3,52,3,63,3,70,3,81,4,84,4,91,5,96,5,108,5,114,6,134,7,139,7,147
1534057,2026,287,17,3,20,3,21,4,25,4,30,4,37,4,44,4,46,6,51,6,55,8,63,8,65,9,68,10,68,10,68,10,68
1534058,2026,287,27,3,32,4,41,4,44,4,55,4,57,5,62,6,67,6,70,7,77,7,88,7,101,7,114,7,123,8,129,9,134
1534059,2026,151,32,1,45,1,49,3,50,3,58,3,62,3,64,4,71,4,75,4,87,5,96,6,100,6,111,6,125,6,130,7,139
1534060,2026,151,38,2,47,2,55,2,64,2,74,2,81,2,83,3,100,3,106,3,109,3,114,3,120,3,123,4,138,4,156,4,160
1534061,2026,287,29,1,40,2,47,2,52,3,61,3,65,3,74,3,84,3,89,3,92,3,107,3,112,3,114,4,121,4,129,5,139
1534590,2026,138,55,1,66,2,71,3,81,3,86,4,92,5,96,5,100,5,106,6,115,6,124,6,133,7,148,7,154,8,162,9,164
1534594,2026,138,36,2,51,2,60,2,63,2,67,3,72,3,79,4,86,4,91,4,95,5,102,6,115,6,129,7,135,9,149,9,154
1535413,2026,291,29,0,34,0,38,0,38,1,39,2,47,3,52,3,54,4,57,5,65,5,75,5,78,5,88,5,95,6,104,7,107
1535414,2026,291,51,0,58,0,63,0,73,0,80,0,91,1,100,1,102,2,106,3,110,3,117,3,125,3,136,4,145,4,155,4,166
1535415,2026,295,66,1,78,1,88,1,109,1,118,1,123,2,131,2,142,2,150,3,160,3,169,3,174,4,191,4,207,5,218,5,247
1535416,2026,291,78,0,93,0,112,0,129,0,140,0,156,0,163,0,169,0,176,0,191,0,201,1,222,1,233,1,253,1,276,1,288
1535419,2026,291,24,2,33,2,36,2,39,2,42,3,46,3,52,3,55,5,57,5,58,6,63,6,63,7,69,7,74,8,82,9,101
1535420,2026,295,30,2,35,2,39,2,52,2,55,2,64,2,68,2,74,2,83,2,87,3,94,3,99,3,117,3,125,5,138,5,149
1535421,2026,295,24,0,25,0,28,2,34,2,36,2,39,2,46,2,49,2,52,2,55,2,57,3,64,3,67,3,70,3,72,4,78
1535422,2026,295,18,2,20,2,20,3,21,3,21,4,25,4,26,4,26,5,35,5,38,6,40,7,41,9,41,9,49,9,49,10,49
1535423,2026,291,25,2,28,2,32,2,38,2,39,2,44,2,53,3,64,3,69,3,78,3,88,3,101,3,111,3,122,4,131,4,135
1535424,2026,295,44,2,54,2,62,2,70,3,77,3,83,3,99,3,110,4,116,4,120,4,135,4,139,5,150,5,162,7,173,8,183
1535425,2026,291,70,0,91,0,100,0,113,0,128,0,140,0,148,0,158,0,174,0,182,0,196,1,205,1,223,2,234,2,244,2,255
1535426,2026,295,25,1,29,1,31,2,35,3,38,3,44,3,47,3,49,4,49,5,56,5,68,7,69,7,77,7,82,9,87,9,88
1535428,2026,291,36,1,48,1,56,2,61,2,68,2,73,2,81,2,85,3,89,3,92,4,96,4,113,4,124,4,140,4,148,6,159
1535429,2026,295,15,0,18,1,23,1,24,2,26,3,29,4,30,4,36,4,37,4,38,6,40,7,42,7,45,7,49,7,51,8,53
1535430,2026,295,42,1,45,1,61,1,67,2,69,2,80,3,91,3,100,3,110,3,113,3,129,3,138,3,149,3,160,3,177,3,193
1535431,2026,291,21,2,34,2,40,2,46,2,52,2,60,3,63,3,70,3,78,3,79,4,81,4,84,5,87,6,93,6,93,7,97
1535433,2026,291,34,1,35,1,39,1,46,2,49,2,55,3,58,3,61,3,63,4,67,4,76,5,85,6,95,6,102,6,108,7,117
1538211,2026,284,67,3,72,3,85,3,107,3,111,4,119,4,132,4,139,4,146,4,149,4,162,4,174,4,192,4,201,4,210,5,217
1538213,2026,284,36,1,43,1,48,1,56,1,58,1,69,2,76,2,77,2,81,2,87,2,91,2,97,3,105,4,112,4,116,5,131
1538214,2026,284,55,1,56,2,66,2,85,2,96,2,100,2,106,2,115,2,117,3,120,3,137,3,153,4,165,5,176,5,181,5,200
1538216,2026,284,50,3,64,3,70,3,72,3,81,3,88,3,103,4,104,4,116,4,118,5,128,5,134,5,151,6,161,7,174,7,190
1538217,2026,284,34,1,45,1,54,1,61,1,77,1,86,1,95,1,104,1,121,1,137,1,144,2,157,2,164,2,177,2,196,2,209
1538218,2026,284,42,1,52,1,63,1,68,2,77,2,96,2,110,2,129,2,147,2,158,2,168,3,169,5,176,5,182,6,197,6,221
1538219,2026,284,26,2,35,2,37,2,50,2,56,4,72,5,78,5,86,5,105,5,116,5,133,5,143,5,160,5,162,7,172,8,191
1538440,2026,263,36,1,48,1,69,1,89,1,126,1,135,1,159,1,175,1,196,1,199,2,219,2,236,2,256,2,271,2,284,2,313
1538443,2026,263,61,0,64,0,71,1,78,2,85,2,88,2,103,2,105,3,109,4,115,4,120,4,136,5,141,6,149,6,159,7,173
1538445,2026,263,17,3,21,3,22,4,29,4,32,5,34,5,40,5,43,5,49,5,52,5,55,5,66,5,69,6,71,7,81,7,84
1538446,2026,263,53,0,59,0,68,0,75,0,80,0,94,0,99,0,102,1,105,1,111,1,131,2,144,2,152,2,163,3,174,4,184
1538449,2026,263,68,0,95,0,101,0,122,0,134,1,156,1,157,1,180,1,182,2,193,2,214,2,231,2,248,3,261,4,264,6,275
1538450,2026,263,37,1,45,1,52,1,64,1,75,1,84,4,90,4,97,4,105,4,125,4,133,4,147,5,151,5,185,5,197,7,212
1538451,2026,263,48,0,61,0,72,0,82,0,96,0,106,0,127,0,144,0,162,0,169,0,193,1,202,1,219,1,236,1,268,1,287
1538452,2026,263,19,3,19,3,29,3,36,3,43,3,48,5,49,6,53,6,60,6,70,6,79,7,82,7,85,8,94,8,94,9,94
1538453,2026,263,20,2,21,3,38,3,40,4,43,4,45,4,48,4,51,4,60,4,67,5,73,6,81,6,88,7,90,8,99,8,114
1538454,2026,263,40,0,42,0,43,0,44,1,51,1,53,3,55,4,56,4,58,4,64,6,70,8,77,8,78,8,81,9,89,9,90
1538455,2026,263,40,2,42,2,48,2,63,2,72,2,76,3,88,3,100,3,107,3,125,3,147,3,158,4,171,4,179,5,187,6,188
211028,2005,8,43,1,50,2,58,2,68,2,82,2,93,2,101,3,105,4,109,4,111,5,124,5,132,5,149,5,157,5,167,6,179
211048,2005,7,54,3,58,4,64,4,72,4,79,4,89,4,94,4,109,4,117,4,134,4,141,5,147,5,155,5,170,5,200,5,214
222678,2005,296,48,0,59,0,66,0,78,0,82,0,88,1,90,2,99,2,103,3,106,4,109,5,112,6,119,7,121,8,129,9,133
225263,2006,9,39,1,40,3,44,3,50,3,57,4,60,4,70,4,82,4,87,4,96,4,101,5,106,5,114,6,119,6,130,6,144
225271,2006,8,46,0,58,0,68,0,75,1,82,2,84,3,95,4,102,5,111,5,118,6,126,6,137,7,141,7,151,7,158,8,163
226374,2006,55,39,0,50,0,59,1,64,1,77,1,92,1,99,1,110,2,127,2,136,2,145,2,159,2,165,2,174,2,187,2,209
237242,2006,7,21,1,23,1,26,1,39,2,44,3,54,4,59,4,65,4,73,4,79,5,81,5,84,5,93,5,104,5,115,6,126
238195,2006,296,40,0,48,1,59,1,65,1,69,1,83,1,90,1,105,1,112,1,127,1,136,1,159,1,170,2,177,3,184,3,201
249227,2007,18,52,1,73,1,83,1,97,1,105,2,117,2,129,3,139,3,149,3,153,4,157,5,168,5,182,5,194,5,204,5,221
251487,2006,20,59,0,66,0,80,0,82,1,90,2,101,2,106,2,108,3,122,3,130,3,132,4,135,5,143,5,152,6,156,7,162
251488,2006,7,30,3,40,3,44,4,51,4,52,5,55,5,60,6,61,7,66,7,71,7,80,8,100,8,108,8,115,9,115,10,115
255954,2006,296,31,1,31,2,34,3,41,4,49,4,57,4,62,4,64,5,76,5,83,5,94,5,103,6,108,6,113,6,120,8,126
258463,2007,297,57,1,62,1,75,1,81,1,88,1,97,1,107,2,115,2,124,3,140,4,153,4,170,4,187,4,198,5,204,7,208
258464,2007,297,44,0,50,1,52,1,58,1,64,2,78,2,90,2,104,2,113,3,126,3,138,4,144,4,147,5,157,5,162,7,169
287853,2007,296,46,0,54,0,68,0,78,0,93,0,109,0,114,0,131,0,145,0,151,1,167,2,177,2,181,3,184,4,196,5,205
287854,2007,76,11,4,23,4,28,4,37,4,37,5,38,5,39,6,42,7,46,7,51,8,61,8,70,8,73,10,73,10,73,10,73
287855,2007,76,24,2,38,2,47,2,50,3,59,3,67,3,72,3,81,3,104,4,114,5,116,5,124,6,138,6,146,7,158,7,171
287856,2007,40,21,3,22,3,32,3,37,3,48,3,51,4,60,4,69,4,78,4,87,5,90,5,101,5,106,6,119,6,128,7,138
287857,2007,296,25,1,33,1,38,1,53,1,61,1,69,1,81,1,89,1,94,1,96,2,102,2,106,3,126,4,131,5,155,5,164
287858,2007,40,45,2,59,3,66,3,75,3,82,3,93,3,101,3,113,3,135,3,145,3,153,4,159,5,164,5,172,6,179,8,188
287860,2007,296,40,1,53,1,65,1,74,1,93,1,101,2,114,2,131,2,156,2,175,2,184,3,194,4,211,4,215,6,244,6,260
287861,2007,40,29,1,35,1,42,2,49,3,52,3,64,3,75,4,86,4,97,4,100,5,103,5,119,5,127,6,129,7,132,9,135
287862,2007,76,28,3,33,3,36,4,44,4,47,4,64,4,70,4,82,4,84,5,90,5,97,5,111,6,123,6,128,7,138,7,141
287863,2007,296,25,1,38,2,51,2,59,2,74,2,80,2,95,3,99,4,103,5,112,5,118,5,128,5,141,5,148,5,154,6,164
287864,2007,40,60,4,65,4,76,4,78,5,91,5,96,5,101,6,103,6,104,6,108,6,119,6,120,7,125,7,133,8,138,9,144
287865,2007,296,36,1,48,1,57,1,65,1,69,2,77,2,86,3,89,4,94,5,104,5,112,5,137,5,145,5,164,6,185,6,190
287866,2007,40,25,0,31,0,40,1,44,1,57,1,63,1,66,2,73,2,82,2,86,3,91,3,103,3,112,6,114,6,119,6,123
287867,2007,40,42,2,43,3,49,3,54,3,56,3,68,3,77,3,86,3,89,3,91,4,94,5,104,6,112,6,133,6,145,7,154
287868,2007,296,33,2,33,3,37,3,49,3,63,3,69,3,81,3,89,3,109,3,121,3,134,4,147,4,158,5,164,5,171,6,189
287869,2007,76,29,3,31,4,34,4,35,4,40,4,60,4,72,4,84,4,92,5,100,5,114,5,134,5,140,7,146,8,152,8,164
287870,2007,296,42,2,58,2,71,2,79,2,80,3,85,3,92,3,99,4,101,4,112,4,123,4,138,4,150,4,156,5,160,6,164
287871,2007,296,37,1,39,2,46,2,49,2,57,2,61,3,71,3,77,3,84,4,90,4,97,5,103,5,109,5,122,5,139,5,147
287872,2007,76,42,0,50,0,59,0,67,0,70,2,76,3,80,3,90,3,92,4,97,4,121,4,131,4,132,6,138,7,142,8,153
287873,2007,76,35,0,41,0,56,0,70,0,77,0,90,0,98,0,110,0,118,0,129,0,138,1,148,2,159,3,171,3,207,3,218
287874,2007,40,21,3,26,4,28,4,34,5,39,5,43,7,55,7,60,7,65,7,72,7,77,7,82,7,86,8,92,8,100,9,101
287875,2007,40,38,1,51,1,56,1,62,1,74,1,80,2,85,3,102,4,105,4,112,4,121,6,124,7,130,7,137,7,139,9,140
287876,2007,76,33,2,34,3,37,3,46,3,48,3,57,3,62,4,72,4,79,4,90,4,97,4,101,4,119,4,131,4,139,4,153
287877,2007,40,33,0,41,0,46,0,51,1,61,1,72,1,75,2,78,2,85,2,91,4,104,5,106,6,116,7,120,7,126,8,143
287878,2007,76,26,0,36,1,39,1,41,2,48,2,60,2,79,2,88,2,92,2,113,2,127,3,141,3,148,3,161,4,179,4,188
287879,2007,296,39,1,40,2,45,2,50,2,58,2,69,2,82,2,89,2,98,2,105,3,110,3,114,4,120,4,130,5,143,5,157
291343,2007,298,41,1,48,1,55,2,60,2,68,2,73,3,83,3,90,3,105,3,119,3,131,3,140,3,153,4,169,4,178,4,186
291356,2008,0,22,4,30,4,34,5,38,5,39,5,43,5,48,5,49,6,53,6,60,6,62,7,63,9,72,9,74,10,74,10,74
296903,2008,34,19,2,33,2,40,2,48,3,50,3,59,3,67,4,69,5,72,5,78,5,86,5,95,5,98,6,102,7,117,7,123
297800,2007,299,42,1,58,1,60,2,69,2,74,2,81,2,87,2,96,2,110,2,113,3,116,4,120,4,127,4,149,4,158,5,166
298795,2007,296,34,2,39,2,48,3,54,3,63,3,66,4,71,4,75,4,81,5,83,5,86,6,97,6,99,7,113,7,119,7,129
298804,2008,296,29,1,31,2,33,2,41,3,46,3,48,3,50,3,58,3,62,4,79,5,81,6,91,6,97,6,108,7,117,7,131
300435,2008,7,45,2,59,2,67,3,75,3,81,3,86,4,93,4,104,4,117,4,119,5,122,5,148,5,159,6,166,7,173,8,184
300436,2008,300,57,0,67,1,71,2,76,3,77,4,84,4,89,4,102,4,114,4,120,4,126,4,139,4,155,4,169,4,184,6,193
306987,2007,301,29,2,35,2,44,2,49,2,51,2,58,2,65,2,72,3,81,3,85,3,98,3,112,3,116,5,121,6,129,7,138
306989,2007,301,58,0,67,0,73,0,76,1,80,1,92,1,100,1,111,2,121,3,135,3,146,3,149,4,164,5,167,5,186,5,191
306991,2007,301,23,2,31,2,34,3,38,4,43,4,44,5,45,5,47,5,51,5,55,6,58,7,59,7,69,7,75,9,81,9,92
343764,2008,47,48,2,60,2,69,2,75,2,84,2,90,3,103,3,113,3,123,3,135,3,148,4,153,4,168,4,172,5,183,5,203
350050,2009,34,35,0,43,1,48,1,54,1,55,3,60,3,68,3,73,3,79,3,85,3,93,3,105,3,117,3,131,3,137,4,145
350475,2009,296,24,2,40,2,47,2,59,2,70,2,71,5,74,5,78,5,87,5,91,5,103,5,116,6,127,6,142,6,149,7,166
350476,2009,39,27,2,36,2,44,2,54,2,64,2,70,2,76,3,81,3,83,3,92,3,96,4,119,4,131,4,134,5,144,5,156
351694,2009,0,54,1,69,1,74,1,86,1,93,1,101,2,114,2,119,2,133,2,140,4,145,4,154,6,161,6,170,7,178,7,182
351695,2009,55,34,0,36,1,40,2,47,3,53,3,59,3,65,3,70,3,83,3,93,4,103,4,114,4,128,4,136,5,142,5,157
351696,2009,18,41,2,47,2,52,3,58,3,62,3,67,3,76,3,82,3,89,3,94,3,105,4,114,4,126,4,132,5,137,6,150
352674,2009,25,36,1,47,1,55,1,62,2,66,3,73,3,82,4,92,4,96,5,97,5,101,6,112,6,115,7,117,8,121,9,121
354456,2008,302,16,1,23,1,30,1,32,1,39,2,44,3,48,4,52,4,55,4,58,4,70,4,79,4,80,6,85,7,91,7,99
355991,2009,49,38,0,51,0,55,0,67,0,78,0,89,0,100,0,106,1,110,1,116,2,124,2,128,3,140,3,149,4,155,5,162
355993,2009,297,27,3,35,3,40,3,50,3,55,3,63,3,78,3,83,4,88,4,100,4,111,4,120,5,132,5,144,6,153,6,169
355994,2009,303,41,0,54,0,59,0,62,1,70,1,76,1,86,1,93,1,103,1,110,1,113,2,121,2,140,3,157,3,166,4,180
355995,2009,297,48,0,55,0,69,0,72,0,85,0,88,2,95,2,105,2,112,2,121,2,128,3,146,3,168,3,178,4,195,4,211
355996,2009,297,53,1,63,2,76,2,82,2,88,2,90,2,100,2,113,2,128,2,136,3,139,3,152,3,157,5,162,5,177,5,185
355997,2009,303,39,1,42,2,50,2,56,3,61,3,65,4,67,5,69,5,76,5,83,5,89,5,93,6,99,7,109,7,117,8,137
355998,2009,303,47,1,48,2,58,2,61,3,66,3,70,3,74,4,77,4,86,5,87,5,94,6,115,6,124,6,129,6,147,7,159
355999,2009,49,46,1,50,1,54,1,67,1,77,1,81,2,88,2,94,2,99,3,110,3,115,3,130,3,139,3,156,4,164,4,175
356000,2009,49,35,0,47,0,49,0,50,1,53,1,61,1,63,2,64,3,68,4,77,4,86,5,94,5,106,5,112,6,122,7,128
356002,2009,303,47,0,66,0,74,0,80,0,85,0,105,0,110,0,122,0,126,1,140,1,148,2,162,2,168,2,175,4,187,4,192
356003,2009,303,51,0,52,1,56,1,70,1,87,1,94,2,100,2,111,2,124,2,128,2,140,2,154,3,168,4,176,5,187,5,198
356004,2009,303,25,2,25,3,28,3,34,3,42,3,47,3,56,3,73,3,79,4,83,6,88,7,93,8,96,8,101,8,104,8,111
356005,2009,49,59,0,65,0,73,0,80,0,81,1,86,1,89,2,91,2,102,2,110,3,120,3,128,3,132,4,136,5,142,5,150
356006,2009,49,30,3,40,3,44,3,47,3,50,3,54,3,60,3,66,3,73,4,81,4,97,4,109,4,126,4,131,5,140,5,153
356007,2009,297,45,0,54,1,65,1,70,1,77,1,86,1,98,1,106,2,113,2,127,2,138,3,151,3,159,5,166,6,170,7,183
356008,2009,297,36,2,37,3,41,3,43,3,54,3,56,4,64,4,72,4,74,6,80,6,84,6,88,7,93,7,95,9,99,10,99
356009,2009,49,24,2,28,2,30,2,42,2,57,2,67,2,74,2,83,3,92,3,97,4,101,4,111,4,124,4,128,6,137,7,144
356010,2009,49,34,1,40,1,51,1,56,1,66,1,71,1,75,2,82,2,92,3,96,3,100,3,113,3,121,3,131,4,143,5,153
356011,2009,297,43,1,49,1,54,1,68,2,75,2,83,2,94,2,98,3,105,3,112,3,116,3,122,4,132,5,138,5,147,5,161
356012,2009,297,37,0,38,1,49,1,63,1,73,1,79,2,91,2,96,2,103,3,109,3,116,3,129,3,133,4,142,5,146,5,159
356013,2009,303,39,2,51,2,54,2,66,2,71,2,80,2,85,2,88,3,94,3,105,3,109,3,124,3,132,3,139,4,148,5,158
356014,2009,303,44,1,47,1,53,1,57,1,59,2,65,2,72,2,75,2,80,2,92,2,98,3,99,3,108,3,113,4,119,4,130
356015,2009,303,43,2,47,2,50,2,56,2,61,2,68,2,86,2,95,2,99,3,109,3,120,3,126,4,132,4,137,4,144,4,149
356016,2009,297,36,0,44,0,48,0,50,0,64,0,72,0,74,2,77,3,80,3,91,3,98,3,108,3,126,3,132,4,140,5,158
356017,2009,49,31,3,34,4,39,4,44,4,46,4,54,4,65,4,67,5,70,6,74,6,79,6,88,6,103,6,113,6,121,6,138
361530,2008,302,19,3,22,3,27,4,35,4,38,4,48,5,48,7,52,7,56,7,57,9,58,9,64,9,67,9,67,10,67,10,67
361531,2008,302,26,0,35,0,39,0,41,0,48,0,55,0,60,1,68,1,74,1,78,2,82,3,88,3,94,3,98,3,102,6,107
361656,2008,304,41,1,52,1,57,1,63,2,71,2,74,2,81,3,87,3,91,3,98,3,106,3,119,4,122,6,129,6,132,8,137
361660,2008,304,34,1,35,2,39,3,49,3,59,3,64,3,73,3,81,3,87,4,96,4,99,4,102,5,107,5,112,6,123,6,132
366622,2009,20,37,2,47,2,55,3,59,3,61,3,64,3,73,3,86,3,93,4,95,5,98,5,109,5,122,6,126,6,133,6,149
366707,2008,180,37,1,47,2,54,2,58,2,64,2,73,3,78,3,94,3,97,3,104,3,110,4,114,5,124,5,138,5,149,6,155
366708,2008,21,49,0,56,0,58,0,82,0,96,0,106,0,122,0,131,1,142,2,146,3,152,4,160,4,164,5,167,6,185,7,191
386494,2009,305,48,2,56,3,58,4,62,5,64,5,83,6,87,6,92,6,100,6,102,7,112,7,117,7,128,7,133,7,151,7,162
386535,2009,26,53,0,59,1,63,1,66,1,74,1,79,1,86,1,89,2,102,2,113,3,121,3,135,3,152,4,160,4,168,4,171
387563,2009,296,45,2,56,2,61,3,66,3,75,3,87,3,97,3,111,3,119,3,140,3,149,3,159,3,163,4,168,5,185,6,202
387564,2009,39,51,0,69,0,82,0,107,0,116,0,131,0,138,0,157,0,170,0,179,1,195,2,204,3,211,4,219,5,230,5,241
392615,2009,16,44,1,53,1,61,1,61,3,67,3,71,4,77,5,82,5,86,6,93,6,94,8,97,8,100,8,105,8,107,9,108
401076,2009,56,35,3,43,4,46,4,51,4,58,5,62,6,66,6,71,7,77,7,80,7,86,7,92,8,100,8,102,8,104,9,118
403375,2009,26,48,2,49,2,56,2,60,3,66,3,76,3,90,3,96,3,109,3,120,3,125,4,139,4,142,5,151,5,165,5,172
403385,2009,26,28,2,38,2,46,2,48,2,57,2,63,2,73,2,85,3,89,3,94,3,108,3,112,3,117,4,126,5,135,6,141
403386,2009,26,46,0,49,0,54,0,65,0,72,0,83,0,86,1,106,1,109,2,118,2,124,2,131,3,148,3,154,3,163,3,170
406197,2010,19,44,0,58,0,74,0,84,1,92,2,97,3,102,3,106,3,109,4,116,4,127,4,131,6,135,6,151,6,165,7,179
406198,2010,18,34,2,35,2,42,2,50,3,52,4,59,4,64,5,77,5,80,6,86,6,89,6,93,6,101,7,111,7,120,7,138
406207,2010,0,41,1,50,1,55,2,65,2,70,3,74,3,78,4,82,6,86,6,99,6,102,7,105,7,114,8,125,9,127,10,127
412677,2010,306,37,1,43,2,47,2,52,2,63,2,69,2,76,2,78,4,83,5,90,5,92,5,93,6,107,6,125,6,130,8,138
412678,2010,306,30,0,36,1,40,1,44,1,48,2,54,2,64,2,71,2,80,2,89,2,97,2,106,3,118,3,124,3,128,4,135
412680,2010,307,42,0,47,0,55,0,61,0,71,0,80,0,92,0,104,0,112,0,124,0,138,0,143,1,149,1,156,2,164,3,172
412681,2010,306,29,1,32,3,35,3,38,3,45,3,49,4,52,4,59,4,67,4,75,4,76,4,89,4,94,5,104,5,112,6,120
412682,2010,307,30,1,36,2,39,2,43,2,56,2,67,2,80,2,89,2,96,2,104,2,111,2,126,3,136,3,161,3,167,4,186
412683,2010,307,48,0,55,1,56,1,64,2,72,2,86,2,95,2,101,2,116,2,123,2,134,2,162,2,167,4,179,4,191,5,191
412684,2010,306,41,1,54,1,59,2,62,3,63,6,66,6,68,6,72,6,74,9,80,9,84,9,84,10,84,10,84,10,84,10,84
412685,2010,306,51,1,60,1,71,2,75,2,80,2,88,4,91,4,97,4,105,4,109,4,115,4,131,4,145,4,172,4,182,4,191
412686,2010,306,49,1,59,1,67,1,73,1,80,2,86,2,94,2,100,3,113,4,117,4,124,4,137,4,148,5,157,5,166,7,173
412688,2010,24,30,2,35,2,39,3,45,3,49,3,54,4,58,5,63,5,66,6,74,6,82,6,89,6,106,6,118,6,132,6,141
412689,2010,24,33,1,44,1,56,1,60,1,70,1,76,2,78,4,86,4,88,4,99,4,102,5,112,5,120,6,123,7,132,8,147
412690,2010,24,41,1,48,1,51,1,55,2,61,2,66,2,70,2,79,2,90,2,100,3,108,3,119,3,133,3,144,3,165,3,170
412691,2010,24,43,0,53,0,58,0,71,0,76,0,95,0,105,1,113,1,128,1,142,2,145,2,161,2,167,3,173,4,179,4,184
412692,2010,24,38,1,47,1,55,1,64,1,74,1,82,1,95,1,106,1,115,1,124,1,132,1,142,1,157,1,169,1,183,2,195
412693,2010,24,40,1,41,1,46,2,49,2,57,3,61,4,67,4,74,4,85,4,88,4,99,5,103,5,105,6,114,6,122,6,133
412694,2010,24,49,1,65,1,69,1,73,1,77,1,82,1,98,1,100,2,107,2,118,3,125,4,137,4,139,5,148,5,158,6,168
412695,2010,24,26,0,31,0,38,0,45,0,58,0,67,0,72,0,80,1,96,1,106,1,114,1,125,2,141,2,152,2,163,3,169
412696,2010,24,31,4,33,4,44,4,54,4,60,4,65,4,67,5,76,5,78,5,87,5,99,5,106,5,122,5,138,5,153,5,168
412697,2010,307,18,3,19,3,23,3,37,3,46,3,50,3,69,4,73,4,86,4,102,4,110,4,124,4,132,6,137,6,142,6,148
412698,2010,307,32,1,39,1,44,1,50,1,59,2,63,2,68,3,77,3,89,3,101,3,112,3,118,3,126,3,133,5,142,6,149
412699,2010,307,35,1,52,1,65,1,71,1,80,1,90,1,96,1,98,2,110,2,119,2,126,2,134,2,139,2,147,4,156,4,163
412700,2010,307,39,2,40,2,46,2,53,3,58,4,61,5,67,5,76,5,79,7,82,7,86,9,91,9,94,9,98,9,105,10,105
412701,2010,307,30,3,38,3,39,3,43,3,47,4,55,4,61,4,65,4,75,4,80,4,86,4,92,4,96,5,113,5,120,5,128
412702,2010,307,32,0,39,0,53,0,62,0,77,0,84,1,88,1,96,2,104,2,111,2,118,3,128,3,145,3,163,4,182,4,191
412703,2010,24,23,3,24,3,34,3,38,3,44,3,47,4,54,4,59,4,80,4,85,4,92,4,97,5,114,5,128,5,140,5,147
423782,2010,21,31,1,39,2,42,4,43,5,46,5,52,5,53,5,56,5,59,6,64,7,64,8,71,8,72,9,78,10,78,10,78
423787,2010,20,18,2,29,2,34,3,37,3,43,3,49,3,54,4,58,4,72,4,81,4,97,4,104,5,109,5,111,7,114,8,118
423788,2010,305,48,1,62,1,62,2,68,2,70,3,73,3,84,4,95,4,106,4,125,4,143,4,159,5,165,6,181,6,202,6,214
426392,2010,33,36,1,43,1,46,3,48,4,52,4,67,4,87,4,98,5,106,5,113,5,127,5,137,5,145,6,151,6,157,7,167
426393,2010,33,37,1,50,1,61,2,65,2,70,2,79,3,85,3,91,3,100,3,106,4,116,4,125,4,134,6,146,7,154,9,162
426417,2010,10,43,1,49,1,50,2,51,2,56,3,61,3,63,3,71,3,77,3,84,3,88,3,96,4,102,4,108,4,118,4,126
426418,2010,10,22,4,23,4,26,4,27,4,35,4,37,4,45,5,47,5,50,5,55,5,63,7,71,7,80,7,85,9,89,10,89
426723,2009,16,32,0,35,1,53,1,56,2,65,2,79,2,88,2,94,3,104,4,111,4,116,5,124,5,133,5,136,6,148,6,161
426724,2009,16,41,1,48,1,53,2,60,2,71,2,73,2,79,2,96,2,102,3,109,3,114,4,122,5,126,5,133,5,143,5,153
430884,2009,13,39,0,43,0,52,1,60,1,77,1,89,1,95,1,110,1,120,2,134,3,142,3,152,3,167,3,177,3,195,4,215
430885,2009,308,61,1,73,1,83,1,92,2,97,2,107,2,121,3,132,3,142,4,152,4,157,5,167,5,171,7,178,7,190,7,206
439139,2010,25,11,4,13,4,16,4,21,4,25,4,30,4,35,4,37,4,42,4,51,5,61,5,67,5,72,5,76,6,98,7,105
439146,2010,309,20,1,33,1,39,1,46,1,57,1,61,1,76,1,88,1,90,2,96,2,107,2,114,3,119,5,122,6,130,7,136
439497,2010,16,45,1,53,1,64,1,65,2,68,3,73,3,82,3,89,3,97,3,108,3,114,3,119,4,122,5,126,6,133,6,142
439499,2010,16,26,2,37,2,40,3,49,3,54,3,62,3,72,3,84,3,89,3,94,3,99,4,105,4,112,4,122,5,134,6,138
439505,2010,16,38,1,51,1,55,1,62,3,65,4,68,4,75,4,80,4,85,4,96,4,99,5,109,5,114,5,116,7,127,7,136
439510,2010,16,31,1,37,1,46,1,57,1,62,2,65,3,79,3,90,3,95,3,98,5,108,5,118,5,126,5,130,6,140,6,151
440945,2010,16,20,2,25,2,28,3,38,3,42,4,48,4,58,4,64,4,73,4,85,4,89,5,99,5,104,5,111,6,119,8,129
440946,2010,16,26,1,39,1,42,1,44,1,55,1,65,1,73,1,82,1,86,1,92,1,104,1,110,1,120,2,124,3,141,4,148
446956,2010,298,22,2,27,2,31,3,35,4,38,4,43,4,44,5,53,5,66,5,76,5,85,5,93,5,103,5,110,7,120,7,133
446960,2011,2,37,0,41,0,50,0,76,0,84,1,86,1,92,2,95,2,101,2,105,2,115,3,122,3,135,4,140,4,144,4,157
446961,2011,0,49,1,57,1,63,2,69,2,72,2,73,3,76,4,80,5,87,5,95,5,102,5,108,5,118,5,124,5,138,6,147
447539,2010,309,27,1,32,2,37,2,42,3,44,3,49,3,56,3,59,4,69,5,73,5,77,5,91,5,95,5,102,5,116,5,120
452153,2010,4,44,2,51,3,57,3,64,3,68,3,73,3,76,4,78,4,80,4,81,6,84,6,87,6,92,6,99,6,105,8,111
452154,2010,4,16,1,21,2,26,2,33,2,38,2,47,2,53,2,60,2,65,3,69,3,74,3,93,3,106,3,112,4,130,5,140
456991,2010,15,32,2,33,2,37,2,43,2,51,3,54,3,58,3,65,3,72,4,79,5,85,5,94,5,96,6,106,6,113,6,120
456992,2010,15,14,5,17,5,26,5,34,5,39,5,51,5,58,6,60,6,64,6,67,7,71,8,77,8,80,8,81,10,81,10,81
461565,2010,17,29,2,35,3,37,4,41,5,43,5,52,5,55,5,59,5,69,5,74,5,84,6,86,6,91,6,101,6,116,6,120
463141,2010,310,22,1,30,1,36,1,44,1,59,1,63,1,74,1,83,1,96,1,100,2,110,2,113,2,124,3,142,3,154,4,168
463142,2010,311,48,2,57,2,63,2,74,2,79,3,86,3,92,3,108,3,111,3,118,3,127,3,141,3,150,4,161,5,171,6,194
463149,2011,312,49,1,57,1,63,1,69,2,78,2,81,2,86,2,102,2,109,3,114,4,123,4,136,5,142,5,153,5,157,5,168
473918,2010,7,51,1,58,2,62,2,62,5,68,5,70,6,75,6,84,6,87,7,94,7,96,7,101,7,110,7,112,9,127,9,143
473919,2010,21,41,1,52,1,54,1,61,1,72,1,83,1,90,1,94,2,96,3,101,3,117,3,136,4,148,4,173,4,177,5,185
473920,2010,305,51,0,64,0,76,0,80,0,82,1,86,1,92,2,96,2,100,3,107,4,117,4,131,4,136,5,145,5,164,5,183
474466,2011,9,30,2,33,2,44,2,53,2,60,2,67,2,91,2,97,3,101,4,104,5,109,5,114,5,119,5,128,6,132,7,136
474476,2011,34,40,1,49,1,55,1,65,1,71,1,79,1,101,1,105,2,110,4,117,5,129,5,132,5,149,5,162,7,164,8,165
478279,2010,17,38,1,43,2,46,2,53,3,62,3,77,4,80,4,83,4,85,5,91,6,91,7,94,8,97,8,103,9,112,9,119
489212,2011,307,37,1,47,1,57,1,64,1,72,1,75,1,87,1,100,1,106,2,113,2,118,3,118,3,126,4,131,5,141,6,150
489220,2011,25,26,1,46,1,48,3,54,3,57,4,63,4,68,4,71,4,75,4,83,4,87,4,102,4,114,4,134,5,144,6,159
514023,2011,40,29,2,35,2,40,2,45,2,56,2,58,2,67,2,69,3,79,3,84,3,93,3,101,3,113,3,132,3,138,6,146
514024,2011,296,17,2,28,2,31,2,44,2,50,2,63,3,67,4,74,4,82,4,87,5,95,5,103,5,108,6,112,7,127,7,147
516204,2011,85,41,1,45,2,51,2,63,2,70,2,76,2,80,2,93,2,97,3,105,3,117,3,137,3,150,3,172,3,178,3,198
516205,2011,85,41,1,54,1,59,1,67,2,79,3,89,3,96,3,108,3,112,3,121,3,123,5,130,5,134,6,139,7,145,7,157
518954,2012,313,48,1,55,1,58,1,66,1,74,1,79,2,85,2,88,2,105,2,123,2,132,2,137,3,142,3,156,3,161,3,171
518955,2012,0,39,2,42,2,49,3,54,3,59,4,69,4,76,4,87,4,91,4,96,5,100,5,106,5,114,5,121,6,125,8,131
520595,2012,7,37,2,46,2,54,2,60,2,69,2,76,2,82,3,87,3,90,4,97,4,106,5,112,5,132,5,136,6,144,6,159
520596,2012,21,50,0,65,0,76,1,86,1,90,1,98,1,104,1,116,1,121,1,132,2,142,2,153,2,167,2,184,2,195,2,200
520597,2012,20,35,2,38,3,44,3,49,3,52,4,57,4,66,4,71,4,72,4,75,4,101,4,110,5,117,5,129,6,132,6,147
520598,2012,21,44,1,49,1,53,1,66,1,73,1,79,1,88,1,97,2,100,2,108,2,114,3,130,3,146,3,159,4,162,4,173
520599,2012,7,40,2,54,2,59,2,63,3,69,3,79,3,95,3,109,3,121,4,129,4,133,6,137,6,138,7,148,7,152,7,165
521217,2011,57,26,2,32,3,38,3,54,3,61,3,65,3,66,4,74,6,81,6,83,6,87,6,91,6,91,8,95,8,107,8,120
523735,2011,4,56,0,72,0,74,1,85,1,90,1,97,1,106,1,117,1,132,1,142,1,147,2,152,2,155,3,170,3,180,4,198
523736,2011,4,31,2,34,3,37,3,44,3,59,3,67,3,73,3,79,3,84,3,92,3,95,4,106,4,116,5,121,6,136,6,141
525816,2011,297,44,0,51,1,55,1,58,1,62,2,66,2,71,2,72,2,89,2,98,3,103,3,105,5,111,5,116,7,123,9,125
525817,2011,297,24,1,25,2,29,2,38,2,43,3,44,3,47,3,54,3,57,3,62,3,68,4,74,4,84,4,98,5,102,5,113
527012,2011,4,25,2,34,2,39,2,44,2,51,3,57,3,64,3,72,4,82,4,85,4,96,4,99,5,107,5,114,5,119,6,123
530432,2011,17,55,1,63,2,69,2,78,2,85,2,91,3,95,3,100,3,105,3,110,3,119,3,124,4,130,4,134,5,140,8,141
531635,2012,16,46,1,49,1,57,1,65,1,66,3,73,3,73,5,76,5,80,5,90,5,99,5,109,5,118,5,123,5,135,5,144
531636,2012,16,37,1,46,2,50,3,58,3,65,3,79,4,89,4,94,4,99,4,106,4,116,4,124,5,129,5,132,6,138,7,150
531637,2012,17,34,1,39,2,48,2,52,2,56,2,62,3,65,3,72,3,75,4,77,4,87,4,89,5,97,5,109,6,118,6,129
531982,2011,314,30,1,47,1,50,1,54,1,61,2,65,2,70,2,77,2,83,2,89,3,97,3,105,4,111,5,115,6,128,6,132
533272,2012,315,38,0,53,0,55,1,59,1,70,1,76,2,80,2,86,3,96,3,107,3,120,3,129,3,139,3,150,3,167,3,182
533273,2012,26,24,2,29,3,33,3,36,4,41,4,46,4,53,4,62,4,69,4,81,4,86,6,91,6,101,6,106,7,111,7,123
533275,2012,315,17,3,21,3,26,3,34,3,43,3,51,3,51,5,57,5,58,5,61,6,65,6,69,6,75,7,80,8,86,8,93
533276,2012,85,29,1,34,1,45,1,56,1,69,1,75,1,84,1,97,1,109,1,113,1,123,2,128,2,143,2,158,2,175,2,191
533279,2012,26,43,1,53,2,62,2,80,2,88,2,93,2,97,3,99,3,111,3,124,3,138,3,145,4,158,4,165,5,175,6,191
533280,2012,85,42,0,51,1,61,1,73,1,86,1,92,1,105,1,110,1,118,1,125,2,131,3,135,4,145,4,148,4,165,5,177
533281,2012,26,41,1,52,1,58,1,66,1,70,1,80,1,83,2,91,2,97,2,106,2,114,2,119,3,132,3,143,3,153,3,170
533283,2012,85,49,1,61,2,65,2,74,2,78,2,90,2,102,2,106,2,118,2,127,2,133,3,136,4,142,4,156,4,168,4,175
533284,2012,85,36,0,43,0,55,0,59,1,68,1,80,1,89,1,99,1,104,2,109,2,133,2,141,3,149,3,159,5,165,6,174
533285,2012,85,40,0,47,0,53,0,72,0,90,0,95,0,103,1,114,1,118,1,118,2,128,2,140,3,146,3,154,4,164,5,179
533286,2012,26,27,1,28,2,31,3,35,3,39,3,47,3,52,3,59,3,70,4,75,4,83,4,93,4,104,4,114,5,124,6,133
533287,2012,26,42,1,50,1,56,1,60,2,66,2,70,2,74,4,78,5,85,5,91,5,101,5,104,6,115,6,124,6,129,6,140
533288,2012,85,30,2,39,2,42,3,46,3,50,3,58,3,64,3,68,4,75,4,80,4,96,4,106,4,110,5,124,5,141,5,148
533289,2012,85,16,1,20,2,33,2,38,2,42,2,53,2,55,2,63,2,71,2,80,2,90,3,91,4,98,4,119,4,122,4,129
533290,2012,26,30,2,34,3,42,3,49,3,57,3,64,3,66,4,73,4,78,4,86,4,92,5,104,5,107,5,118,5,132,5,146
533291,2012,26,36,2,42,2,44,3,47,3,56,4,60,5,65,5,80,5,92,5,97,5,105,5,109,6,114,6,115,7,122,8,128
533292,2012,85,43,2,60,2,64,3,65,3,76,3,86,3,88,4,96,4,99,5,104,6,108,6,116,6,123,7,134,8,138,9,139
533293,2012,85,41,1,44,1,53,1,57,1,64,1,74,1,82,3,90,3,96,3,104,3,121,3,128,5,132,5,148,5,162,6,169
533294,2012,26,28,1,31,2,37,2,41,2,49,2,60,2,70,2,79,2,89,2,103,2,108,3,114,4,123,4,130,4,140,5,149
533295,2012,26,30,2,36,3,45,3,53,3,61,3,68,4,71,4,81,4,90,4,103,4,109,4,112,5,119,5,129,5,143,5,152
533296,2012,26,24,0,34,0,40,0,44,0,53,0,62,0,68,1,80,1,85,2,93,2,100,2,107,2,114,2,117,3,123,4,139
533297,2012,26,33,1,46,1,53,1,59,2,64,2,74,2,83,2,91,2,104,2,113,2,132,2,142,3,150,3,163,3,180,3,205
533298,2012,26,12,1,14,2,18,2,22,2,29,2,32,2,38,2,48,2,69,2,73,3,87,3,89,5,108,5,112,6,122,6,137
534208,2012,303,24,1,29,2,33,3,38,3,49,3,57,3,63,3,65,3,77,3,93,3,101,3,109,4,123,4,141,4,153,4,172
534233,2012,11,36,1,40,1,47,2,50,3,59,3,64,3,67,4,74,4,77,5,81,6,83,6,86,7,89,7,101,7,110,7,118
538068,2011,314,44,1,51,1,54,1,61,1,61,2,67,2,77,2,87,2,90,3,98,4,105,5,112,6,115,6,117,6,126,6,135
540173,2012,307,35,1,38,1,42,2,53,2,56,2,63,2,67,3,72,3,81,4,91,4,98,4,120,4,134,5,138,5,145,6,150
540174,2012,24,47,0,65,0,76,1,80,2,100,2,110,3,115,3,120,3,124,4,134,4,140,5,145,6,152,6,155,7,159,8,160
543883,2012,316,16,3,29,3,32,3,35,4,41,4,48,4,53,4,64,4,73,4,82,4,85,5,89,7,92,7,102,7,105,8,107
543884,2012,316,27,1,34,1,40,1,44,1,50,1,56,2,62,2,70,3,72,3,83,3,90,4,95,4,106,5,111,6,120,7,131
543885,2012,316,21,3,27,3,30,3,33,3,40,3,47,3,52,3,60,3,69,3,73,4,82,4,87,4,90,6,97,6,102,8,107
546410,2012,16,33,1,37,2,46,2,49,2,54,2,60,2,66,3,72,3,77,4,82,4,91,4,98,5,104,6,111,6,123,6,135
546414,2012,16,23,3,29,4,33,5,38,5,39,6,43,6,46,6,53,6,59,6,63,6,64,8,67,9,67,9,69,9,71,10,71
546442,2012,16,47,2,52,3,63,3,66,3,74,3,77,4,87,4,94,4,100,4,112,4,115,4,120,4,127,4,132,5,142,5,159
546462,2012,16,22,1,35,1,38,2,41,2,45,3,53,3,55,4,55,5,62,5,67,5,69,6,76,6,81,7,91,7,97,8,106
546470,2012,16,18,2,27,2,40,2,46,2,54,2,56,2,67,2,72,2,74,3,83,3,87,3,91,3,97,3,103,5,110,6,114
546473,2012,16,36,1,43,2,46,2,52,2,57,2,61,2,78,3,82,3,88,4,93,5,97,5,101,6,108,6,118,8,129,8,135
556252,2012,296,47,1,55,1,65,1,74,1,78,1,83,1,94,1,108,1,116,1,131,1,141,2,148,2,168,2,179,3,193,3,219
560921,2012,15,32,1,43,1,46,1,53,1,59,1,67,1,78,1,90,1,101,1,117,2,131,2,144,2,159,2,168,2,194,2,209
560922,2012,15,35,1,43,1,45,1,63,1,72,1,78,1,85,1,89,2,106,2,113,2,116,2,124,4,139,4,151,4,162,5,177
562437,2012,315,31,3,36,3,39,3,47,4,50,4,53,4,60,4,64,4,66,5,69,5,77,5,89,5,91,7,106,7,116,7,132
562438,2012,315,18,2,18,2,22,2,29,2,34,3,40,3,46,4,54,4,59,4,68,4,83,4,89,4,100,4,104,4,117,5,122
564786,2012,85,38,1,50,1,55,1,63,1,67,1,71,1,79,1,88,2,104,2,110,2,120,2,124,2,130,3,142,3,146,3,155
565810,2012,317,39,1,51,1,66,1,76,1,81,1,89,1,93,2,98,2,101,4,106,4,113,4,117,4,123,4,138,4,140,6,157
565811,2012,43,39,1,59,1,65,2,71,2,77,3,86,3,89,4,93,4,99,4,108,4,114,5,123,5,143,5,161,5,169,6,177
565820,2012,59,28,2,36,2,40,2,48,2,58,2,69,2,78,2,87,2,95,3,100,3,115,3,128,3,141,4,146,5,156,5,167
566926,2013,297,49,1,54,1,62,1,77,1,87,1,104,1,113,1,116,2,123,2,134,2,156,2,162,3,173,3,185,3,194,3,201
566937,2013,8,49,1,58,1,71,1,86,1,95,1,122,1,128,2,141,2,145,2,157,2,180,2,199,2,222,2,228,4,242,5,248
566938,2013,11,46,0,61,0,74,0,81,0,88,0,94,0,110,0,116,1,124,1,131,1,137,1,155,1,162,2,181,2,187,3,195
567071,2012,302,35,1,42,1,49,1,58,1,72,1,82,1,93,1,99,2,114,2,119,3,121,4,138,4,154,5,166,5,179,5,190
567205,2012,84,22,3,34,3,48,3,53,4,56,4,61,4,70,4,85,4,94,4,100,5,103,6,106,6,112,6,121,6,127,7,144
567353,2012,76,19,3,27,3,33,4,36,5,37,6,51,6,54,7,60,8,62,8,64,8,66,8,79,8,81,8,86,9,86,10,86
567355,2012,77,30,2,36,2,41,2,49,2,58,2,63,2,71,2,84,2,93,2,99,2,116,3,131,3,138,4,147,4,165,4,179
567367,2013,39,36,1,52,1,64,1,75,1,85,1,99,1,112,1,125,2,135,2,154,2,157,3,168,3,171,5,174,6,181,6,195
569237,2013,7,41,1,62,1,71,1,89,2,95,3,109,3,118,3,133,3,144,3,153,3,166,3,173,4,191,4,195,5,202,6,214
569238,2013,21,47,0,54,0,62,0,71,0,76,1,84,1,95,1,105,2,111,2,124,2,130,3,139,4,146,4,154,5,176,5,192
569239,2013,20,20,1,30,1,39,1,50,1,60,1,63,2,73,3,84,3,89,3,95,3,98,4,102,5,109,5,124,5,129,6,139
571148,2012,16,30,2,32,2,38,2,42,2,49,3,51,4,54,5,56,5,60,5,67,5,71,5,74,6,81,6,84,8,88,8,89
571149,2012,16,29,1,37,1,44,1,47,1,55,1,61,1,74,1,85,1,91,2,97,2,104,3,113,3,126,3,135,3,143,3,151
571150,2012,16,41,0,42,0,50,0,70,0,89,0,104,0,112,1,114,1,123,2,134,2,141,3,145,3,151,4,158,5,160,6,168
573019,2013,313,28,1,31,1,35,2,45,2,53,3,58,3,64,3,70,3,79,3,86,3,101,3,106,3,112,3,123,3,129,3,137
573020,2013,0,29,1,36,2,39,3,47,3,54,3,56,3,64,3,75,3,81,3,92,3,101,3,110,4,120,4,130,4,141,4,161
573027,2013,55,41,1,43,1,53,1,63,1,76,1,87,1,99,2,103,2,113,3,122,3,126,3,139,3,143,5,157,5,174,6,191
573672,2012,84,15,3,30,3,35,3,41,3,52,3,57,3,64,3,72,4,76,4,86,4,96,4,104,4,106,5,116,5,123,7,128
587476,2012,314,34,2,43,2,49,2,55,2,70,2,81,2,87,2,96,3,100,3,120,3,122,4,137,4,141,4,158,4,168,4,197
589306,2012,14,34,0,37,0,50,0,58,0,68,0,75,0,78,1,83,1,96,2,103,2,108,3,115,4,121,5,124,7,126,9,133
589307,2012,318,44,1,48,1,53,2,59,2,64,2,72,2,83,2,88,3,105,3,110,3,118,3,133,3,144,3,162,3,184,3,192
592268,2013,319,36,2,38,4,44,5,46,6,49,6,54,6,64,6,77,6,84,6,90,6,95,6,96,7,99,8,104,8,119,8,126
592269,2013,319,30,1,35,2,46,2,51,2,57,3,63,3,70,3,76,4,77,5,81,5,90,5,96,5,107,5,119,5,133,6,139
592276,2013,320,42,3,58,4,60,4,62,4,69,4,73,5,83,5,87,5,91,6,94,6,102,7,104,8,105,8,112,9,113,10,113
593986,2013,309,28,3,34,3,39,3,47,3,54,3,56,3,61,3,64,3,74,3,80,3,88,3,91,4,109,4,119,5,124,6,130
593987,2013,309,23,1,39,1,45,1,49,1,55,1,64,2,68,2,78,2,82,3,92,4,99,4,111,4,121,4,144,4,155,6,158
602477,2013,85,52,1,62,1,71,1,77,1,80,2,86,3,90,3,100,4,107,4,115,4,123,4,134,4,154,4,166,5,190,5,198
623571,2013,321,39,1,48,1,58,1,73,1,76,2,84,2,92,2,98,3,108,3,116,3,120,4,133,4,141,4,146,5,157,5,168
630951,2013,320,39,0,50,0,60,0,64,0,69,0,78,0,92,0,99,1,116,1,123,1,139,1,152,2,161,2,165,5,168,5,172
635658,2013,26,19,2,23,3,27,3,38,3,44,3,50,3,51,4,56,4,59,4,65,4,75,4,81,4,90,4,102,4,107,5,115
635659,2013,315,28,1,30,1,39,1,46,2,53,3,59,3,62,3,77,3,86,4,91,4,102,4,106,5,119,5,128,5,134,6,145
635660,2013,315,30,1,35,1,45,1,49,2,64,2,72,2,79,2,92,2,100,2,103,2,112,2,119,2,133,2,145,2,155,2,163
636164,2014,19,48,0,52,0,64,0,78,0,89,0,104,0,111,1,117,1,135,2,153,2,157,2,160,3,173,3,186,3,200,3,213
636165,2014,0,38,2,48,3,55,4,60,4,66,5,70,5,78,5,86,5,92,6,94,6,96,6,99,7,105,7,115,7,118,7,130
636166,2014,313,27,0,41,0,50,1,59,1,74,2,79,2,97,2,104,2,117,2,130,3,137,4,139,6,146,6,157,6,169,6,195
636536,2014,24,45,0,56,0,63,1,65,1,69,1,78,1,86,1,90,2,109,2,111,2,115,3,122,3,132,3,152,3,165,3,170
636537,2014,24,26,3,30,3,34,3,39,3,49,3,61,3,65,3,82,3,98,3,104,4,109,4,117,4,125,4,136,4,143,6,152
636538,2014,24,58,0,64,0,75,0,78,0,85,0,96,0,99,1,102,1,112,2,116,2,119,2,125,3,130,5,138,5,139,6,165
645645,2013,322,37,3,41,3,48,4,51,4,55,4,65,4,69,4,77,4,84,4,89,4,96,4,98,5,108,5,116,5,136,5,152
645647,2013,322,29,1,39,1,41,2,42,3,51,3,55,3,66,3,69,3,78,4,84,4,92,4,97,5,108,5,113,7,129,7,135
647247,2013,36,60,1,74,1,82,1,86,3,90,3,114,3,124,3,129,4,143,4,151,5,157,5,172,5,176,6,182,7,190,7,201
648683,2014,39,28,2,34,2,43,2,46,3,56,3,59,3,68,4,72,4,77,5,81,6,86,6,97,6,104,7,110,7,116,7,128
649101,2013,16,13,3,18,3,22,4,30,4,36,4,41,5,45,5,50,5,59,5,62,5,70,6,74,7,79,7,82,7,94,7,98
649103,2013,16,37,1,44,1,49,1,60,1,62,1,67,1,77,1,91,1,101,1,112,1,115,2,120,2,133,2,140,3,147,4,150
657633,2013,16,30,1,41,2,44,2,52,2,59,2,62,3,66,3,72,3,82,3,86,4,89,4,97,4,108,4,126,4,138,4,145
657635,2013,16,49,0,52,0,55,0,63,0,73,0,90,0,98,0,100,1,124,1,133,2,149,2,160,2,171,2,180,2,198,2,211
659545,2013,4,26,2,37,2,43,2,50,2,52,3,57,3,59,3,76,3,86,3,99,3,112,4,124,4,134,4,143,5,152,5,161
659547,2013,4,32,0,37,1,43,1,56,1,60,1,69,1,79,1,89,1,98,1,110,1,120,1,134,1,139,1,154,1,166,1,179
660113,2013,17,29,2,37,2,51,2,60,2,69,2,75,2,86,3,92,3,97,4,102,4,110,4,119,4,129,4,141,5,154,5,168
660149,2013,66,55,1,57,2,73,2,77,3,86,5,92,5,100,5,104,5,115,5,119,6,124,6,134,6,144,6,152,6,167,6,183
660173,2013,66,36,1,48,1,53,1,60,1,64,2,69,3,75,3,82,3,89,3,93,3,98,4,103,4,113,4,128,4,148,4,165
660185,2013,66,41,1,51,1,61,1,67,1,72,2,78,2,83,2,84,4,89,5,95,5,101,6,104,6,109,6,114,6,117,7,130
660209,2013,135,54,0,59,1,61,2,64,2,70,2,81,2,87,2,91,2,94,3,99,3,112,3,114,4,119,5,132,5,142,5,146
660223,2013,17,31,2,43,2,49,2,58,2,60,2,68,2,75,2,80,2,90,2,105,2,112,2,119,3,128,3,134,4,142,5,147
661695,2014,7,45,1,55,1,58,2,61,2,66,3,70,3,88,3,101,3,105,5,111,5,134,5,139,5,143,5,165,5,175,5,189
661697,2014,20,27,1,37,2,49,2,53,2,64,2,66,3,72,4,76,4,86,4,93,4,101,4,120,4,127,4,142,5,151,5,159
667731,2014,33,38,2,46,2,53,2,59,2,64,2,76,3,84,3,86,4,93,4,96,4,99,4,113,4,130,4,144,5,165,5,180
667887,2014,297,31,2,43,2,53,2,68,2,76,2,79,3,86,4,90,4,99,4,108,4,122,5,137,5,141,5,152,6,174,6,183
668959,2013,314,54,0,70,0,73,0,77,1,82,1,86,2,94,2,109,2,129,2,136,2,149,2,157,2,169,2,187,3,198,3,204
668969,2013,85,28,2,42,2,46,2,50,3,55,3,62,3,65,4,69,4,80,4,92,4,94,5,101,5,113,5,123,5,136,5,142
682899,2014,86,36,1,44,2,48,2,51,2,56,2,60,2,70,2,76,2,87,2,94,2,108,2,114,2,124,3,129,4,140,4,149
682901,2014,323,41,1,56,1,66,2,72,2,79,3,85,3,90,3,99,3,104,3,110,3,115,4,129,4,131,5,140,5,146,5,163
682903,2014,323,31,2,41,2,49,2,64,2,68,2,75,2,81,4,93,4,105,4,109,4,118,4,131,6,136,7,139,7,149,8,151
682907,2014,86,28,1,38,1,40,3,48,3,53,3,54,3,59,3,63,3,74,3,76,3,86,3,93,3,107,3,115,3,124,4,126
682909,2014,323,37,4,38,4,48,4,53,4,58,4,62,4,66,4,75,4,86,4,91,5,95,5,103,5,111,5,126,5,132,5,140
682911,2014,323,35,1,46,1,46,3,50,3,60,3,66,3,75,3,77,3,82,3,88,4,91,5,94,5,100,5,108,5,115,6,123
682915,2014,86,37,2,51,3,55,3,65,3,75,3,80,3,87,4,91,5,96,6,101,8,102,9,107,9,108,10,108,10,108,10,108
682917,2014,323,17,2,31,2,38,2,46,2,62,2,66,3,68,4,70,5,75,5,77,7,80,7,88,8,93,8,99,8,103,8,116
682919,2014,323,43,1,48,1,56,1,63,1,69,1,71,2,80,2,85,2,93,3,106,3,119,3,140,3,157,3,161,3,179,3,189
682921,2014,314,22,1,34,1,40,1,47,2,47,3,50,3,63,3,76,3,83,3,89,3,96,3,100,4,102,4,104,5,115,6,130
682923,2014,86,43,2,51,2,57,2,70,2,80,2,84,3,85,3,93,3,104,3,108,4,117,4,128,4,138,5,148,5,156,6,165
682925,2014,86,48,1,55,1,66,1,75,2,77,3,84,3,93,3,103,3,105,4,114,4,126,4,130,5,145,5,149,6,159,6,172
682927,2014,314,29,2,36,2,42,2,56,2,69,2,83,2,96,2,114,2,123,3,131,3,140,3,148,4,162,4,175,4,180,4,191
682929,2014,314,18,0,24,0,33,0,38,1,41,1,46,1,51,1,59,1,62,2,72,2,76,4,83,4,96,4,106,5,108,5,129
682931,2014,86,32,2,39,2,43,3,49,3,57,3,61,3,67,3,77,3,83,3,97,4,100,4,113,4,130,4,140,5,157,5,170
682935,2014,314,34,0,36,0,44,0,53,0,57,0,74,0,86,0,97,1,102,2,112,2,116,2,123,2,143,2,151,2,167,3,171
682937,2014,86,46,2,58,2,66,2,75,2,85,3,92,3,94,4,100,4,102,5,108,5,114,5,120,6,128,7,133,7,135,9,145
682939,2014,86,35,1,42,1,48,1,58,1,61,1,70,1,83,1,89,1,103,1,117,1,130,1,143,1,152,2,169,3,173,4,189
682941,2014,314,41,2,41,3,50,3,59,3,75,3,88,4,94,4,101,5,108,5,113,5,128,5,132,5,148,5,153,6,168,7,178
682943,2014,314,22,3,27,3,35,3,43,3,51,3,56,3,67,4,76,4,82,5,85,5,90,5,98,5,110,5,124,5,131,5,138
682945,2014,86,29,0,37,1,40,1,42,2,50,2,62,2,69,2,81,2,87,3,91,3,108,3,121,3,129,3,141,4,142,4,151
682947,2014,86,42,0,52,0,60,0,68,0,74,0,85,0,90,1,97,1,108,2,116,2,121,3,128,3,141,3,167,3,182,4,196
682949,2014,314,46,1,50,1,54,1,65,1,70,2,75,3,82,3,88,3,110,3,123,3,130,3,146,3,151,3,156,4,180,4,190
682951,2014,314,37,1,44,1,51,2,52,2,54,3,59,3,64,3,69,4,77,4,94,4,102,4,112,4,131,4,147,4,152,5,159
682953,2014,86,43,1,47,1,52,1,67,1,70,1,75,1,84,1,87,2,95,2,100,2,106,2,110,2,115,3,118,3,131,4,133
682955,2014,86,30,2,35,3,42,3,48,3,50,3,55,3,65,3,73,4,77,4,81,5,85,6,93,7,98,7,112,7,119,8,119
682957,2014,314,21,2,32,2,43,2,51,2,55,2,68,2,79,2,88,2,97,2,108,2,116,2,123,2,129,3,135,4,144,4,153
682959,2014,314,32,2,39,2,43,2,51,2,58,2,61,2,69,4,74,4,78,4,81,5,84,5,95,5,107,5,128,5,152,5,166
682961,2014,314,43,2,48,2,50,3,54,3,62,3,65,3,74,3,84,3,87,3,93,4,107,4,112,4,121,5,128,5,145,5,160
682963,2014,314,43,1,44,2,47,2,53,2,58,2,66,2,74,2,90,2,107,2,116,3,127,3,130,4,136,4,146,4,158,4,172
682965,2014,314,23,1,31,1,41,1,47,1,50,1,64,1,65,2,73,2,83,2,93,2,95,2,111,2,115,2,119,2,123,3,130
685727,2013,296,53,0,60,0,69,0,73,1,77,1,83,2,87,3,93,3,98,3,106,3,107,3,111,4,117,5,134,6,140,7,153
685729,2013,40,25,1,30,1,43,1,46,2,53,2,62,2,69,2,90,2,97,2,109,2,131,2,145,2,152,3,155,3,167,3,176
690351,2014,86,56,1,58,1,62,2,77,2,82,3,87,4,95,4,102,4,114,4,119,5,123,6,127,6,135,6,145,6,156,6,168
690353,2014,86,39,3,42,4,45,4,49,5,55,5,59,5,63,6,66,6,70,6,74,6,84,7,91,7,100,7,106,8,114,8,120
702141,2014,27,34,1,38,2,39,2,42,2,52,2,58,2,59,3,66,3,72,3,77,4,79,4,83,5,89,5,102,6,109,8,116
702143,2014,27,27,1,30,1,32,2,35,2,44,3,48,3,51,3,58,4,62,4,67,4,69,5,74,6,81,7,85,8,91,8,96
722335,2015,40,33,1,35,2,39,2,52,2,65,2,79,3,87,3,92,3,100,3,110,3,119,3,125,3,137,4,148,4,158,4,165
722337,2015,296,49,2,69,2,78,2,87,2,104,2,121,2,129,3,134,3,151,3,161,4,173,4,198,4,206,4,213,4,222,5,231
727917,2014,16,31,3,32,3,33,4,37,5,42,5,46,6,49,6,56,6,57,7,61,7,68,7,71,8,78,8,85,8,93,9,96
730285,2014,324,27,1,36,1,44,1,54,1,62,1,73,1,76,2,84,2,97,2,100,3,109,3,122,3,126,3,143,4,154,6,165
736063,2015,76,53,0,62,0,73,0,86,0,92,0,96,0,99,0,108,0,112,1,121,1,130,1,137,1,151,1,158,2,172,3,195
742617,2014,16,28,3,34,3,39,3,47,3,57,3,61,4,71,4,79,4,93,4,100,4,110,4,113,5,121,5,126,5,130,6,135
743953,2015,34,46,1,60,1,67,1,76,1,79,3,85,3,95,3,102,4,108,4,114,4,137,4,145,5,155,5,164,6,177,7,191
743975,2015,10,22,2,27,2,37,2,43,2,56,2,62,2,73,2,84,2,95,2,114,2,136,2,152,2,157,3,168,4,174,4,182
754039,2014,16,32,0,43,0,49,1,52,2,55,2,58,3,62,3,76,3,78,4,85,4,93,4,113,4,117,5,127,6,135,7,144
754717,2014,2,39,1,43,2,47,2,51,3,56,3,67,3,69,4,79,4,93,4,97,4,104,4,116,4,123,4,128,5,135,5,144
754719,2014,0,29,2,36,2,44,2,44,2,47,3,51,3,54,3,59,3,63,4,66,4,71,4,77,4,90,5,93,6,97,7,101
754721,2014,313,39,0,53,0,59,0,68,0,78,1,84,1,88,1,93,2,100,2,112,2,116,2,120,3,128,4,133,4,140,6,145
800479,2016,40,45,1,50,1,53,2,58,3,70,4,74,4,78,4,80,4,81,6,89,6,94,6,106,6,110,7,120,7,125,8,134
800481,2016,296,37,1,47,1,57,1,61,3,66,3,74,3,87,3,89,3,106,3,117,3,133,3,150,3,158,5,160,7,166,9,171
802327,2014,325,15,3,17,4,18,4,21,4,22,6,22,7,23,7,25,8,25,8,29,8,31,8,36,8,43,8,56,8,68,9,72
817203,2015,314,35,2,37,2,45,2,53,2,62,2,70,2,76,2,84,3,89,3,96,4,105,4,109,4,117,4,130,4,143,4,148
817205,2015,314,41,0,51,0,65,0,71,0,82,0,95,0,98,1,104,3,113,3,120,3,126,3,130,3,133,3,137,4,156,4,169
848839,2015,76,45,0,56,0,63,0,68,1,76,1,86,1,95,1,100,1,106,3,118,3,124,4,127,5,137,5,140,6,142,6,151
848841,2015,39,46,0,53,1,65,1,69,1,75,2,86,2,101,2,105,3,113,4,119,4,133,4,141,4,146,5,165,5,167,7,177
858491,2015,314,29,0,31,0,35,0,43,0,50,1,53,1,65,2,76,2,86,3,91,3,101,3,114,3,123,3,127,4,134,4,141
860279,2015,26,35,1,42,1,48,1,58,2,66,2,71,2,79,2,85,3,90,3,105,3,116,3,133,3,144,3,153,3,164,4,175
860281,2015,26,42,2,48,2,54,2,60,2,62,3,65,4,79,4,88,4,97,5,105,5,113,5,118,5,129,5,145,5,159,6,172
868723,2015,30,42,0,54,0,58,2,69,2,76,3,83,3,87,3,97,3,100,4,108,4,114,4,129,4,142,5,159,5,167,5,172
868725,2015,30,39,0,50,0,59,0,66,0,70,1,83,1,87,1,100,1,105,1,115,1,125,1,132,1,144,2,164,2,168,2,175
875457,2015,326,39,2,41,2,51,2,54,3,60,4,62,5,69,6,79,7,84,8,90,8,95,8,100,8,107,9,109,9,109,10,109
875471,2015,326,39,1,47,1,53,1,72,1,83,1,97,1,103,3,107,3,112,4,122,4,135,4,143,4,162,4,175,4,182,6,191
875481,2015,326,35,2,44,2,48,2,56,2,60,2,67,2,74,2,79,3,82,3,84,4,85,4,98,4,99,6,107,6,114,6,119
875501,2015,302,26,3,31,3,32,3,33,4,40,4,45,4,51,4,57,4,62,4,70,5,83,5,88,6,96,7,102,8,108,9,123
875507,2015,302,16,3,17,3,18,4,19,4,30,4,31,5,41,5,45,5,48,5,52,5,58,5,72,6,74,7,82,7,104,8,109
875513,2015,48,30,1,34,1,48,1,51,2,54,3,56,4,59,4,62,4,67,4,72,4,79,6,82,7,86,7,87,8,90,9,93
875521,2015,48,21,1,35,1,42,1,47,1,49,1,52,1,57,2,66,3,75,4,83,5,90,5,96,6,100,6,109,6,119,6,129
875549,2015,48,36,3,42,3,45,3,51,4,53,4,56,4,58,4,61,4,62,6,67,6,72,6,85,6,88,7,101,8,109,9,116
875553,2015,48,34,2,38,2,42,2,47,2,60,2,64,2,69,2,70,3,82,3,87,3,91,4,107,4,112,5,115,6,120,8,128
883343,2015,52,27,1,42,1,50,1,55,1,61,1,69,1,74,1,81,1,91,1,97,1,109,1,123,1,142,1,152,1,169,2,172
883345,2015,50,29,0,37,0,44,1,52,2,58,2,63,2,74,2,84,3,93,3,100,4,107,4,112,5,120,5,127,5,140,6,149
884347,2016,76,54,1,69,1,71,2,72,3,79,3,89,3,92,4,98,5,102,5,109,6,113,6,118,7,133,7,147,7,152,8,157
884349,2016,296,43,1,62,1,74,1,77,2,81,2,87,2,103,3,108,3,113,3,122,3,142,4,147,4,153,5,165,5,178,6,204
884351,2016,40,58,1,68,1,71,1,75,2,81,2,87,2,93,2,101,2,109,2,119,2,123,3,131,3,141,3,151,3,162,3,178
885969,2015,4,47,0,58,0,64,1,71,1,82,1,82,2,88,2,98,2,108,2,113,2,123,2,135,3,148,3,154,4,166,4,178
885971,2015,4,45,1,49,2,55,2,63,2,67,2,76,2,85,2,89,3,98,3,104,3,112,3,116,4,121,4,132,4,141,6,145
889463,2015,3,27,2,36,2,42,2,56,2,61,2,71,3,84,3,94,3,104,4,113,4,119,5,129,5,139,5,148,6,160,6,166
895817,2016,2,41,2,54,2,58,2,67,2,75,2,79,2,88,2,98,2,106,2,117,2,128,2,140,2,148,2,160,2,174,2,188
895819,2016,0,44,0,50,0,62,0,77,0,83,0,86,0,97,1,104,1,109,1,122,1,134,1,143,2,152,2,166,2,174,2,184
895821,2016,18,48,1,57,1,63,1,72,2,75,2,80,3,89,3,103,3,118,3,127,3,140,3,149,3,168,4,176,4,187,4,197
902649,2015,16,25,3,40,3,43,3,49,3,56,3,67,3,77,3,80,3,94,3,95,4,101,4,113,4,119,4,138,4,152,4,160
902651,2015,16,36,1,45,1,48,2,58,2,63,2,68,2,78,3,89,3,106,3,109,4,114,4,130,4,139,5,151,6,158,8,172
902653,2015,135,46,1,48,3,51,3,57,3,68,3,73,4,76,5,82,5,88,6,92,6,100,6,105,6,117,6,133,6,146,6,154
903587,2015,327,32,1,46,1,51,1,65,1,75,1,86,1,94,1,115,1,129,1,140,1,158,1,162,3,170,3,182,3,189,5,199
903589,2015,41,32,2,35,2,41,2,44,3,48,4,58,4,65,4,68,5,73,7,75,7,81,7,85,9,91,9,92,10,92,10,92
913633,2016,8,31,1,51,1,59,2,67,2,75,3,79,3,83,5,84,5,91,5,105,5,109,6,122,7,128,7,133,8,138,8,140
913663,2016,34,39,0,53,0,57,1,63,1,67,2,77,3,84,3,89,3,93,3,100,4,105,5,110,6,116,6,124,6,130,6,135
914217,2016,6,53,0,62,0,67,0,76,0,85,0,97,0,101,1,105,1,111,1,117,1,131,1,135,2,147,3,163,3,168,4,182
914219,2016,7,28,1,37,2,39,3,42,3,57,3,64,4,67,5,71,6,75,6,80,6,97,6,103,8,108,8,117,8,128,8,142
914221,2016,7,34,1,52,1,54,2,58,2,63,2,77,2,80,3,90,3,94,3,104,3,111,4,134,4,147,5,161,6,167,7,171
914223,2016,21,30,1,34,1,36,2,49,2,53,2,60,2,67,2,75,3,91,3,102,3,116,3,127,3,131,4,146,5,161,6,168
914225,2016,20,52,0,57,1,63,2,65,2,74,2,85,2,94,3,110,3,115,3,124,3,129,3,144,3,159,3,175,4,188,5,196
915783,2015,85,48,0,65,0,68,0,79,0,88,0,92,1,99,1,105,2,118,2,127,2,131,2,154,2,166,3,188,3,199,3,215
915785,2015,26,39,0,61,0,66,2,72,2,75,3,81,3,90,3,97,4,103,4,118,4,128,4,134,4,139,5,146,5,151,6,162
919603,2015,4,29,2,33,3,42,3,47,3,56,3,67,3,71,3,73,4,80,4,83,4,91,5,99,5,111,5,127,5,133,6,136
919605,2015,4,26,1,33,1,40,2,46,2,54,2,63,2,71,3,82,4,86,4,93,4,98,4,104,4,109,5,112,6,122,6,136
930573,2015,17,34,1,35,1,40,1,48,1,55,1,64,1,68,2,79,2,92,2,96,2,99,3,104,3,107,4,116,5,121,7,133
930575,2015,17,31,4,36,4,43,4,52,5,55,5,57,6,60,6,65,6,72,6,76,6,81,6,88,6,92,7,98,8,100,9,106
930577,2015,17,19,2,23,2,37,2,41,2,43,3,47,3,59,3,63,3,67,3,81,3,93,4,100,5,109,5,114,5,123,6,131
930579,2015,17,46,1,46,2,46,2,49,3,51,3,56,3,63,3,67,3,71,3,80,3,93,3,99,3,104,3,126,3,134,3,149
931396,2015,314,20,3,23,3,30,3,36,3,39,4,56,4,76,4,82,4,94,4,105,4,105,5,108,7,119,7,122,8,126,9,131
931398,2015,314,35,2,38,2,47,2,59,2,63,3,69,3,76,3,82,3,88,3,98,3,102,4,113,4,121,6,125,7,130,8,135
936155,2017,296,26,2,41,2,46,3,51,3,63,4,68,4,71,5,74,7,77,7,82,7,91,7,97,7,105,7,109,8,111,9,113
936157,2017,40,36,1,48,1,55,1,60,1,73,1,79,1,88,1,98,1,107,1,109,2,119,3,124,3,135,4,141,5,148,5,169
951305,2016,13,43,2,53,2,57,3,63,4,71,4,77,4,84,4,92,4,95,4,101,4,111,4,123,4,126,6,129,7,144,7,158
951309,2016,327,26,1,33,1,41,1,53,1,62,2,70,2,79,3,87,3,99,3,109,3,112,5,115,5,125,5,129,6,138,7,153
951311,2016,327,31,0,46,0,54,1,58,1,64,1,73,1,81,1,86,2,91,2,102,2,112,2,118,4,125,4,134,4,142,4,154
951313,2016,13,19,2,30,2,39,2,50,2,54,3,62,3,73,4,81,4,87,4,99,4,107,5,114,5,128,5,135,6,139,6,147
951323,2016,13,30,1,32,2,33,3,38,3,45,3,51,3,61,3,66,3,75,3,80,3,82,4,88,5,92,5,99,6,113,7,127
951327,2016,327,24,0,29,0,43,1,52,1,59,1,70,1,84,1,87,1,102,1,113,1,129,1,139,2,144,2,159,2,165,2,180
951329,2016,13,32,2,33,2,35,3,42,3,49,3,55,3,59,3,63,4,75,4,78,4,88,4,90,5,98,6,103,6,111,6,126
951331,2016,43,42,1,49,1,58,1,63,1,74,1,81,1,92,1,96,2,103,2,114,2,123,3,128,3,142,3,152,4,164,4,182
951333,2016,57,44,1,55,1,65,1,77,1,83,1,90,1,99,1,106,1,117,1,121,2,139,2,157,2,168,3,176,4,189,4,201
951337,2016,327,44,0,58,0,61,0,65,1,69,2,75,2,79,3,82,3,96,3,97,4,99,4,107,4,118,5,129,5,134,6,142
951339,2016,43,72,0,83,0,96,0,100,1,114,2,125,2,128,2,134,3,139,3,152,3,166,3,173,4,182,4,193,4,211,4,229
951345,2016,14,32,2,41,2,43,3,47,3,49,5,54,5,57,5,65,5,67,5,73,5,81,5,90,5,94,6,110,6,118,7,122
951347,2016,14,25,1,33,2,45,2,49,2,61,2,64,3,68,3,80,4,91,4,96,4,104,4,108,5,112,5,127,5,144,5,156
951349,2016,79,44,0,55,0,60,0,69,1,76,2,81,2,93,2,100,2,110,2,123,2,127,3,135,4,146,4,160,4,164,5,180
951353,2016,14,27,0,42,1,45,2,49,2,52,2,59,2,73,2,79,2,84,2,101,3,112,3,114,5,118,6,123,6,137,6,146
951355,2016,79,42,1,52,2,57,2,64,3,70,3,77,3,90,3,95,3,112,3,124,4,127,4,135,4,152,4,167,4,179,4,193
951357,2016,13,36,3,39,3,44,3,47,4,50,5,57,5,66,5,74,5,78,5,85,5,91,5,98,6,108,6,114,7,118,7,122
951359,2016,57,35,1,39,1,44,1,52,1,57,2,59,2,65,2,70,2,78,2,91,2,99,3,105,4,118,4,123,5,135,6,145
951361,2016,328,29,1,38,1,47,1,50,1,60,1,65,1,73,2,81,2,88,3,93,3,99,3,117,3,131,3,146,3,161,3,171
951363,2016,79,55,1,59,1,64,1,73,2,74,2,81,3,85,3,93,3,100,4,104,4,114,4,129,4,132,5,136,5,145,5,160
951367,2016,328,45,2,47,2,54,2,62,2,71,2,77,3,80,4,82,4,85,5,89,6,96,7,99,7,108,7,113,8,119,8,120
951369,2016,328,38,1,51,1,55,1,66,1,78,1,89,1,92,2,99,2,106,2,111,3,121,3,133,3,136,4,141,6,150,6,153
951371,2016,43,35,0,55,0,62,0,66,1,76,1,86,1,91,1,98,1,109,1,120,1,127,1,133,2,150,2,161,2,180,2,192
951373,2016,57,23,3,33,3,41,3,47,3,57,3,67,3,83,3,89,4,103,4,110,6,115,7,117,7,131,7,138,8,145,9,155
953105,2016,329,37,1,54,1,66,1,71,1,74,2,85,2,100,2,102,3,107,4,121,4,123,4,133,5,138,6,141,8,149,9,161
954737,2016,330,26,1,28,2,32,3,38,3,48,3,55,3,60,3,66,3,76,3,78,4,81,5,85,5,90,7,95,7,106,7,116
954741,2016,17,19,4,20,4,29,4,32,4,41,4,46,4,58,4,66,4,74,5,77,6,84,6,90,7,99,7,108,8,114,8,134
954743,2016,17,30,1,32,2,49,2,50,3,56,3,61,3,68,3,72,4,82,4,88,5,96,5,104,5,121,5,124,6,127,7,133
958415,2016,331,41,0,47,0,55,0,61,0,69,0,75,0,88,0,101,1,112,1,122,1,132,2,142,2,147,2,153,3,155,5,163
958417,2016,331,40,0,46,1,51,1,59,1,73,1,76,2,79,3,86,3,95,3,107,3,117,3,128,3,139,3,149,3,158,3,167
958419,2016,331,52,1,59,1,72,1,80,1,82,2,87,2,90,3,96,3,102,3,112,3,129,3,141,3,155,3,169,4,177,4,187
958421,2016,331,52,1,62,1,69,1,71,1,75,1,84,1,91,2,102,2,116,2,136,2,145,2,149,3,153,4,168,4,170,4,180
963697,2016,92,32,3,40,3,43,3,47,3,51,5,54,6,58,7,64,7,72,7,78,8,80,8,84,8,90,8,97,8,101,10,101
963699,2016,31,55,0,70,0,75,1,80,1,87,1,93,1,100,1,110,1,122,1,127,2,131,3,145,3,161,3,179,3,186,6,196
963701,2016,63,20,4,29,5,33,5,48,6,50,6,54,6,54,7,63,7,66,7,69,7,71,7,74,9,79,9,82,10,82,10,82
966373,2016,66,36,1,37,2,40,2,43,3,49,3,55,3,66,3,77,4,86,4,90,4,106,4,116,5,120,5,129,5,144,5,148
966735,2016,332,39,1,46,1,48,1,56,1,64,1,75,1,77,3,84,3,94,3,109,3,120,4,130,5,144,5,157,5,168,5,180
966739,2016,332,26,2,38,2,43,2,57,2,65,2,75,2,87,2,93,3,99,3,112,3,122,3,126,4,132,5,136,6,139,7,146
966743,2016,314,33,1,42,1,51,1,62,1,72,1,77,1,84,1,97,1,102,2,111,4,117,4,123,4,128,4,146,4,159,4,172
966745,2016,314,23,2,31,2,39,2,43,3,47,3,52,3,66,3,76,3,81,3,90,3,97,4,115,4,136,4,149,4,157,4,166
966747,2016,314,42,0,49,0,51,0,65,0,68,0,72,1,79,1,84,2,87,2,92,3,98,3,105,4,108,5,115,6,123,6,129
966749,2016,314,39,0,48,1,53,1,65,1,70,1,74,2,76,2,83,3,83,4,85,4,94,4,101,4,111,4,113,6,116,7,133
966751,2016,314,28,2,32,3,35,4,42,6,43,6,47,6,51,6,56,7,58,7,63,7,70,7,71,8,83,8,83,10,83,10,83
966753,2016,314,27,3,41,3,44,3,52,3,53,3,57,3,62,3,67,3,84,3,90,3,97,3,108,4,119,4,125,5,139,5,147
966755,2016,314,16,3,20,3,23,3,33,3,36,3,40,3,41,4,53,4,70,4,76,5,90,5,100,5,101,5,114,5,118,6,129
966757,2016,314,22,2,31,2,32,3,35,3,41,3,47,3,57,4,62,4,75,4,84,4,91,4,100,4,104,6,115,7,127,8,138
966759,2016,314,18,3,20,3,25,3,28,3,29,4,34,4,40,4,46,4,54,4,65,4,79,4,91,4,101,5,105,6,117,6,129
966761,2016,314,14,2,21,2,25,2,25,2,25,3,32,3,39,3,42,3,52,4,55,5,57,5,62,6,66,7,71,7,80,7,81
966763,2016,314,26,0,44,0,49,0,56,0,59,0,66,0,81,0,90,0,97,0,110,0,113,1,117,2,125,2,127,4,141,4,150
967081,2016,66,26,1,33,1,42,1,47,1,56,1,68,2,73,2,84,2,92,2,97,2,107,2,126,2,139,2,140,4,149,4,157
995467,2016,85,58,1,73,1,81,1,85,1,98,1,110,1,121,1,134,1,150,1,166,2,178,2,195,2,218,2,232,2,247,2,263
995469,2016,26,43,1,46,2,51,2,53,3,58,4,64,4,68,4,75,4,77,6,86,6,93,7,99,7,106,7,114,8,123,8,128
1538307,2026,170,43,2,56,3,59,3,66,4,69,4,75,4,89,4,95,4,108,4,113,4,122,4,125,5,135,5,139,6,141,7,147
1538308,2026,170,42,1,43,2,45,3,60,3,66,3,71,3,81,3,88,3,92,4,111,4,123,4,137,4,152,4,171,4,191,4,194
1538309,2026,170,48,1,51,3,58,3,66,3,71,3,80,4,89,5,93,5,100,5,111,5,117,6,125,6,145,6,156,6,164,7,169
1539464,2026,282,28,2,29,3,35,3,40,3,49,4,52,6,54,6,56,6,60,6,70,6,76,6,83,6,92,6,108,6,118,7,137
1539465,2026,282,17,2,19,2,19,4,23,4,29,4,34,5,40,5,52,5,66,5,67,7,71,7,76,8,85,9,86,10,86,10,86
1539466,2026,282,24,2,27,2,34,2,36,3,39,4,42,5,44,5,50,6,57,6,62,6,73,6,86,7,88,8,97,8,102,9,107
1539467,2026,282,14,2,15,3,25,3,30,4,39,4,51,4,63,4,69,4,73,4,79,4,89,4,96,4,122,5,129,6,139,6,150
1539468,2026,282,38,1,47,1,58,1,74,1,81,1,89,1,94,2,104,2,110,2,117,3,120,3,135,3,143,3,156,4,168,5,177
1539469,2026,282,45,1,52,1,56,2,62,2,67,2,70,2,80,2,84,3,92,4,97,4,110,4,119,4,135,4,139,5,150,5,165
1528548,2026,113,33,3,36,3,51,3,57,4,65,4,68,4,78,4,86,4,102,4,111,4,118,5,137,5,164,5,168,6,178,7,182
1528549,2026,113,38,2,44,2,48,2,50,3,53,3,58,3,80,3,88,3,97,3,105,3,114,5,118,5,131,5,142,5,149,6,154
1532483,2026,286,45,2,52,2,57,3,63,3,68,4,75,4,77,5,85,6,86,7,89,7,94,7,105,8,108,9,117,9,131,10,131
1532484,2026,286,38,2,44,3,51,3,62,3,72,3,91,3,99,3,101,3,122,3,137,3,147,4,154,5,163,5,171,5,178,5,196
1532485,2026,286,11,3,22,3,34,3,34,4,37,5,42,5,51,5,62,6,65,7,69,7,73,7,80,7,86,7,96,8,107,8,109
1539472,2026,129,41,1,48,1,52,1,57,1,60,2,63,2,67,2,81,2,82,4,92,4,101,4,104,6,108,7,109,8,113,9,116
1539473,2026,129,50,1,55,2,65,2,70,2,78,2,83,2,93,2,101,2,117,2,124,3,131,4,139,5,146,5,152,5,177,6,187
1539474,2026,129,38,2,41,2,46,3,50,3,56,3,62,3,73,3,80,3,88,4,91,5,100,5,102,6,114,6,122,6,133,7,146
1539475,2026,129,36,3,42,3,46,3,50,3,58,3,67,3,84,3,91,3,98,3,102,4,106,5,112,7,118,7,126,8,135,9,141
1539476,2026,123,36,0,52,0,61,0,81,0,90,0,100,0,127,0,135,0,150,1,155,1,157,2,159,3,166,4,172,5,176,6,196
1539477,2026,123,68,3,74,4,76,4,86,4,94,5,96,5,108,5,111,6,123,7,126,7,131,7,135,8,138,8,141,8,148,8,164
1539479,2026,123,21,1,26,1,34,1,49,1,55,1,67,1,72,2,83,2,89,3,98,3,107,3,119,3,131,3,137,4,149,7,162
1539480,2026,123,57,0,63,1,74,1,87,1,97,1,109,1,126,1,134,2,149,2,159,3,168,4,182,4,208,4,212,6,219,8,224
1539732,2026,87,28,0,47,0,48,1,50,1,55,1,64,1,71,1,82,1,85,1,94,2,99,2,103,2,111,3,127,3,147,3,155
1539733,2026,87,35,0,40,0,44,1,49,2,50,3,55,3,58,3,62,3,69,3,85,3,89,3,95,3,104,3,107,3,113,4,114
1539734,2026,87,33,2,47,2,56,2,61,2,66,2,70,3,74,3,79,3,83,4,89,4,94,5,102,6,116,6,121,6,127,7,133
1539735,2026,87,17,2,25,2,27,2,33,2,34,3,39,3,40,4,42,4,49,4,53,4,56,6,63,6,66,7,66,9,69,10,69
1539736,2026,87,29,1,41,1,51,1,55,1,61,2,64,2,68,2,72,3,76,3,79,4,81,5,90,5,98,6,105,6,108,7,111
1539737,2026,87,26,1,36,1,43,2,54,2,59,2,70,3,75,3,82,3,88,3,98,3,105,3,111,3,115,3,131,3,131,5,143
1539738,2026,87,53,1,60,1,69,1,73,1,102,1,106,1,112,1,120,1,133,1,141,2,157,2,163,2,183,2,193,3,209,3,220
1539739,2026,264,43,1,46,2,60,2,64,3,69,3,71,3,75,3,78,5,82,5,85,6,92,6,98,7,103,8,110,8,124,8,126
1539740,2026,264,41,3,48,4,51,5,54,5,60,5,62,5,70,5,72,6,85,6,98,6,110,6,113,7,118,8,119,9,125,9,126
1539741,2026,264,39,0,48,0,55,0,63,0,79,0,85,0,90,1,106,1,122,1,136,1,150,2,155,2,168,2,176,3,185,3,194
1539742,2026,264,33,3,35,4,46,4,51,5,61,5,64,6,65,7,67,9,70,9,75,9,76,10,76,10,76,10,76,10,76,10,76
1539743,2026,264,59,0,71,0,80,0,93,0,106,0,124,0,144,0,149,0,166,0,181,0,182,3,197,3,205,3,218,3,225,4,230
1539744,2026,264,37,1,45,1,62,1,77,1,83,2,96,2,110,2,115,3,122,3,137,3,146,4,150,4,175,4,185,5,203,5,220
1540308,2026,138,29,1,31,1,45,1,51,2,54,2,56,2,76,2,82,2,89,2,104,2,114,2,128,3,136,3,143,4,161,4,180
1540309,2026,138,55,1,61,2,71,2,75,3,91,4,101,4,105,4,108,4,116,4,138,4,143,5,158,5,162,5,169,5,178,7,192
1540310,2026,138,33,1,46,2,53,2,56,3,58,3,67,3,80,3,87,3,92,4,104,4,117,5,125,6,132,7,141,9,141,10,141
1540311,2026,138,29,4,35,4,37,5,44,6,51,6,55,6,58,6,59,6,66,6,69,6,75,6,77,6,100,6,106,6,116,7,124
1540312,2026,138,55,1,57,1,73,1,85,1,98,1,107,2,120,2,126,2,135,2,149,3,165,3,177,3,185,3,208,3,217,4,232
1540313,2026,138,52,3,57,4,60,4,73,4,83,4,88,5,95,5,104,5,109,5,113,5,122,5,137,5,150,6,172,6,183,6,184
1540314,2026,138,50,0,67,0,83,0,97,0,103,0,113,2,118,2,127,3,142,3,149,3,153,3,161,3,171,4,182,4,194,4,211
1540315,2026,138,44,1,57,1,65,1,76,1,91,1,95,2,106,2,114,2,134,2,152,2,160,3,173,3,185,3,209,3,220,3,229
1540316,2026,138,49,1,51,1,57,1,63,2,65,3,72,3,80,3,92,3,103,4,109,5,116,5,124,5,137,6,147,7,167,7,184
1541805,2026,263,57,0,63,0,82,0,94,0,99,1,103,2,111,2,121,2,131,2,143,2,152,2,168,2,187,2,218,2,229,2,247
1541806,2026,263,45,1,68,1,77,1,90,1,101,1,105,2,110,3,121,3,130,3,144,3,151,4,163,5,169,6,173,6,183,6,187
1541808,2026,263,36,2,49,2,53,3,70,3,77,3,86,3,90,3,107,3,123,3,141,3,157,3,174,3,200,3,216,3,230,3,258
1541809,2026,263,60,0,74,0,81,0,91,0,103,0,117,0,136,1,146,1,152,2,163,2,173,2,182,3,196,4,205,6,220,6,227
1541810,2026,263,22,3,24,4,36,4,46,5,49,6,54,6,60,6,64,6,67,7,72,7,73,9,73,10,73,10,73,10,73,10,73
1542988,2026,219,40,2,43,2,46,2,60,2,65,2,77,2,81,3,83,4,86,4,90,4,98,5,102,5,111,6,114,7,121,7,125
1542989,2026,219,59,1,74,1,77,3,79,3,85,3,89,4,91,4,95,4,98,5,110,5,115,5,123,5,127,6,136,6,151,6,159
1542990,2026,219,54,2,74,2,83,2,102,2,114,2,133,3,153,4,169,4,181,5,213,5,238,5,263,5,274,5,286,7,308,7,322
1496574,2026,194,52,2,61,2,72,2,87,2,92,3,99,3,105,3,111,3,121,3,125,4,135,4,149,4,158,4,165,5,179,6,189
1540317,2026,282,42,0,48,1,54,1,60,1,64,1,72,3,75,4,83,4,91,4,96,5,103,5,109,5,122,5,131,6,150,6,169
1540318,2026,282,37,3,41,3,49,3,51,3,62,3,65,4,78,4,85,5,93,5,98,5,103,5,109,6,117,7,121,8,131,8,143
1540319,2026,282,30,0,40,0,42,0,58,0,67,1,71,1,80,2,85,3,87,4,93,4,98,5,108,5,125,5,136,7,139,8,156
1496575,2026,106,50,1,65,2,74,2,83,2,89,2,96,2,108,2,118,2,130,3,138,3,144,3,146,4,153,4,162,5,173,6,190
1496576,2026,104,43,0,49,1,59,1,67,1,74,2,92,2,104,2,111,4,122,4,128,4,143,4,152,4,170,5,185,5,192,5,201
1496577,2026,140,37,2,44,2,50,3,58,3,64,3,71,3,81,3,87,3,94,3,103,4,116,4,121,4,130,5,150,5,154,5,158
1496578,2026,109,44,1,61,1,70,1,73,1,86,1,111,1,123,1,132,1,144,1,168,1,189,1,209,1,217,1,225,1,247,3,257
1543356,2026,132,48,1,52,1,56,1,60,1,71,1,76,1,85,1,99,2,103,2,108,3,113,4,123,4,129,7,133,8,138,9,142
1543358,2026,132,47,1,59,1,67,1,74,1,83,1,89,2,98,2,105,2,110,2,123,2,135,2,152,2,158,3,165,3,174,3,181
1543361,2026,129,53,0,61,0,68,0,71,0,80,0,91,0,98,1,104,1,124,1,132,1,139,2,152,2,157,3,162,4,171,5,180
1543362,2026,277,47,1,52,2,58,2,64,2,79,2,84,3,88,3,88,4,95,4,100,4,107,4,117,5,122,5,129,5,134,6,139
1543364,2026,277,41,1,48,1,53,2,56,3,63,3,69,3,74,3,77,3,86,3,93,3,101,3,104,3,106,4,120,4,125,4,136
1543365,2026,277,51,0,57,0,61,0,76,0,91,0,104,0,109,1,111,1,133,1,136,2,145,3,157,3,170,3,181,3,192,4,201
1543366,2026,277,15,3,18,3,20,3,23,3,35,3,40,4,42,6,46,6,57,6,70,6,83,6,93,6,96,7,102,8,103,8,105
1543367,2026,129,32,3,33,3,43,3,49,4,54,5,58,5,61,5,66,5,73,5,86,5,94,5,98,6,104,6,110,6,116,7,124
1543368,2026,277,56,0,69,2,71,2,78,2,87,3,90,4,93,4,97,4,101,5,106,5,110,5,115,6,118,7,123,7,129,8,132
1543369,2026,129,28,2,33,2,39,3,44,3,56,3,64,3,73,3,87,3,93,3,107,3,111,4,117,4,129,4,150,5,164,7,171
1543370,2026,277,38,1,39,2,44,3,49,3,59,4,62,5,63,6,64,7,66,7,68,8,80,8,93,8,95,8,95,10,95,10,95
1543371,2026,129,51,0,60,1,62,1,66,1,79,1,82,1,87,2,100,2,111,2,122,2,131,2,147,2,163,2,176,3,192,3,203
1543372,2026,277,35,3,43,4,45,4,52,5,58,5,62,6,67,6,69,7,72,7,82,8,84,8,95,8,96,8,106,9,107,10,107
1543373,2026,129,37,2,40,2,49,2,61,2,63,2,69,2,74,2,86,2,95,2,109,2,120,2,144,2,146,3,149,4,158,5,164
1543374,2026,277,49,1,53,1,57,2,60,3,68,3,71,3,75,3,80,3,89,3,96,3,106,3,107,5,114,6,123,6,133,6,139
1543375,2026,129,42,0,47,0,51,0,56,0,61,1,75,1,82,1,90,1,95,1,103,1,116,1,131,1,154,1,162,2,173,2,186
1530060,2026,4,21,3,26,3,31,3,37,4,40,4,46,4,56,4,59,4,64,4,72,5,78,5,89,5,98,5,109,5,117,5,125
1530061,2026,4,41,2,53,2,61,2,69,2,80,2,95,3,104,3,111,3,121,3,137,3,158,3,171,3,188,3,196,4,210,4,219
1530062,2026,4,49,1,64,1,78,1,82,1,89,1,95,1,101,2,113,2,123,2,129,2,145,3,152,3,164,3,172,4,179,4,192
1538301,2026,166,46,1,54,1,65,1,69,1,76,2,87,2,91,3,93,3,105,3,118,4,122,4,132,4,139,4,144,6,152,6,170
1538302,2026,166,41,0,54,0,59,0,70,0,74,0,84,0,88,0,99,0,109,0,119,0,121,1,129,3,142,5,150,5,158,5,186
1538303,2026,166,38,1,40,1,43,1,55,1,59,1,69,1,77,2,80,2,89,2,96,2,109,3,118,3,127,3,129,4,138,6,143
1543376,2026,129,24,3,31,3,34,3,39,3,39,4,43,4,52,5,56,5,62,5,80,5,86,6,89,7,98,8,106,8,114,8,117
1543377,2026,277,31,0,39,1,51,1,64,1,67,1,71,2,76,2,84,2,87,3,100,4,105,4,112,4,118,5,123,5,144,5,148
1543378,2026,277,39,0,45,0,52,0,59,0,69,0,83,0,95,0,109,0,125,0,132,0,140,1,156,1,166,1,183,1,195,1,199
1544120,2026,129,28,1,35,1,38,2,46,2,50,2,55,5,59,6,60,6,62,7,63,8,69,8,71,8,72,8,72,9,75,9,77
1544121,2026,129,38,0,46,0,55,0,64,0,77,0,86,0,88,0,96,0,100,1,110,2,118,2,127,3,130,4,142,4,147,6,162
1546377,2026,138,42,1,51,2,59,2,62,2,70,2,76,2,80,2,85,3,95,4,104,5,110,5,117,6,121,6,126,7,134,8,144
1546378,2026,138,53,2,71,3,82,3,86,3,94,3,109,3,115,3,127,3,138,3,145,3,156,3,173,3,197,3,202,3,210,4,221
1546379,2026,138,30,1,42,1,46,2,53,2,65,2,72,3,75,3,81,3,81,4,84,4,92,4,114,4,118,4,128,4,133,6,142
1546380,2026,138,21,1,27,1,28,1,37,1,43,1,46,2,50,2,54,4,62,4,67,4,76,4,87,4,91,6,94,8,99,8,103
1546381,2026,138,44,0,52,1,56,1,68,1,82,1,93,1,109,1,122,1,132,2,143,2,151,2,170,2,188,2,203,2,212,2,235
1546382,2026,138,19,1,27,1,31,1,32,1,37,1,41,3,47,3,50,3,62,4,70,4,76,4,80,4,85,5,98,5,103,6,106
1546383,2026,138,19,2,21,3,22,3,33,3,41,4,45,4,48,5,53,5,57,7,62,7,66,8,68,9,80,9,85,9,93,9,96
1546384,2026,138,23,2,31,2,39,2,47,2,56,2,57,3,58,4,64,4,70,4,72,5,75,5,85,6,87,7,91,7,106,7,123
1546385,2026,138,19,2,36,2,42,3,54,3,63,4,74,4,77,5,84,5,87,5,93,5,107,5,120,5,131,5,143,6,160,6,166
1546386,2026,138,36,0,42,0,46,0,56,0,62,0,66,1,69,1,75,2,86,3,90,3,93,4,97,4,106,5,109,6,121,6,130
1546387,2026,138,23,2,25,4,28,5,35,5,38,5,40,5,41,5,58,5,59,5,67,6,74,6,74,8,75,10,75,10,75,10,75
1546388,2026,138,44,3,46,4,49,4,53,4,57,5,66,5,69,5,71,6,73,7,74,8,80,9,82,9,99,9,99,10,99,10,99
1546389,2026,138,30,2,42,2,59,2,71,2,80,2,95,2,105,2,110,3,115,3,119,3,121,4,132,5,142,5,153,5,155,6,166
1548122,2026,190,25,1,34,1,37,1,44,1,51,1,65,1,75,1,85,1,89,1,95,2,108,2,131,2,136,2,142,2,148,3,159
1548123,2026,190,36,1,50,1,54,1,58,2,64,2,67,2,75,2,83,3,87,3,89,3,101,3,111,3,120,3,124,4,138,4,148
1545655,2026,333,20,1,25,1,26,1,35,2,41,2,49,2,56,3,71,3,79,3,84,4,87,4,93,4,97,4,102,5,111,5,122
1545656,2026,333,25,0,29,1,32,1,38,2,42,2,46,2,48,3,51,3,54,5,56,5,61,5,70,6,71,7,79,8,88,8,93
1545657,2026,333,30,2,39,2,45,3,54,3,56,3,63,3,72,3,75,3,77,3,90,3,91,4,92,4,98,4,104,5,107,6,113
1545658,2026,334,11,2,20,2,23,2,27,2,30,2,34,2,42,2,51,2,55,2,62,2,67,2,72,2,75,4,80,4,90,5,95
1545659,2026,333,44,0,48,0,55,0,60,0,70,0,77,0,87,0,97,0,111,0,129,1,139,1,147,2,153,4,164,5,174,6,180
1545660,2026,132,38,0,40,0,44,1,53,1,60,1,64,2,66,4,72,5,77,5,85,7,87,8,91,8,96,8,111,8,124,8,131
1545661,2026,173,43,1,53,1,62,1,67,2,78,2,91,2,94,2,95,2,103,2,108,2,114,2,125,2,131,4,139,4,147,4,163
1545662,2026,132,26,2,39,2,47,2,57,2,69,2,76,2,86,3,89,4,91,5,96,5,101,7,102,9,105,9,114,9,116,10,116
1545663,2026,173,55,1,66,2,73,2,79,2,94,3,98,3,101,3,124,3,135,3,149,3,156,3,171,3,182,3,190,3,206,3,221
1545664,2026,132,41,1,54,2,58,3,64,3,67,4,81,4,85,4,89,4,95,4,100,4,108,4,115,4,127,5,134,7,141,8,147
1545665,2026,173,39,1,40,2,44,2,48,2,57,2,61,3,64,3,73,3,75,4,78,5,82,5,87,5,96,6,102,6,105,7,108
1545666,2026,132,24,2,38,2,42,2,49,2,52,3,62,3,72,3,79,4,87,5,91,5,110,5,116,6,123,7,131,7,131,9,140
1545667,2026,173,53,2,65,3,72,3,79,3,95,4,112,4,130,4,141,5,151,6,158,6,162,7,169,7,191,7,197,8,209,9,232
1545668,2026,132,24,2,35,2,39,3,48,4,52,4,53,6,55,6,64,6,65,6,68,6,71,6,73,8,76,8,82,8,87,9,94
1545669,2026,173,34,1,48,1,53,1,66,2,69,2,80,3,89,3,95,3,98,4,105,4,124,4,137,5,140,6,148,6,159,6,177
1545670,2026,132,51,3,55,4,58,4,62,4,71,4,77,4,85,4,89,4,93,4,97,4,107,4,108,6,118,6,119,7,119,9,121
1545671,2026,173,26,2,37,2,44,2,51,2,67,2,76,2,84,3,91,3,100,3,115,3,128,3,143,3,153,3,166,3,182,5,206
1547089,2026,258,33,0,48,0,53,1,64,1,71,1,76,1,84,1,86,2,89,3,94,4,103,4,110,5,117,5,126,6,135,7,142
1547090,2026,258,57,1,61,3,74,3,82,3,89,3,93,3,95,3,101,4,104,4,107,4,115,4,123,5,131,6,135,8,139,8,151
1547091,2026,258,31,2,35,2,45,2,48,2,52,3,58,3,69,3,72,3,86,3,89,4,93,4,96,4,102,5,104,7,108,7,112
1547092,2026,258,45,0,53,0,61,0,67,1,82,1,85,2,88,2,92,4,94,5,96,5,103,6,110,6,119,6,133,6,146,6,151
1547095,2026,258,26,0,30,0,33,0,37,0,43,0,52,0,57,0,67,0,80,1,84,1,91,2,98,2,103,2,107,4,122,4,130
1547096,2026,258,54,2,60,2,63,2,76,2,80,2,88,3,97,3,103,3,119,3,136,3,143,3,145,5,147,7,154,8,167,8,180
1547097,2026,258,27,3,28,4,32,4,38,5,42,5,46,5,52,5,59,6,67,6,68,6,70,6,70,6,72,7,84,7,96,7,101
1549355,2026,333,28,0,38,0,40,0,45,0,47,2,51,2,52,2,57,2,64,2,72,2,78,2,89,2,99,5,113,5,124,5,128
1545672,2026,132,29,1,36,1,41,2,44,2,52,2,56,2,61,2,69,3,74,3,83,4,86,6,86,9,87,9,95,9,96,10,96
1545673,2026,173,37,1,41,1,51,2,63,2,68,2,82,2,92,3,102,3,106,4,118,4,123,4,131,5,142,5,151,6,163,7,168
1545674,2026,132,32,2,38,2,46,2,57,2,61,2,68,3,73,3,74,4,78,4,87,4,94,4,102,5,114,6,119,6,134,6,154
1545676,2026,132,41,0,51,0,57,1,61,1,66,2,73,2,79,2,87,2,97,2,101,2,107,3,116,3,133,4,141,4,150,5,156
1545677,2026,173,68,1,90,1,96,1,104,1,108,2,116,2,123,2,137,2,156,2,163,3,168,4,175,4,181,4,187,5,194,6,211
1545680,2026,132,40,1,48,1,55,1,59,3,62,4,68,4,77,4,85,4,92,4,102,5,108,6,112,6,118,6,122,7,137,7,144
1545681,2026,173,42,2,52,2,57,2,61,2,68,2,71,3,82,3,87,3,100,4,101,4,102,5,115,5,129,5,149,5,154,7,158
1545682,2026,173,25,1,28,2,36,2,41,2,44,3,52,3,62,3,65,4,73,4,77,4,78,5,81,7,87,8,88,9,88,10,88
1545683,2026,132,48,0,56,1,57,1,63,1,71,1,76,1,85,1,90,2,97,3,102,3,107,3,116,3,124,4,131,5,148,5,160
1549524,2026,264,46,0,57,0,61,0,72,0,80,0,85,1,92,1,101,1,116,2,123,2,133,3,133,4,138,6,151,6,158,8,163
1549525,2026,264,45,0,54,1,61,1,68,1,74,1,76,1,79,2,82,3,85,3,91,3,94,4,106,5,115,5,130,5,137,6,144
1549526,2026,264,52,0,64,1,69,2,74,3,76,4,83,5,87,5,101,6,111,6,125,6,133,6,142,6,149,6,164,6,175,6,195
1549527,2026,264,46,0,59,0,68,0,73,1,83,1,88,1,100,1,118,1,126,1,139,1,148,1,161,2,168,3,174,5,180,6,185
1549528,2026,264,25,2,26,3,30,3,36,3,46,3,50,3,59,3,73,3,79,3,94,3,102,3,109,4,119,5,128,6,141,6,156
1549529,2026,264,58,0,70,0,81,0,90,0,114,0,127,0,150,0,159,1,172,1,175,2,187,2,197,2,204,2,211,2,215,3,228
1549530,2026,264,47,0,67,0,73,0,84,1,89,1,94,2,107,2,119,2,122,3,133,3,150,3,163,3,171,4,186,5,191,5,205
1552906,2026,335,49,0,50,0,53,0,62,0,75,0,90,0,100,0,109,0,120,1,129,1,137,1,141,1,152,1,160,2,174,2,192
1552907,2026,335,41,2,55,2,62,3,67,3,74,3,89,3,102,3,105,3,113,3,132,3,145,3,152,5,168,5,184,6,199,6,204
1552908,2026,335,40,1,58,1,66,1,79,2,92,2,95,2,99,2,108,2,119,2,138,2,151,2,174,2,191,2,204,2,224,3,250
1552909,2026,335,31,2,33,3,38,3,41,3,58,3,60,4,63,4,68,5,71,5,91,5,94,6,102,6,107,7,114,8,123,8,139
1496585,2026,109,72,1,90,1,100,1,113,1,120,1,134,1,145,1,159,1,165,2,181,2,191,2,197,3,216,3,230,3,247,3,254
1496586,2026,108,55,0,56,2,61,2,70,2,75,3,84,3,91,4,95,5,101,5,107,5,115,5,133,5,138,5,141,6,141,7,145
1552910,2026,335,22,1,29,1,39,2,47,2,47,2,52,3,57,3,63,3,67,3,75,3,77,5,81,5,84,6,88,6,93,7,101
1552911,2026,335,64,0,74,0,81,1,88,1,100,1,105,2,117,2,124,2,132,2,144,2,150,2,152,2,155,2,170,2,176,3,191
1552912,2026,335,60,0,64,2,70,2,79,2,86,2,95,2,111,2,115,2,128,3,139,3,153,3,157,3,170,4,176,5,185,7,198
1552913,2026,335,37,2,47,2,48,3,54,3,61,3,67,3,75,4,80,4,86,5,88,5,90,5,92,6,94,7,100,8,104,8,108
1552914,2026,335,40,2,43,2,53,2,64,2,75,3,81,3,90,3,97,3,102,3,118,3,129,4,133,4,150,4,168,4,171,6,189
1552915,2026,335,45,0,58,0,64,0,74,2,79,2,86,2,90,2,97,2,102,2,112,2,120,2,139,2,141,2,145,4,156,4,165
1552916,2026,335,26,1,27,1,30,1,31,1,37,1,43,1,49,2,56,3,68,4,70,4,74,5,80,5,89,7,93,8,100,9,112
1552917,2026,335,38,0,45,0,54,0,62,1,64,2,73,2,77,3,89,4,93,4,101,5,118,5,124,6,132,7,153,7,166,8,183
1552918,2026,198,17,2,18,2,26,2,33,4,39,6,41,7,48,7,49,7,50,7,50,8,51,8,52,9,55,9,55,10,55,10,55
1552919,2026,198,62,2,63,2,71,2,75,2,87,2,92,2,97,2,99,3,102,3,107,3,119,3,126,3,147,3,171,3,178,4,189
1552920,2026,198,27,3,41,3,47,3,51,3,59,3,65,3,68,4,72,4,74,6,82,6,89,6,96,6,101,6,110,6,115,7,119
1552921,2026,198,22,2,23,3,24,3,31,4,34,4,36,4,49,4,56,5,59,5,60,6,65,7,66,8,67,8,70,9,77,9,87
1552922,2026,198,60,0,63,0,72,0,82,0,88,1,93,1,100,1,101,1,113,1,119,1,139,2,141,2,146,2,159,2,166,2,188
1552923,2026,198,61,1,63,1,72,1,81,1,90,2,102,2,113,2,118,3,128,3,139,3,163,3,174,3,190,3,193,5,207,5,216
