record_id,employee_id,month,experience_years,training_hours,task_complexity,ai_assistant,rework_tickets,absent_days,team_size,meeting_hours,blocker_hours,tasks_completed,productivity_score
1,1,1,4,12.3,3.5,0,3,1,6,19.2,5.6,91,56.9
2,2,1,3.4,5,3.1,0,5,1,4,16.0,8.4,81,50.6
3,3,1,3,10.4,2.6,0,5,1,5,15.1,7.6,108,67.5
4,4,1,4.1,7.8,2.9,0,0,1,10,22.8,4.3,104,65
5,5,1,2.9,6.2,2.5,0,1,0,9,12.3,1.4,112,70
6,6,1,5.3,11.2,4.2,0,4,1,6,15.0,1.2,90,56.2
7,7,1,4.3,13.1,3.7,0,3,1,7,21.3,10.4,105,65.6
8,8,1,3.9,2.9,3.2,0,3,2,9,20.7,8.8,78,48.8
9,9,1,1.5,9.9,2.9,0,1,1,7,12.5,21.0,99,61.9
10,10,1,1,nan,1.8,0,1,0,7,16.6,9.3,107,66.9
11,11,1,1.6,3.1,3.4,0,4,1,6,20.7,8.0,68,42.5
12,12,1,4.4,8.8,3.7,0,3,1,9,16.9,9.4,77,48.1
13,13,1,3.9,4.2,2.6,0,3,4,12,13.4,7.5,80,50
14,14,1,1.3,7,4,0,4,1,6,17.1,10.9,76,47.5
15,15,1,4.4,9.7,2.6,0,1,0,6,9.0,10.5,99,61.9
16,16,1,2.3,9.2,2.5,0,5,2,8,4.5,9.8,97,60.6
17,17,1,2.3,8.4,2.1,0,0,0,5,16.8,9.5,92,57.5
18,18,1,6.6,16.5,3.7,0,1,4,8,11.1,3.8,97,60.6
19,19,1,3.7,1.4,1.8,0,2,2,11,17.7,3.0,91,56.9
20,20,1,4.2,11.6,2.5,0,2,0,9,12.4,1.8,104,65
21,21,1,4.2,8.4,4.2,0,1,2,5,7.4,5.8,96,60
22,22,1,1.3,15.1,3.1,0,2,3,5,21.7,6.9,92,57.5
23,23,1,4.3,9.8,2.6,0,0,0,4,16.9,9.3,103,64.4
24,24,1,11.2,3.7,3.5,0,1,1,12,18.4,17.4,103,64.4
25,25,1,1.7,5.2,3.3,0,2,2,7,9.9,16.1,77,48.1
26,26,1,5.6,0,5,0,4,3,6,12.4,7.6,71,44.4
27,27,1,5.9,8.2,4.8,0,1,2,11,17.4,3.1,84,52.5
28,28,1,5.9,9.6,3.1,0,3,2,6,11.6,8.9,91,56.9
29,29,1,2.6,8.8,2.8,0,1,1,6,19.2,8.8,91,56.9
30,30,1,3,5.4,2.3,0,2,0,6,13.6,8.0,98,61.2
31,31,1,1.7,7.4,2,0,4,1,7,10.2,3.1,109,68.1
32,32,1,3.5,4.3,3.8,0,3,0,4,11.3,5.6,96,60
33,33,1,7.5,5.3,2.8,0,0,1,9,25.0,8.3,110,68.8
34,34,1,2.4,3.6,4.3,0,2,1,7,15.9,7.2,79,49.4
35,35,1,0.8,2.8,3.3,0,3,2,12,9.0,9.3,80,50
36,36,1,3.8,12.5,2.8,0,5,0,10,15.8,7.6,115,71.9
37,37,1,5.9,7.7,1.3,0,1,0,7,5.2,1.7,141,88.1
38,38,1,3.2,4.6,2.2,0,3,1,10,14.6,13.3,103,64.4
39,39,1,9,10.9,3.4,0,0,2,11,6.4,5.8,112,70
40,40,1,3.3,4.5,2.6,0,2,1,5,10.7,4.6,89,55.6
41,41,1,3.7,4,3.6,0,6,2,5,18.2,13.0,68,42.5
42,42,1,1.8,8.2,2.7,0,1,0,5,21.4,8.4,91,56.9
43,43,1,3,2.9,2.7,0,2,0,4,18.7,13.4,87,54.4
44,44,1,5.8,7.3,4.1,0,3,0,6,14.5,0.0,100,62.5
45,45,1,5.9,11.2,1.6,0,2,2,11,16.6,18.1,100,62.5
46,46,1,7.2,8.4,3.5,0,1,0,10,10.1,14.2,104,65
47,47,1,5.6,6,3.1,0,0,0,7,13.0,4.3,106,66.2
48,48,1,4.9,5.5,2.9,0,0,0,8,12.7,2.9,111,69.4
49,49,1,0.8,4.9,2.2,0,2,1,10,21.9,18.0,85,53.1
50,50,1,2.2,10,3,0,3,0,12,19.9,9.3,84,52.5
51,51,1,12.4,7.6,3.6,0,1,0,6,8.0,7.2,122,76.2
52,52,1,2.7,6.7,2.7,0,3,0,9,16.3,0.0,100,62.5
53,53,1,5.3,6.9,2.7,0,0,1,9,16.2,10.7,97,60.6
54,54,1,3.5,12.6,3.6,0,3,1,9,12.6,8.9,93,58.1
55,55,1,5.4,6.5,3.2,0,1,0,11,21.0,15.1,95,59.4
56,56,1,3.8,6.8,2.2,0,1,0,10,20.3,3.6,109,68.1
57,57,1,1.9,9.7,2.1,0,1,1,7,19.6,2.7,104,65
58,58,1,2.2,6.5,2.3,0,3,2,10,10.5,10.7,93,58.1
59,59,1,4.5,12.3,3.2,0,0,4,4,14.6,13.8,93,58.1
60,60,1,2.7,8.8,1.4,0,0,0,7,19.7,5.7,104,65
61,61,1,0.8,8.3,1.1,0,2,0,5,19.8,13.8,108,67.5
62,62,1,5,7.3,3.6,0,3,3,6,11.3,7.7,94,58.8
63,63,1,6.5,5.9,2,0,1,1,12,15.3,15.1,109,68.1
64,64,1,6.2,7.5,2.2,0,2,1,7,13.3,12.7,96,60
65,65,1,6.2,10.4,4.4,0,4,2,4,13.5,2.6,73,45.6
66,66,1,1.3,6.9,2.3,0,3,2,8,19.4,8.9,87,54.4
67,67,1,8.7,11.1,3,0,1,1,4,18.2,9.8,135,84.4
68,68,1,3.4,5.8,2.7,0,2,3,5,16.6,7.2,82,51.2
69,69,1,2.1,4.8,3.3,0,4,0,7,18.5,6.2,95,59.4
70,70,1,2.8,6.6,3.6,0,7,1,7,16.0,7.8,82,51.2
71,71,1,2.4,5.6,3.4,0,2,0,6,11.5,0.0,97,60.6
72,72,1,1.6,8.5,2.8,0,3,1,9,17.3,16.6,90,56.2
73,73,1,3.6,4.3,3.4,0,4,0,8,23.4,6.4,88,55
74,74,1,4,11.2,3.7,0,3,0,5,12.5,8.8,111,69.4
75,75,1,3.3,8,3.8,0,5,1,11,19.7,5.9,97,60.6
76,76,1,4,7.7,3.7,0,6,2,5,4.1,16.4,74,46.2
77,77,1,3.3,9.1,3.4,0,4,2,7,19.5,11.2,85,53.1
78,78,1,2.3,9.6,2.6,0,2,2,5,13.0,5.6,106,66.2
79,79,1,2.6,7.3,2.8,0,5,1,12,12.9,5.1,91,56.9
80,80,1,4.9,7.8,2.7,0,2,1,6,15.9,12.9,103,64.4
81,81,1,1.4,14.6,3,0,5,0,11,4.0,0.2,101,63.1
82,82,1,2.6,5,4.2,0,1,0,12,15.3,13.0,86,53.8
83,83,1,6.1,4.7,2.9,0,2,4,5,14.6,2.1,101,63.1
84,84,1,4.2,2.2,2.9,0,1,1,4,25.2,17.2,86,53.8
85,85,1,5.2,10.1,3.2,0,3,1,4,13.4,10.6,99,61.9
86,86,1,3.7,11,3.8,0,1,0,5,9.2,9.6,113,70.6
87,87,1,1.7,5.8,2,0,3,1,7,12.2,9.4,97,60.6
88,88,1,2.9,6,2.9,0,6,1,5,20.8,3.3,80,50
89,89,1,3.9,9.4,4.3,0,1,0,12,19.2,7.8,88,55
90,90,1,2.9,8.7,3,0,0,0,8,17.8,17.2,84,52.5
91,91,1,3.3,6,3,0,1,0,11,18.1,10.4,100,62.5
92,92,1,4.1,7.5,2.4,0,1,2,4,16.2,14.6,100,62.5
93,93,1,5.9,3.1,3.1,0,0,2,5,19.3,10.1,104,65
94,94,1,2.8,11.3,3.1,0,1,1,8,14.8,8.1,88,55
95,95,1,6.8,11.7,2.8,0,2,2,5,15.0,7.2,103,64.4
96,96,1,3.7,3.9,3.2,0,1,1,5,14.9,11.2,90,56.2
97,97,1,6.2,14.3,3.3,0,3,0,4,8.7,0.2,110,68.8
98,98,1,6.7,6.6,4.4,0,3,3,6,15.8,15.1,90,56.2
99,99,1,9,3.9,3.2,0,2,0,10,17.7,12.5,108,67.5
100,100,1,6.5,5.8,2.4,0,1,2,11,19.5,18.8,88,55
101,101,1,6.5,3.8,4.5,0,4,2,8,16.3,4.9,74,46.2
102,102,1,8.8,11.2,3.6,0,0,0,5,10.0,16.0,116,72.5
103,103,1,1.1,4.2,4.2,0,4,2,8,12.0,17.4,75,46.9
104,104,1,2,7.8,3.6,0,4,0,9,15.5,5.9,80,50
105,105,1,6.4,11.6,2.2,0,1,0,5,15.6,16.9,104,65
106,106,1,0.7,7.3,3.1,0,3,2,7,17.4,12.2,69,43.1
107,107,1,4.1,10.3,3.1,0,5,0,11,15.1,1.1,106,66.2
108,108,1,4.1,6.4,3.1,0,4,2,7,22.8,9.7,95,59.4
109,109,1,1.3,10.1,2.1,0,3,2,8,15.9,12.7,93,58.1
110,110,1,2.1,9.4,3.9,0,3,0,11,15.4,5.7,95,59.4
111,111,1,5.4,7.2,2.9,0,0,1,10,16.8,16.0,100,62.5
112,112,1,5.1,9.5,2.1,0,2,1,5,9.1,5.7,97,60.6
113,113,1,2.6,6.4,2.9,0,4,1,9,16.7,4.9,82,51.2
114,114,1,2.2,3.1,1.9,0,1,0,12,17.8,12.5,93,58.1
115,115,1,2.4,6.1,2.9,0,3,2,5,30.2,12.2,74,46.2
116,116,1,4.9,3.8,3.4,0,4,2,12,9.5,1.7,106,66.2
117,117,1,1.5,2.3,3.1,0,2,0,9,14.9,11.0,98,61.2
118,118,1,3.8,9.3,3.5,0,5,0,10,15.3,11.9,92,57.5
119,119,1,1.4,6.2,3.5,0,3,0,6,10.7,14.1,84,52.5
120,120,1,6.1,5.8,4.5,0,2,0,4,19.1,6.8,106,66.2
121,121,1,4.2,9,2.5,0,4,0,4,16.8,9.9,113,70.6
122,122,1,7.5,10.2,4.4,0,3,0,9,20.3,8.5,99,61.9
123,123,1,0.7,5,1.6,0,2,1,12,12.0,19.5,90,56.2
124,124,1,0.9,7.8,2.9,0,1,2,9,22.6,6.2,86,53.8
125,125,1,2.5,7.2,3.6,0,3,1,7,8.0,17.7,90,56.2
126,126,1,8.2,9.9,4.2,0,2,2,10,18.1,9.2,101,63.1
127,127,1,1.8,8.5,2,0,5,0,12,27.3,5.4,89,55.6
128,128,1,7.5,6.9,2.7,0,1,0,5,13.5,18.2,105,65.6
129,129,1,4.1,0,3.1,0,3,0,4,13.9,11.5,88,55
130,130,1,4.1,7.6,2.6,0,3,1,12,13.3,10.7,109,68.1
131,131,1,5.5,7.5,3.4,0,7,4,4,12.5,14.2,77,48.1
132,132,1,2,7.5,1.8,0,0,1,11,9.0,12.2,100,62.5
133,133,1,2.5,4.5,1.9,0,1,0,5,13.8,5.2,114,71.2
134,134,1,1.6,16.5,3.4,0,5,4,5,7.7,10.7,88,55
135,135,1,4,4.8,2.7,0,3,0,6,21.3,13.3,84,52.5
136,136,1,9.9,8.5,3.3,0,1,0,6,12.6,14.0,115,71.9
137,137,1,3,10.6,3.1,0,5,1,6,20.8,0.0,99,61.9
138,138,1,5,4.8,3.6,0,4,0,4,10.6,10.5,99,61.9
139,139,1,4.6,7.3,3.3,0,5,1,11,13.5,6.7,91,56.9
140,140,1,4.2,9,2.8,0,3,2,11,17.2,14.3,103,64.4
141,141,1,3.4,0.3,3,0,4,0,10,10.5,13.6,84,52.5
142,142,1,7.7,6.3,3.3,0,2,4,12,14.3,8.1,102,63.8
143,143,1,4,11.2,2.9,0,1,0,12,22.5,12.2,105,65.6
144,144,1,2.8,5.7,1.4,0,3,2,12,5.9,4.1,103,64.4
145,145,1,6.9,13,4.5,0,4,2,7,20.4,20.1,75,46.9
146,146,1,5.9,7.7,2.1,0,3,1,9,20.8,22.2,89,55.6
147,147,1,4.6,5.6,2.7,0,5,2,10,19.3,11.5,87,54.4
148,148,1,3.5,11.4,3.3,0,0,0,9,8.4,15.1,112,70
149,149,1,9,11,4.1,0,1,0,11,6.8,4.9,125,78.1
150,150,1,3.9,7.9,1.5,0,1,3,10,15.9,4.2,110,68.8
151,151,1,2.6,3.3,3.3,0,4,1,7,22.4,15.3,59,36.9
152,152,1,5.4,9.3,4.3,0,4,2,9,17.3,11.8,83,51.9
153,153,1,3.2,10.1,2.6,0,2,3,5,18.9,9.4,85,53.1
154,154,1,3.8,nan,3,0,1,1,12,22.7,10.1,86,53.8
155,155,1,3.1,8.7,2.3,0,3,2,12,12.0,11.8,94,58.8
156,156,1,3.5,5.6,3.6,0,2,1,9,17.9,12.0,85,53.1
157,157,1,1.2,5.7,2.5,0,2,2,10,19.8,8.3,74,46.2
158,158,1,2.3,9.1,3.5,0,5,0,7,17.5,17.4,64,40
159,159,1,2.4,11,3.4,0,0,2,7,25.6,13.7,90,56.2
160,160,1,3.3,5.8,2.7,0,1,1,8,19.3,11.8,92,57.5
161,161,1,4.5,5.5,3.3,0,3,1,6,8.9,13.7,97,60.6
162,162,1,2,9.9,2,0,2,0,4,20.7,6.5,97,60.6
163,163,1,11.2,11,4.3,0,1,0,7,9.4,10.0,127,79.4
164,164,1,3.5,10.5,2.1,0,3,0,10,20.3,5.8,102,63.8
165,165,1,4.8,9.2,2.1,0,1,3,6,23.2,6.7,93,58.1
166,166,1,1.9,nan,4.3,0,3,0,10,17.5,12.9,99,61.9
167,167,1,2.2,9,3.4,0,2,2,9,10.8,6.1,90,56.2
168,168,1,9,12.4,3.8,0,3,1,7,21.4,6.7,104,65
169,169,1,5.5,11.1,3.5,0,6,2,10,16.4,6.3,92,57.5
170,170,1,3.5,nan,2.4,0,4,3,11,11.9,12.0,72,45
171,171,1,1.5,6.4,2,0,2,1,12,21.1,10.5,88,55
172,172,1,8.8,8.2,4.1,0,2,0,10,20.6,8.8,127,79.4
173,173,1,2.1,11.6,2.7,0,3,2,4,13.5,7.3,95,59.4
174,174,1,2.9,4.9,3.1,0,5,2,7,13.6,4.9,72,45
175,175,1,3.5,4,3.1,0,4,3,8,10.4,13.7,82,51.2
176,176,1,4.8,6.7,2.3,0,0,2,4,13.3,7.8,98,61.2
177,177,1,3.9,6.4,4.1,0,3,4,7,16.0,9.9,70,43.8
178,178,1,3.8,9.1,3.4,0,1,0,5,19.8,13.9,92,57.5
179,179,1,10.6,6.4,2.9,0,1,3,8,18.0,11.4,106,66.2
180,180,1,4.1,9.5,2.9,0,0,1,5,21.0,15.3,100,62.5
181,181,1,5,11.5,4,0,2,3,6,15.7,11.3,89,55.6
182,182,1,1.4,7.5,3.7,0,7,1,6,24.1,7.6,66,41.2
183,183,1,6,7.2,2,0,0,0,12,15.5,20.2,113,70.6
184,184,1,1.1,5.8,3.4,0,5,0,8,27.8,9.5,85,53.1
185,185,1,2.6,12.7,2.1,0,2,0,9,17.7,8.2,112,70
186,186,1,12.5,7.6,3.2,0,0,0,12,13.4,15.8,122,76.2
187,187,1,2.4,6.1,4.7,0,5,0,4,7.6,7.9,90,56.2
188,188,1,3.9,6.7,2.4,0,3,0,6,19.2,12.7,97,60.6
189,189,1,1.8,11.2,3,0,3,2,7,17.0,22.4,77,48.1
190,190,1,1.8,6.9,2.4,0,1,1,12,20.4,10.0,90,56.2
191,191,1,7.2,9,2.7,0,4,1,10,19.9,10.5,96,60
192,192,1,2.9,6.1,1.3,0,0,1,10,17.0,12.1,101,63.1
193,193,1,3.7,5.1,2.8,0,1,1,7,11.3,14.0,99,61.9
194,194,1,3.2,6.2,3.4,0,0,1,11,8.7,3.8,94,58.8
195,195,1,1.4,8.6,3.1,0,0,1,5,17.5,5.3,78,48.8
196,196,1,3.5,6.1,4,0,5,2,7,19.8,7.1,76,47.5
197,197,1,7,9.1,2.6,0,1,1,7,19.7,5.8,100,62.5
198,198,1,2.4,6.9,3,0,1,1,4,10.4,8.6,92,57.5
199,199,1,5,5.7,2.6,0,2,1,4,15.7,11.1,105,65.6
200,200,1,7.1,10.6,2.9,0,3,1,11,14.2,2.8,121,75.6
201,201,1,1.7,7.4,3.1,0,6,1,12,12.9,5.7,72,45
202,202,1,6.3,7.2,2.9,0,0,2,6,18.6,12.0,96,60
203,203,1,0.9,10.2,2.7,0,3,1,4,17.2,14.5,85,53.1
204,204,1,5.7,14.1,3.5,0,3,1,5,8.1,0.5,112,70
205,205,1,3.1,9.5,3.6,0,3,1,4,18.7,14.2,85,53.1
206,206,1,1.8,6.9,1.5,0,2,2,11,18.1,13.0,96,60
207,207,1,3.6,1.7,2.8,0,0,2,4,21.9,14.5,89,55.6
208,208,1,2.6,3.6,2.5,0,2,1,10,21.2,15.4,90,56.2
209,209,1,1.1,4.6,3.5,0,5,3,11,12.3,22.5,51,31.9
210,210,1,6.9,3.3,3.8,0,4,1,5,10.4,7.7,95,59.4
211,211,1,7.2,14.9,3.3,0,1,2,6,21.4,13.1,96,60
212,212,1,1.9,9.7,2.9,0,1,0,6,21.3,11.0,87,54.4
213,213,1,3,6,2.8,0,4,1,10,17.8,9.6,90,56.2
214,214,1,2.8,7.9,3.1,0,3,0,12,34.1,15.7,95,59.4
215,215,1,3.3,9.3,2.2,0,1,0,10,15.5,1.3,121,75.6
216,216,1,1.6,9.6,2.9,0,3,1,6,21.2,6.1,90,56.2
217,217,1,6.6,10.5,2.5,0,0,0,10,22.1,17.2,112,70
218,218,1,4,6.9,2.3,0,0,1,10,18.1,13.2,109,68.1
219,219,1,2.1,14.2,2.8,0,2,2,7,13.6,7.5,97,60.6
220,220,1,2.9,nan,1.9,0,1,0,5,14.7,8.7,94,58.8
221,221,1,2.4,8.4,2.6,0,5,0,6,18.5,12.7,96,60
222,222,1,3.5,7.9,2,0,0,0,11,10.2,9.6,119,74.4
223,223,1,5.6,8.3,2.8,0,0,1,8,16.8,18.2,99,61.9
224,224,1,5.7,14.5,3.3,0,2,0,5,16.2,12.8,99,61.9
225,225,1,1.9,10.2,3.4,0,4,1,12,18.3,16.4,75,46.9
226,226,1,4.1,7.6,3.6,0,1,0,8,25.3,18.9,107,66.9
227,227,1,2.2,9,2.8,0,3,2,7,5.2,10.9,94,58.8
228,228,1,1.1,8.2,3.1,0,5,2,4,16.2,7.1,89,55.6
229,229,1,1.9,6.2,2.7,0,1,0,9,7.0,12.1,102,63.8
230,230,1,3.9,6.6,4.4,0,3,1,8,10.0,4.7,99,61.9
231,231,1,1.3,9.8,3.2,0,6,1,5,21.4,20.2,78,48.8
232,232,1,2.4,8.6,3.3,0,2,1,11,16.8,11.3,87,54.4
233,233,1,5,5.9,2.1,0,2,1,8,9.1,7.6,110,68.8
234,234,1,2.5,11.2,3.3,0,0,1,4,9.4,3.2,112,70
235,235,1,2.4,9.8,3.1,0,4,1,5,21.1,16.4,80,50
236,236,1,2.1,7,2.1,0,3,0,6,11.4,12.9,102,63.8
237,237,1,1,8.5,2.1,0,2,1,10,15.9,7.0,98,61.2
238,238,1,3.3,11,3.8,0,4,0,10,14.5,10.8,98,61.2
239,239,1,3.9,9.9,2.9,0,0,1,11,14.4,5.3,96,60
240,240,1,4.1,11.5,3.7,0,2,1,9,29.1,13.2,83,51.9
241,241,1,2,10.4,2.3,0,2,0,12,19.2,12.2,100,62.5
242,242,1,2,nan,3.8,0,3,1,6,12.9,7.8,77,48.1
243,243,1,6.1,9.8,3.2,0,6,0,9,8.0,19.5,89,55.6
244,244,1,2.1,4.7,2.4,0,3,0,9,15.2,5.5,100,62.5
245,245,1,3.2,5.9,4,0,4,1,7,12.2,4.1,83,51.9
246,246,1,0.5,5.6,2.4,0,8,0,8,18.5,5.2,83,51.9
247,247,1,1.9,7.7,2.7,0,4,0,10,13.4,6.1,85,53.1
248,248,1,1.9,11,2.8,0,3,1,11,15.4,15.7,91,56.9
249,249,1,1.3,4.8,3,0,4,3,12,17.4,15.6,75,46.9
250,250,1,8.4,7.7,3.9,0,4,0,6,18.0,9.2,112,70
251,1,2,4.1,8.2,2.2,0,2,1,6,8.4,13.5,110,68.8
252,2,2,3.4,11,3.2,0,4,2,4,10.7,6.8,103,64.4
253,3,2,3.1,6.8,3.2,0,1,2,5,12.3,8.0,96,60
254,4,2,4.2,5,3.5,0,2,2,10,14.2,10.1,80,50
255,5,2,3,9.8,2.8,0,0,1,9,26.1,10.1,94,58.8
256,6,2,5.4,9,2.1,0,2,0,6,16.3,2.0,119,74.4
257,7,2,4.3,4.1,3.1,0,1,2,7,8.8,10.1,96,60
258,8,2,4,nan,3,0,1,1,9,23.5,10.9,98,61.2
259,9,2,1.6,6.1,2.3,0,2,0,7,20.0,9.6,98,61.2
260,10,2,1.1,13.9,1.1,0,3,2,7,27.3,14.1,94,58.8
261,11,2,1.7,10.9,3.9,0,3,1,6,23.5,12.7,73,45.6
262,12,2,4.5,6.6,4.1,0,3,0,9,11.8,12.7,77,48.1
263,13,2,4,8,2.9,0,1,1,12,12.6,5.5,103,64.4
264,14,2,1.4,5.6,2.6,0,2,0,6,22.2,10.4,93,58.1
265,15,2,4.5,7.7,3.4,0,2,1,6,11.4,12.0,100,62.5
266,16,2,2.4,12,2.8,0,2,0,8,19.2,6.3,96,60
267,17,2,2.4,2.5,3.1,0,3,2,5,20.5,11.1,76,47.5
268,18,2,6.7,6.2,1.8,0,0,0,8,10.0,9.8,126,78.8
269,19,2,3.8,8.2,3.6,0,4,2,11,15.9,7.3,81,50.6
270,20,2,4.2,7.1,3.6,0,1,2,9,2.0,6.8,94,58.8
271,21,2,4.3,6.7,1.5,0,0,2,5,13.1,13.2,98,61.2
272,22,2,1.4,10.3,1.7,0,1,1,5,13.9,4.5,106,66.2
273,23,2,4.4,4.5,3,0,1,0,4,9.2,10.9,105,65.6
274,24,2,11.3,11.2,2.5,0,1,0,12,23.7,6.1,131,81.9
275,25,2,1.8,10.1,2.2,0,3,1,7,8.2,13.9,98,61.2
276,26,2,5.7,4.9,1.7,0,2,1,6,13.4,19.7,109,68.1
277,27,2,6,7.8,3.2,0,3,1,11,13.7,3.6,110,68.8
278,28,2,6,8.6,4.2,0,3,0,6,20.4,9.5,108,67.5
279,29,2,2.6,9,3.4,0,1,1,6,10.1,7.9,89,55.6
280,30,2,3.1,10,3.2,0,0,2,6,23.3,15.6,88,55
281,31,2,1.8,11,1.4,0,1,1,7,16.4,5.2,104,65
282,32,2,3.6,11.9,2.9,0,2,1,4,11.2,12.0,100,62.5
283,33,2,7.6,6.5,3.6,0,1,1,9,18.2,6.3,104,65
284,34,2,2.4,7.1,2.7,0,2,4,7,18.5,10.5,73,45.6
285,35,2,0.9,5.4,3.4,0,2,0,12,10.2,3.0,98,61.2
286,36,2,3.8,6.1,3.1,0,0,1,10,11.9,9.0,117,73.1
287,37,2,6,4,2.4,0,2,0,7,13.6,6.3,109,68.1
288,38,2,3.2,nan,2.9,0,1,0,10,6.0,4.9,99,61.9
289,39,2,9.1,10.9,4.2,0,0,1,11,20.9,16.4,92,57.5
290,40,2,3.4,10.5,2.8,0,0,0,5,19.9,9.1,105,65.6
291,41,2,3.8,6.4,3.4,0,2,2,5,23.8,9.4,87,54.4
292,42,2,1.9,5.3,3.5,0,4,1,5,10.3,11.1,78,48.8
293,43,2,3.1,10.8,4.4,0,4,1,4,30.4,10.5,65,40.6
294,44,2,5.9,8.5,3.1,0,3,1,6,9.0,13.6,89,55.6
295,45,2,6,12.3,3.6,0,5,0,11,15.8,17.1,96,60
296,46,2,7.3,10.8,2.7,0,3,1,10,17.6,5.6,113,70.6
297,47,2,5.7,10.1,3.7,0,2,0,7,16.9,14.4,105,65.6
298,48,2,5,14.9,3.3,0,4,1,8,11.2,14.6,106,66.2
299,49,2,0.9,3.7,3.5,0,3,0,10,13.8,5.6,86,53.8
300,50,2,2.3,5.6,2.9,0,2,0,12,15.2,5.8,86,53.8
301,51,2,12.5,9.7,3.1,0,0,1,6,14.3,12.3,123,76.9
302,52,2,2.7,14.9,1.8,0,1,1,9,18.4,6.0,116,72.5
303,53,2,5.4,6.6,3.4,0,3,0,9,19.3,19.5,91,56.9
304,54,2,3.6,8.9,3.1,0,3,1,9,12.7,10.4,92,57.5
305,55,2,5.5,6.8,2.3,0,1,0,11,22.0,8.5,103,64.4
306,56,2,3.9,11.9,3.1,0,2,0,10,18.3,6.1,99,61.9
307,57,2,2,7.2,2.4,0,3,0,7,22.3,17.1,85,53.1
308,58,2,2.3,6.4,1.7,0,1,1,10,15.6,4.4,115,71.9
309,59,2,4.6,11.1,2.6,0,1,0,4,11.5,9.8,113,70.6
310,60,2,2.8,12.2,2.7,0,1,1,7,14.3,14.9,97,60.6
311,61,2,0.9,9.9,3.1,0,2,0,5,17.3,5.5,103,64.4
312,62,2,5,10.8,2.8,0,3,1,6,21.2,12.1,91,56.9
313,63,2,6.5,8.6,3.8,0,2,0,12,15.8,9.9,103,64.4
314,64,2,6.2,7.6,4.7,0,2,0,7,21.3,17.5,75,46.9
315,65,2,6.3,7.9,4,0,2,0,4,24.6,14.6,91,56.9
316,66,2,1.4,7.5,3.2,0,3,0,8,16.2,12.4,75,46.9
317,67,2,8.8,3.9,4.2,0,2,0,4,16.7,8.3,112,70
318,68,2,3.4,12,3.2,0,1,1,5,14.3,7.5,103,64.4
319,69,2,2.1,9.8,2.6,0,0,1,7,14.0,2.8,104,65
320,70,2,2.9,11.8,2.6,0,3,2,7,19.7,9.4,99,61.9
321,71,2,2.4,13.5,2.9,0,3,1,6,16.2,14.1,111,69.4
322,72,2,1.7,nan,2,0,2,1,9,23.0,10.1,102,63.8
323,73,2,3.7,3.1,3.2,0,4,0,8,22.1,8.7,79,49.4
324,74,2,4.1,10.9,2.8,0,1,1,5,22.6,6.9,102,63.8
325,75,2,3.3,2.6,3.2,0,3,1,11,12.7,3.3,99,61.9
326,76,2,4.1,12,2.7,0,3,0,5,17.1,10.8,114,71.2
327,77,2,3.4,4,2.4,0,2,0,7,16.1,13.8,92,57.5
328,78,2,2.4,11.2,1.4,0,2,2,5,15.2,7.1,111,69.4
329,79,2,2.7,10.9,3,0,3,2,12,17.0,7.9,80,50
330,80,2,5,10.1,3.6,0,2,1,6,16.6,10.4,97,60.6
331,81,2,1.5,8.7,3.7,0,4,0,11,15.9,0.7,96,60
332,82,2,2.7,7.7,1.9,0,2,0,12,13.3,12.4,97,60.6
333,83,2,6.2,8.9,3.6,0,2,4,5,26.8,13.8,84,52.5
334,84,2,4.3,4,3.4,0,2,1,4,11.2,4.9,91,56.9
335,85,2,5.3,6,3.2,0,2,0,4,10.6,4.2,100,62.5
336,86,2,3.7,4.9,2.9,0,1,1,5,21.2,16.1,98,61.2
337,87,2,1.8,9.6,2.6,0,1,1,7,21.1,8.6,91,56.9
338,88,2,3,7.7,3.1,0,2,1,5,19.7,15.3,90,56.2
339,89,2,4,11.9,3.3,0,3,1,12,18.4,8.8,97,60.6
340,90,2,3,7.5,3.4,0,4,2,8,12.8,6.3,94,58.8
341,91,2,3.4,7.3,2.7,0,1,2,11,11.7,12.0,93,58.1
342,92,2,4.1,13.4,3.7,0,3,2,4,15.8,5.5,93,58.1
343,93,2,6,9,3.6,0,0,2,5,14.0,11.6,95,59.4
344,94,2,2.9,5.5,3.1,0,4,0,8,22.5,10.5,81,50.6
345,95,2,6.9,5.9,2.2,0,0,1,5,16.4,5.6,109,68.1
346,96,2,3.7,11.2,4.4,0,2,0,5,11.1,10.3,98,61.2
347,97,2,6.3,nan,3.7,0,1,0,4,20.5,13.1,123,76.9
348,98,2,6.8,4,2.4,0,0,1,6,12.9,7.4,117,73.1
349,99,2,9.1,13.2,4.5,0,2,1,10,17.5,8.6,108,67.5
350,100,2,6.6,10.1,3.4,0,2,0,11,16.5,8.3,93,58.1
351,101,2,6.6,9.7,2.6,0,1,0,8,13.1,18.0,110,68.8
352,102,2,8.9,3.6,4.6,0,1,0,5,17.8,14.1,101,63.1
353,103,2,1.2,13.5,3,0,0,3,8,18.0,14.4,86,53.8
354,104,2,2.1,9,4,0,4,1,9,12.5,7.8,84,52.5
355,105,2,6.5,6.8,3.7,0,1,0,5,18.4,7.5,85,53.1
356,106,2,0.8,8.9,3.3,0,5,2,7,15.4,16.5,81,50.6
357,107,2,4.2,6.6,2.1,0,2,2,11,11.8,13.0,84,52.5
358,108,2,4.2,8,3.6,0,2,0,7,7.2,5.0,106,66.2
359,109,2,1.4,12.2,2.6,0,4,0,8,14.1,13.6,87,54.4
360,110,2,2.1,10.7,2.4,0,3,0,11,17.5,17.7,87,54.4
361,111,2,5.5,9.5,2.8,0,2,1,10,16.3,8.8,108,67.5
362,112,2,5.2,9.6,2.8,0,3,1,5,27.1,19.3,83,51.9
363,113,2,2.7,5.4,3.6,0,2,1,9,20.0,14.4,86,53.8
364,114,2,2.3,8.4,1.3,0,0,1,12,17.3,7.8,98,61.2
365,115,2,2.5,6.2,2.5,0,1,1,5,16.9,8.2,92,57.5
366,116,2,5,2.1,1.8,0,0,1,12,7.4,10.7,122,76.2
367,117,2,1.5,9.4,2.3,0,4,0,9,15.3,0.0,96,60
368,118,2,3.9,4.5,2.3,0,1,0,10,14.1,9.2,106,66.2
369,119,2,1.5,4.1,2.4,0,4,0,6,14.2,1.0,103,64.4
370,120,2,6.2,6,2.6,0,3,0,4,10.6,6.9,112,70
371,121,2,4.3,10.5,2,0,0,0,4,16.0,6.2,127,79.4
372,122,2,7.6,7.3,2.8,0,1,1,9,22.7,7.7,113,70.6
373,123,2,0.8,4.8,2.4,0,1,3,12,15.4,7.7,81,50.6
374,124,2,0.9,nan,2.4,0,4,0,9,14.1,13.5,89,55.6
375,125,2,2.6,10.2,2.8,0,0,1,7,17.4,4.7,103,64.4
376,126,2,8.3,11.2,3.9,0,1,1,10,18.2,18.3,113,70.6
377,127,2,1.8,6.7,2.6,0,2,2,12,13.6,17.5,88,55
378,128,2,7.5,5,3.6,0,1,0,5,18.5,6.6,101,63.1
379,129,2,4.2,7.3,3.2,0,3,2,4,16.0,16.5,89,55.6
380,130,2,4.2,6.1,3.2,0,4,2,12,13.8,5.8,95,59.4
381,131,2,5.6,7.7,2.7,0,3,1,4,11.9,10.4,102,63.8
382,132,2,2,7.7,3,0,1,0,11,17.8,11.5,89,55.6
383,133,2,2.6,14.3,2.2,0,2,1,5,19.4,8.2,99,61.9
384,134,2,1.7,7.4,3,0,3,0,5,20.4,11.5,102,63.8
385,135,2,4.1,6.4,2.5,0,1,0,6,20.7,10.7,105,65.6
386,136,2,10,10.5,2.5,0,1,1,6,26.5,7.9,122,76.2
387,137,2,3.1,5.8,3.8,0,7,0,6,10.2,2.9,87,54.4
388,138,2,5.1,8.7,3.9,0,2,0,4,19.6,5.4,102,63.8
389,139,2,4.7,9.9,2.6,0,1,1,11,16.8,3.1,105,65.6
390,140,2,4.3,3,2.4,0,3,1,11,23.8,7.5,105,65.6
391,141,2,3.5,9,3.2,0,3,1,10,9.4,2.5,103,64.4
392,142,2,7.8,6.2,4.1,0,2,2,12,8.8,5.8,107,66.9
393,143,2,4.1,9.6,3,0,3,2,12,15.2,18.0,81,50.6
394,144,2,2.9,1.5,3.6,0,2,0,12,5.6,15.3,87,54.4
395,145,2,6.9,8.3,4.9,0,6,2,7,18.1,14.6,58,36.2
396,146,2,6,9.6,2.2,0,1,3,9,12.9,10.3,100,62.5
397,147,2,4.6,7.9,3.6,0,5,1,10,20.8,22.2,68,42.5
398,148,2,3.6,7.6,4.3,0,6,3,9,17.4,11.9,68,42.5
399,149,2,9,12.7,4.9,0,5,1,11,23.6,7.0,101,63.1
400,150,2,3.9,8.4,1.7,0,1,0,10,22.4,6.1,103,64.4
401,151,2,2.7,10.6,3.5,0,5,2,7,19.1,17.6,54,33.8
402,152,2,5.5,5.4,3.8,0,0,0,9,10.3,12.2,108,67.5
403,153,2,3.3,1.8,2.7,0,0,0,5,20.3,9.3,92,57.5
404,154,2,3.9,10.6,4.3,0,4,0,12,9.9,11.7,87,54.4
405,155,2,3.2,6.1,2.7,0,1,2,12,23.1,6.6,99,61.9
406,156,2,3.6,9.9,3.1,0,0,1,9,25.8,13.1,83,51.9
407,157,2,1.3,6.1,2.3,0,2,1,10,16.8,3.0,77,48.1
408,158,2,2.3,8.6,2,0,3,1,7,9.5,11.3,88,55
409,159,2,2.5,nan,2.4,0,1,1,7,17.5,7.0,78,48.8
410,160,2,3.4,2.4,3.9,0,3,0,8,23.0,14.5,83,51.9
411,161,2,4.6,1.7,3.8,0,4,1,6,15.4,7.5,82,51.2
412,162,2,2.1,8,2.5,0,2,0,4,24.2,12.5,89,55.6
413,163,2,11.3,7.2,4.7,0,1,1,7,8.7,7.2,107,66.9
414,164,2,3.6,10.2,2.2,0,1,1,10,13.9,12.5,101,63.1
415,165,2,4.9,4.8,3.1,0,2,0,6,19.9,13.1,83,51.9
416,166,2,1.9,7.1,3.9,0,5,0,10,15.8,5.9,81,50.6
417,167,2,2.3,7,3.1,0,5,0,9,14.5,16.6,83,51.9
418,168,2,9.1,4.8,4.1,0,4,1,7,18.6,13.5,98,61.2
419,169,2,5.6,6.2,2.7,0,1,0,10,9.1,6.1,115,71.9
420,170,2,3.6,8.9,3.1,0,2,2,11,16.7,13.5,84,52.5
421,171,2,1.6,6.9,3.7,0,4,1,12,19.2,15.1,66,41.2
422,172,2,8.9,15,3.7,0,2,2,10,19.8,13.8,102,63.8
423,173,2,2.2,5.6,1.9,0,4,2,4,22.9,6.5,72,45
424,174,2,3,2,3.4,0,4,1,7,11.2,15.2,77,48.1
425,175,2,3.6,3.7,2.1,0,1,0,8,10.1,9.6,97,60.6
426,176,2,4.9,6.2,3.4,0,3,0,4,20.1,6.4,106,66.2
427,177,2,4,4.4,2.4,0,2,0,7,17.1,20.8,103,64.4
428,178,2,3.9,11.2,3.5,0,0,1,5,13.6,12.2,96,60
429,179,2,10.6,4.9,4.2,0,1,2,8,22.4,7.0,108,67.5
430,180,2,4.2,11.5,2.7,0,0,1,5,14.8,0.0,115,71.9
431,181,2,5.1,5.1,2.8,0,1,1,6,24.2,18.3,90,56.2
432,182,2,1.5,11,3.1,0,3,0,6,20.5,8.6,75,46.9
433,183,2,6.1,11.8,2.9,0,2,0,12,24.1,3.9,118,73.8
434,184,2,1.2,8.1,2.2,0,1,2,8,23.2,7.1,97,60.6
435,185,2,2.6,4.1,2.7,0,3,0,9,13.1,14.6,99,61.9
436,186,2,12.6,nan,3.8,0,0,0,12,10.7,4.5,124,77.5
437,187,2,2.5,8.3,4.2,0,4,3,4,16.5,8.7,89,55.6
438,188,2,3.9,5.9,3.5,0,2,4,6,19.3,9.3,77,48.1
439,189,2,1.9,6.6,4.3,0,5,1,7,22.7,11.3,72,45
440,190,2,1.9,2.8,2.6,0,3,1,12,11.9,8.5,82,51.2
441,191,2,7.3,11.6,3.3,0,3,0,10,19.0,10.3,110,68.8
442,192,2,3,7.8,1,0,2,0,10,19.0,8.6,119,74.4
443,193,2,3.8,11.8,2.7,0,4,2,7,9.1,15.9,85,53.1
444,194,2,3.3,11.2,3.5,0,2,1,11,10.8,14.6,91,56.9
445,195,2,1.5,16.8,2.6,0,4,2,5,7.4,13.5,85,53.1
446,196,2,3.6,9.3,3.6,0,5,1,7,14.1,8.1,87,54.4
447,197,2,7.1,8.1,4.5,0,4,1,7,20.5,14.0,86,53.8
448,198,2,2.5,11.2,3.2,0,2,2,4,24.1,10.1,86,53.8
449,199,2,5.1,6.6,3.1,0,3,1,4,15.3,4.5,100,62.5
450,200,2,7.2,8.1,3.3,0,4,1,11,20.8,5.4,111,69.4
451,201,2,1.8,6,3.1,0,2,1,12,9.4,10.7,86,53.8
452,202,2,6.4,nan,2.6,0,3,1,6,13.2,5.2,100,62.5
453,203,2,1,5.8,2,0,3,1,4,9.3,15.7,83,51.9
454,204,2,5.7,7.3,4.2,0,6,0,5,12.5,6.2,101,63.1
455,205,2,3.2,10.9,3,0,3,0,4,18.3,5.4,97,60.6
456,206,2,1.9,5.1,2.9,0,2,2,11,17.4,11.9,76,47.5
457,207,2,3.7,nan,4,0,2,1,4,15.1,7.9,97,60.6
458,208,2,2.7,9.9,3.2,0,0,1,10,7.1,11.6,93,58.1
459,209,2,1.2,9.6,3.1,0,1,0,11,19.2,14.5,79,49.4
460,210,2,7,5.7,2.7,0,0,1,5,11.9,16.2,101,63.1
461,211,2,7.3,10.1,3.5,0,5,3,6,21.2,16.2,80,50
462,212,2,2,10.6,3.6,0,1,0,6,18.0,7.5,95,59.4
463,213,2,3.1,5.5,3.5,0,2,0,10,12.1,8.3,89,55.6
464,214,2,2.9,8.6,3.6,0,2,1,12,13.9,6.1,87,54.4
465,215,2,3.4,5.2,3,0,2,0,10,9.2,11.5,103,64.4
466,216,2,1.7,6.5,2.8,0,2,1,6,19.3,19.7,74,46.2
467,217,2,6.7,5.8,2.8,0,1,0,10,18.0,6.2,121,75.6
468,218,2,4.1,12,2.5,0,3,1,10,7.4,5.4,117,73.1
469,219,2,2.1,6.4,2.7,0,3,2,7,18.5,16.2,84,52.5
470,220,2,2.9,4,4,0,2,3,5,13.3,11.8,75,46.9
471,221,2,2.5,4.7,3.2,0,0,0,6,11.0,10.7,102,63.8
472,222,2,3.6,9.5,3.9,0,1,0,11,13.8,3.3,104,65
473,223,2,5.7,nan,4.1,0,0,0,8,19.9,12.5,90,56.2
474,224,2,5.8,8.3,3.4,0,1,2,5,16.1,17.8,76,47.5
475,225,2,2,5.2,2.3,0,4,2,12,12.6,5.8,85,53.1
476,226,2,4.2,5.2,3.4,0,5,1,8,8.1,3.5,93,58.1
477,227,2,2.2,9.7,1.9,0,4,0,7,23.8,7.1,106,66.2
478,228,2,1.2,7.4,4.2,0,6,1,4,15.9,7.3,71,44.4
479,229,2,2,7.3,1.7,0,2,0,9,10.8,7.6,110,68.8
480,230,2,3.9,8.9,3.7,0,2,0,8,15.3,2.2,104,65
481,231,2,1.4,6.4,2,0,3,0,5,13.5,12.4,104,65
482,232,2,2.5,6.9,2.6,0,1,0,11,16.7,16.7,92,57.5
483,233,2,5.1,9,1.6,0,3,2,8,17.2,0.3,110,68.8
484,234,2,2.6,7.3,2.8,0,2,1,4,19.3,13.6,95,59.4
485,235,2,2.5,12.2,3.1,0,8,0,5,13.5,7.1,84,52.5
486,236,2,2.1,10.7,2.8,0,1,2,6,12.5,12.7,96,60
487,237,2,1.1,10.5,1,0,3,2,10,13.6,9.0,100,62.5
488,238,2,3.3,7.8,1.6,0,0,0,10,4.2,9.9,115,71.9
489,239,2,4,5.8,5,0,5,2,11,11.3,12.0,57,35.6
490,240,2,4.2,5.6,2.7,0,2,0,9,24.1,16.7,94,58.8
491,241,2,2,14.1,2.4,0,2,0,12,23.8,4.7,104,65
492,242,2,2.1,6.6,3.2,0,1,1,6,11.0,8.7,107,66.9
493,243,2,6.2,4.7,3.3,0,1,3,9,19.1,14.8,90,56.2
494,244,2,2.2,8.6,2.8,0,1,2,9,13.3,8.7,109,68.1
495,245,2,3.3,11.8,2.3,0,2,1,7,29.1,17.7,110,68.8
496,246,2,0.6,8.8,2.6,0,4,2,8,22.1,8.5,77,48.1
497,247,2,2,4.6,2.9,0,1,0,10,15.6,14.4,93,58.1
498,248,2,2,4.4,2.2,0,3,1,11,10.4,9.1,93,58.1
499,249,2,1.4,6.6,3.2,0,2,3,12,4.6,11.7,92,57.5
500,250,2,8.5,7.3,3.1,0,1,2,6,16.9,9.8,107,66.9
501,1,3,4.2,5.3,3.2,0,4,0,6,11.3,7.6,97,60.6
502,2,3,3.5,6.2,2.4,0,1,3,4,9.9,16.3,88,55
503,3,3,3.2,13,1.9,0,0,0,5,11.4,6.5,122,76.2
504,4,3,4.3,8.4,3.6,0,6,0,10,10.3,4.1,89,55.6
505,5,3,3.1,12.5,3.2,0,1,0,9,25.3,8.8,98,61.2
506,6,3,5.5,8.8,3.7,0,1,0,6,23.3,15.4,91,56.9
507,7,3,4.4,11,3.3,0,1,0,7,19.2,19.0,91,56.9
508,8,3,4.1,10.2,3.1,0,0,0,9,20.6,7.7,118,73.8
509,9,3,1.7,12.6,4.1,0,1,0,7,17.6,16.5,88,55
510,10,3,1.1,5.8,1.5,0,2,3,7,11.1,3.8,90,56.2
511,11,3,1.8,9.8,2.3,0,1,2,6,24.4,9.0,90,56.2
512,12,3,4.6,6.8,1.5,0,1,0,9,21.9,12.4,99,61.9
513,13,3,4,2.4,3.2,0,2,1,12,11.2,10.0,88,55
514,14,3,1.5,5.6,2.5,0,2,1,6,17.6,13.0,79,49.4
515,15,3,4.5,6.8,2.6,0,2,1,6,15.8,17.1,82,51.2
516,16,3,2.5,8,2.5,0,2,1,8,11.8,10.9,84,52.5
517,17,3,2.5,5,3.2,0,1,2,5,20.8,10.7,85,53.1
518,18,3,6.7,8.5,3.1,0,0,0,8,24.6,9.0,116,72.5
519,19,3,3.9,5.1,3.6,0,2,0,11,7.8,5.0,99,61.9
520,20,3,4.3,11.4,3,0,2,3,9,16.7,7.3,100,62.5
521,21,3,4.4,12.9,1.8,0,1,1,5,10.0,6.7,125,78.1
522,22,3,1.4,11.9,3.2,0,3,0,5,7.4,3.1,120,75
523,23,3,4.5,7.4,2.4,0,3,0,4,13.7,11.0,101,63.1
524,24,3,11.3,4.4,3.5,0,2,1,12,12.2,11.0,109,68.1
525,25,3,1.9,14,3.9,0,1,0,7,18.5,10.2,87,54.4
526,26,3,5.8,9.7,3.3,0,5,1,6,11.2,14.8,97,60.6
527,27,3,6.1,2.7,2.6,0,1,1,11,18.5,6.5,97,60.6
528,28,3,6,9.1,3.7,0,4,2,6,15.1,6.4,92,57.5
529,29,3,2.7,4.5,3.8,0,4,3,6,15.8,22.6,66,41.2
530,30,3,3.1,4.8,3.2,0,1,5,6,11.8,5.6,74,46.2
531,31,3,1.9,10.4,3.4,0,3,1,7,16.9,8.1,71,44.4
532,32,3,3.7,14.4,3.6,0,7,0,4,17.4,10.9,99,61.9
533,33,3,7.7,6.5,3.3,0,0,0,9,19.4,2.2,109,68.1
534,34,3,2.5,4.3,1.7,0,3,1,7,13.8,12.1,83,51.9
535,35,3,1,7.7,2.5,0,2,0,12,12.9,15.7,109,68.1
536,36,3,3.9,10.3,3.7,0,2,1,10,16.9,0.6,105,65.6
537,37,3,6.1,15.2,3.2,0,0,1,7,5.4,0.0,124,77.5
538,38,3,3.3,4.6,1.6,0,1,0,10,18.0,3.5,109,68.1
539,39,3,9.2,11.5,4.6,0,4,2,11,11.3,12.2,101,63.1
540,40,3,3.5,7,3,0,1,0,5,16.9,12.8,109,68.1
541,41,3,3.9,12.6,3.1,0,0,1,5,14.0,9.3,98,61.2
542,42,3,2,10.4,2.9,0,3,0,5,8.5,14.4,90,56.2
543,43,3,3.2,6.9,3.3,0,3,1,4,8.1,16.0,89,55.6
544,44,3,6,11.6,2,0,0,2,6,19.5,20.6,99,61.9
545,45,3,6,2.4,3.3,0,4,1,11,16.8,8.9,91,56.9
546,46,3,7.3,6.9,4.1,0,2,2,10,15.1,3.8,78,48.8
547,47,3,5.8,5.7,3.8,0,2,0,7,23.2,10.6,81,50.6
548,48,3,5.1,9.9,3.7,0,3,0,8,7.6,8.0,100,62.5
549,49,3,1,13.2,4,0,1,1,10,15.4,8.4,89,55.6
550,50,3,2.3,5.4,3.7,0,5,0,12,8.7,8.3,86,53.8
551,51,3,12.6,5.8,3.4,0,0,3,6,11.0,12.7,122,76.2
552,52,3,2.8,11.1,3.7,0,2,0,9,15.8,14.8,97,60.6
553,53,3,5.5,6.6,2.8,0,1,1,9,12.0,9.7,102,63.8
554,54,3,3.7,9,3.5,0,1,0,9,17.3,17.7,86,53.8
555,55,3,5.6,2.2,4.2,0,2,0,11,19.1,9.8,99,61.9
556,56,3,4,13.5,3.7,0,2,1,10,15.8,12.8,85,53.1
557,57,3,2.1,4.2,4.5,0,0,0,7,22.5,16.0,76,47.5
558,58,3,2.4,8.4,2.7,0,3,1,10,7.2,7.3,105,65.6
559,59,3,4.7,13.5,3.4,0,3,1,4,18.1,17.9,101,63.1
560,60,3,2.9,11.4,2.7,0,1,0,7,21.8,2.7,110,68.8
561,61,3,1,14,2.3,0,1,1,5,4.4,8.3,99,61.9
562,62,3,5.1,9.2,3.4,0,0,0,6,15.3,12.6,94,58.8
563,63,3,6.6,10.8,2.5,0,2,0,12,20.5,13.7,106,66.2
564,64,3,6.3,13.3,3.4,0,2,1,7,14.9,15.1,106,66.2
565,65,3,6.4,9.6,3.4,0,4,0,4,19.6,11.8,94,58.8
566,66,3,1.5,7.2,1.4,0,3,1,8,16.0,7.4,83,51.9
567,67,3,8.8,5.3,3.2,0,1,2,4,15.6,12.6,109,68.1
568,68,3,3.5,6.3,2.5,0,1,2,5,14.8,12.7,97,60.6
569,69,3,2.2,7.3,2.7,0,4,0,7,18.3,0.0,106,66.2
570,70,3,3,8.2,1.7,0,1,3,7,15.1,7.9,105,65.6
571,71,3,2.5,5,4.7,0,3,1,6,15.2,0.7,86,53.8
572,72,3,1.8,7.9,3,0,3,4,9,15.1,8.3,69,43.1
573,73,3,3.8,3.6,2.6,0,5,3,8,16.5,9.5,65,40.6
574,74,3,4.2,11.9,2.1,0,1,4,5,12.4,11.7,103,64.4
575,75,3,3.4,8.4,3.7,0,4,2,11,15.1,7.8,92,57.5
576,76,3,4.2,7.8,3,0,3,1,5,12.7,3.5,100,62.5
577,77,3,3.5,12.4,2.5,0,2,2,7,18.3,14.5,94,58.8
578,78,3,2.5,6.5,3.2,0,4,0,5,22.0,-0.0,106,66.2
579,79,3,2.7,10.9,3.4,0,2,0,12,20.6,11.8,94,58.8
580,80,3,5.1,12.4,3.3,0,3,0,6,14.3,6.6,104,65
581,81,3,1.6,3.9,2.4,0,4,0,11,21.9,9.0,87,54.4
582,82,3,2.8,8.6,3.8,0,3,0,12,15.1,13.4,84,52.5
583,83,3,6.3,8.2,3.1,0,2,1,5,2.9,9.2,117,73.1
584,84,3,4.3,4.3,3.5,0,2,1,4,9.8,14.3,97,60.6
585,85,3,5.4,9.2,4.7,0,2,1,4,6.1,8.6,95,59.4
586,86,3,3.8,3.8,2.1,0,0,2,5,13.1,10.1,104,65
587,87,3,1.9,8.4,3.2,0,0,0,7,16.7,8.7,96,60
588,88,3,3,11.4,3.8,0,3,1,5,26.6,13.0,78,48.8
589,89,3,4.1,10.6,4,0,6,1,12,18.1,12.5,79,49.4
590,90,3,3,8.1,3,0,2,2,8,13.1,7.7,97,60.6
591,91,3,3.5,0.8,2.9,0,0,2,11,18.8,1.2,94,58.8
592,92,3,4.2,6.9,1.7,0,1,2,4,5.8,12.2,101,63.1
593,93,3,6.1,5.8,2.9,0,2,0,5,15.9,10.4,111,69.4
594,94,3,2.9,5.4,3.2,0,4,0,8,23.5,11.1,72,45
595,95,3,7,11.1,3,0,1,1,5,7.9,3.7,115,71.9
596,96,3,3.8,11.6,2.5,0,1,1,5,20.4,14.9,110,68.8
597,97,3,6.4,2.3,3.4,0,3,1,4,13.1,7.6,113,70.6
598,98,3,6.9,7.9,2.5,0,0,0,6,11.4,6.5,129,80.6
599,99,3,9.1,8.2,4.1,0,1,0,10,19.2,5.3,110,68.8
600,100,3,6.7,9.1,3.8,0,2,1,11,32.8,12.2,74,46.2
601,101,3,6.7,nan,3.6,0,1,0,8,15.2,8.2,111,69.4
602,102,3,9,7.4,4.4,0,2,0,5,18.8,17.2,98,61.2
603,103,3,1.3,4.9,2.9,0,5,1,8,17.9,11.6,75,46.9
604,104,3,2.2,8.8,2.9,0,2,2,9,15.5,9.5,80,50
605,105,3,6.6,6,2.8,0,2,0,5,14.0,14.5,99,61.9
606,106,3,0.9,4,1,0,1,2,7,21.3,8.1,89,55.6
607,107,3,4.3,8.9,2.7,0,3,1,11,12.9,17.6,92,57.5
608,108,3,4.3,8.9,3,0,3,0,7,15.4,14.8,104,65
609,109,3,1.5,9.4,2.9,0,4,0,8,14.3,9.0,87,54.4
610,110,3,2.2,10.1,2.1,0,2,0,11,17.9,7.2,104,65
611,111,3,5.5,5.1,2.6,0,1,2,10,17.4,0.0,99,61.9
612,112,3,5.2,3.1,1.5,0,1,0,5,24.3,7.4,98,61.2
613,113,3,2.8,9.6,2.3,0,3,2,9,16.6,7.7,78,48.8
614,114,3,2.4,4,2.8,0,1,2,12,15.7,11.7,82,51.2
615,115,3,2.5,10.9,3.1,0,0,3,5,12.1,9.2,87,54.4
616,116,3,5.1,6.5,2.6,0,0,0,12,14.1,4.9,108,67.5
617,117,3,1.6,9,1.7,0,5,1,9,16.3,7.7,97,60.6
618,118,3,4,11.1,2.4,0,1,0,10,17.2,9.7,120,75
619,119,3,1.6,6.5,2.5,0,4,0,6,13.0,14.1,84,52.5
620,120,3,6.3,4,3.8,0,1,2,4,20.6,2.2,91,56.9
621,121,3,4.4,5.3,3.2,0,5,0,4,23.6,10.7,86,53.8
622,122,3,7.7,13.4,2.8,0,1,1,9,17.5,3.6,118,73.8
623,123,3,0.8,9.5,3.4,0,6,0,12,26.1,15.0,74,46.2
624,124,3,1,3.8,3.6,0,5,1,9,12.6,13.9,70,43.8
625,125,3,2.7,10.9,3.6,0,5,2,7,7.7,4.1,89,55.6
626,126,3,8.4,6.7,2.4,0,3,1,10,9.5,9.4,100,62.5
627,127,3,1.9,10.2,1.2,0,1,1,12,25.8,10.8,94,58.8
628,128,3,7.6,10.4,3.2,0,5,0,5,22.3,3.9,91,56.9
629,129,3,4.3,8.6,2.4,0,2,0,4,17.2,13.0,100,62.5
630,130,3,4.3,2,2.2,0,1,2,12,13.9,5.7,109,68.1
631,131,3,5.7,5.8,3.2,0,6,1,4,11.7,15.6,83,51.9
632,132,3,2.1,8.9,3.5,0,5,2,11,29.3,6.8,69,43.1
633,133,3,2.7,6.2,2.5,0,2,1,5,15.8,6.7,98,61.2
634,134,3,1.8,6.7,3.4,0,3,1,5,14.6,1.8,92,57.5
635,135,3,4.1,8.3,2.2,0,2,2,6,19.7,6.0,97,60.6
636,136,3,10,11.7,3.2,0,1,1,6,20.7,7.2,109,68.1
637,137,3,3.1,11.4,3.1,0,5,2,6,15.0,12.2,93,58.1
638,138,3,5.2,5.6,2.5,0,2,3,4,11.4,6.4,96,60
639,139,3,4.8,11.2,4,0,0,1,11,18.4,10.3,99,61.9
640,140,3,4.4,9.3,3.6,0,3,4,11,22.9,5.9,88,55
641,141,3,3.5,3.7,3.5,0,3,1,10,20.2,2.5,94,58.8
642,142,3,7.8,6.4,2.9,0,2,1,12,23.6,9.3,106,66.2
643,143,3,4.2,5.6,2.5,0,3,2,12,15.8,15.2,80,50
644,144,3,3,10.2,3.9,0,6,0,12,10.2,4.3,87,54.4
645,145,3,7,10.7,3.5,0,3,0,7,18.7,16.7,92,57.5
646,146,3,6,9.2,2.8,0,1,1,9,17.8,8.1,100,62.5
647,147,3,4.7,11.5,2.9,0,3,1,10,22.2,8.9,95,59.4
648,148,3,3.7,8.8,2.5,0,2,2,9,6.4,11.0,101,63.1
649,149,3,9.1,6.5,3.8,0,2,1,11,22.9,6.7,106,66.2
650,150,3,4,5.5,2.9,0,0,2,10,15.0,9.9,96,60
651,151,3,2.8,7.1,2.7,0,1,0,7,18.0,12.9,83,51.9
652,152,3,5.5,12.1,4.2,0,3,2,9,11.2,10.6,89,55.6
653,153,3,3.4,9.3,4.2,0,5,1,5,9.3,1.5,75,46.9
654,154,3,4,7.8,3.7,0,6,1,12,19.1,1.7,84,52.5
655,155,3,3.3,13.1,3.1,0,3,0,12,14.5,10.9,107,66.9
656,156,3,3.6,9.1,3.8,0,4,1,9,11.7,16.5,77,48.1
657,157,3,1.4,9.4,1.5,0,1,2,10,11.9,8.6,88,55
658,158,3,2.4,4,3.3,0,1,2,7,13.0,7.6,90,56.2
659,159,3,2.6,9.1,3.8,0,5,0,7,25.5,12.7,78,48.8
660,160,3,3.4,11.1,2.7,0,4,2,8,15.3,13.6,87,54.4
661,161,3,4.7,4,2.2,0,2,4,6,8.3,1.3,89,55.6
662,162,3,2.2,7.5,2.5,0,2,0,4,14.3,5.9,101,63.1
663,163,3,11.4,7.9,5,0,3,3,7,12.6,6.3,103,64.4
664,164,3,3.7,13.3,3.9,0,1,1,10,3.1,13.1,96,60
665,165,3,5,9.5,2,0,0,0,6,16.6,21.4,113,70.6
666,166,3,2,5.2,2.6,0,5,1,10,17.9,12.5,69,43.1
667,167,3,2.3,8.8,2.4,0,1,0,9,21.5,6.4,93,58.1
668,168,3,9.2,5.4,2.9,0,2,1,7,24.7,11.4,111,69.4
669,169,3,5.7,6.8,1.4,0,1,0,10,22.8,17.2,111,69.4
670,170,3,3.7,4.7,2.6,0,2,0,11,15.7,11.8,94,58.8
671,171,3,1.7,8.3,2.9,0,2,0,12,12.7,8.6,85,53.1
672,172,3,9,5.5,4.6,0,2,0,10,31.2,16.6,90,56.2
673,173,3,2.3,14,2.7,0,2,0,4,18.5,14.9,94,58.8
674,174,3,3.1,6.5,3.8,0,2,0,7,16.1,5.8,91,56.9
675,175,3,3.7,11.8,2.5,0,1,0,8,18.6,14.4,97,60.6
676,176,3,4.9,9.8,3.5,0,2,0,4,17.5,14.6,100,62.5
677,177,3,4.1,5.9,2.8,0,0,1,7,17.9,17.5,90,56.2
678,178,3,4,8.1,2.9,0,3,0,5,9.8,6.5,114,71.2
679,179,3,10.7,8.6,3.5,0,0,1,8,12.1,7.2,124,77.5
680,180,3,4.3,6.7,2.5,0,3,2,5,16.0,15.4,92,57.5
681,181,3,5.2,5.7,3.3,0,6,0,6,13.4,5.4,90,56.2
682,182,3,1.6,6.8,3.1,0,2,1,6,12.7,12.0,87,54.4
683,183,3,6.2,10,2.6,0,1,0,12,15.4,3.3,118,73.8
684,184,3,1.3,4,1.8,0,0,0,8,14.4,14.4,103,64.4
685,185,3,2.7,8.9,3.9,0,4,1,9,23.5,9.0,81,50.6
686,186,3,12.6,7,3.7,0,2,3,12,7.1,19.5,90,56.2
687,187,3,2.5,14.8,3.6,0,4,1,4,19.4,9.9,98,61.2
688,188,3,4,9.1,2.3,0,2,3,6,19.6,2.3,104,65
689,189,3,2,7.3,2.1,0,3,2,7,6.6,16.9,86,53.8
690,190,3,2,8.7,2.3,0,2,0,12,14.8,17.3,97,60.6
691,191,3,7.4,6.9,3,0,1,1,10,17.5,17.1,93,58.1
692,192,3,3.1,6.8,2.4,0,2,1,10,10.3,8.3,91,56.9
693,193,3,3.9,12.1,2.6,0,0,2,7,13.9,10.3,96,60
694,194,3,3.4,6.2,3,0,1,3,11,9.7,9.8,90,56.2
695,195,3,1.6,10,2.3,0,4,1,5,28.6,11.2,73,45.6
696,196,3,3.7,8.2,3.8,0,2,0,7,21.8,18.3,89,55.6
697,197,3,7.2,4.2,3,0,2,2,7,25.1,13.5,85,53.1
698,198,3,2.5,3.2,2.6,0,1,0,4,22.1,1.4,86,53.8
699,199,3,5.2,5.5,3,0,1,0,4,11.2,12.2,102,63.8
700,200,3,7.3,10.5,3.9,0,3,1,11,11.2,6.4,109,68.1
701,201,3,1.9,5.3,2.4,0,3,0,12,16.8,8.5,99,61.9
702,202,3,6.5,8.8,3.3,0,4,1,6,11.4,10.0,92,57.5
703,203,3,1.1,3.2,2.4,0,4,2,4,22.5,16.6,65,40.6
704,204,3,5.8,8.7,2.7,0,0,1,5,13.6,13.4,115,71.9
705,205,3,3.3,6.8,3.1,0,2,2,4,15.5,12.4,83,51.9
706,206,3,2,5.2,2.8,0,1,0,11,19.0,8.3,97,60.6
707,207,3,3.8,14.1,3,0,1,0,4,18.6,10.0,107,66.9
708,208,3,2.8,2.4,3.4,0,1,1,10,16.5,12.5,77,48.1
709,209,3,1.3,nan,2.7,0,3,0,11,23.7,7.6,102,63.8
710,210,3,7.1,14.3,2.4,0,0,0,5,24.2,9.0,114,71.2
711,211,3,7.4,9.5,2.6,0,0,2,6,14.1,15.7,97,60.6
712,212,3,2.1,nan,3.2,0,5,0,6,20.7,7.6,75,46.9
713,213,3,3.1,11.9,2.1,0,2,4,10,20.5,13.3,83,51.9
714,214,3,3,9.6,1.9,0,2,1,12,20.4,18.3,94,58.8
715,215,3,3.5,0.5,2.5,0,2,0,10,12.1,13.3,105,65.6
716,216,3,1.8,12.2,3.6,0,2,0,6,18.3,7.7,91,56.9
717,217,3,6.7,8.6,3,0,1,2,10,9.4,13.0,105,65.6
718,218,3,4.2,7.6,3.5,0,3,0,10,17.1,2.7,109,68.1
719,219,3,2.2,2.2,2.8,0,1,2,7,16.3,14.1,80,50
720,220,3,3,10.3,2,0,2,4,5,13.8,8.1,88,55
721,221,3,2.5,10.5,3.1,0,3,0,6,22.3,7.0,90,56.2
722,222,3,3.6,11,1.8,0,1,1,11,10.4,9.2,117,73.1
723,223,3,5.8,12.3,2.7,0,1,2,8,10.3,-0.0,101,63.1
724,224,3,5.8,5.6,3,0,1,1,5,11.4,5.7,90,56.2
725,225,3,2.1,4.4,3,0,1,1,12,19.3,9.8,87,54.4
726,226,3,4.3,8,4.3,0,3,0,8,10.1,10.8,89,55.6
727,227,3,2.3,5.4,3.7,0,4,0,7,26.2,10.2,76,47.5
728,228,3,1.3,9.6,1.7,0,4,1,4,4.2,2.2,101,63.1
729,229,3,2.1,11.6,3.5,0,4,1,9,26.3,8.6,76,47.5
730,230,3,4,8.9,1.8,0,1,1,8,14.1,8.8,120,75
731,231,3,1.5,6.9,2.6,0,2,1,5,16.6,13.6,86,53.8
732,232,3,2.6,10.8,2.4,0,1,1,11,16.0,12.7,89,55.6
733,233,3,5.2,9.7,2.4,0,1,0,8,16.1,13.1,120,75
734,234,3,2.6,7.7,2.6,0,1,0,4,14.4,10.3,108,67.5
735,235,3,2.6,2.6,2.8,0,4,0,5,19.2,5.0,97,60.6
736,236,3,2.2,1.7,3,0,5,1,6,18.0,10.6,71,44.4
737,237,3,1.1,6.3,2.7,0,3,1,10,13.9,1.6,97,60.6
738,238,3,3.4,3.5,2.4,0,0,1,10,11.0,6.5,113,70.6
739,239,3,4.1,7.6,3.2,0,2,2,11,14.7,13.7,94,58.8
740,240,3,4.3,4.6,3.2,0,3,2,9,18.5,14.0,81,50.6
741,241,3,2.1,7.6,3.1,0,4,2,12,6.8,15.3,83,51.9
742,242,3,2.2,8,3.2,0,1,2,6,6.7,5.9,100,62.5
743,243,3,6.3,6.8,3.3,0,0,3,9,17.6,13.3,105,65.6
744,244,3,2.2,7.4,3.6,0,5,1,9,16.6,9.2,79,49.4
745,245,3,3.4,8.3,4.6,0,5,4,7,13.9,14.7,69,43.1
746,246,3,0.7,5.9,2.1,0,2,4,8,18.4,12.3,67,41.9
747,247,3,2.1,8,2.8,0,2,2,10,18.1,13.4,85,53.1
748,248,3,2.1,7.5,3.7,0,3,0,11,14.0,17.0,84,52.5
749,249,3,1.5,7.3,2.6,0,2,1,12,9.9,7.1,100,62.5
750,250,3,8.6,6,3.4,0,3,1,6,15.3,9.4,110,68.8
751,1,4,4.3,6.3,2,0,2,1,6,11.3,15.7,102,63.8
752,2,4,3.6,8.5,2.9,0,3,0,4,21.8,13.3,82,51.2
753,3,4,3.2,8.1,1.3,0,3,0,5,6.4,3.7,113,70.6
754,4,4,4.4,7.8,2.4,0,3,0,10,20.8,19.0,103,64.4
755,5,4,3.2,5.8,3.2,0,1,0,9,15.0,4.8,111,69.4
756,6,4,5.6,12.5,3.1,0,3,0,6,18.5,12.0,101,63.1
757,7,4,4.5,6,3.5,0,2,0,7,19.3,13.4,103,64.4
758,8,4,4.2,6.6,3.9,0,2,1,9,23.9,7.1,90,56.2
759,9,4,1.8,7.3,3,0,5,0,7,15.0,0.1,111,69.4
760,10,4,1.2,7.1,2.8,0,3,1,7,6.4,10.6,89,55.6
761,11,4,1.9,10.5,2.6,0,3,2,6,12.2,5.0,78,48.8
762,12,4,4.6,5.2,3.2,0,3,0,9,14.0,10.1,91,56.9
763,13,4,4.1,5.7,2.3,0,4,0,12,15.9,11.4,98,61.2
764,14,4,1.6,6.8,4,0,5,1,6,18.5,8.9,74,46.2
765,15,4,4.6,6.9,3.1,0,2,1,6,14.0,5.2,90,56.2
766,16,4,2.6,2.5,3.6,0,2,2,8,17.5,17.2,76,47.5
767,17,4,2.6,5.4,2.9,0,1,0,5,13.9,12.1,91,56.9
768,18,4,6.8,10.6,2.8,0,0,1,8,13.3,16.3,112,70
769,19,4,4,3.2,2.5,0,0,1,11,11.8,11.9,88,55
770,20,4,4.4,10.2,3.2,0,0,1,9,11.3,6.1,104,65
771,21,4,4.4,7.2,3.1,0,1,1,5,11.1,12.8,92,57.5
772,22,4,1.5,8.8,3.4,0,5,0,5,10.1,8.2,89,55.6
773,23,4,4.5,6.3,2.5,0,2,1,4,20.4,4.4,103,64.4
774,24,4,11.4,8.2,3.5,0,0,1,12,12.7,17.5,114,71.2
775,25,4,2,nan,3.2,0,3,2,7,12.0,6.7,77,48.1
776,26,4,5.8,9.5,2.8,0,2,2,6,29.7,8.1,96,60
777,27,4,6.2,10.3,3.7,0,1,0,11,18.3,2.1,107,66.9
778,28,4,6.1,9.8,4.2,0,3,0,6,17.6,16.2,95,59.4
779,29,4,2.8,0.9,2.6,0,0,0,6,16.3,12.6,79,49.4
780,30,4,3.2,8,1.7,0,1,2,6,18.4,6.5,105,65.6
781,31,4,2,8.1,2.1,0,2,0,7,15.0,4.7,93,58.1
782,32,4,3.8,2.9,4,0,1,2,4,15.9,16.4,86,53.8
783,33,4,7.8,7.2,4.2,0,4,1,9,28.9,5.0,91,56.9
784,34,4,2.6,9.1,3,0,3,3,7,17.1,11.8,75,46.9
785,35,4,1.1,11.8,2.8,0,2,1,12,18.9,11.1,103,64.4
786,36,4,4,7.2,3.9,0,1,4,10,10.5,9.4,88,55
787,37,4,6.2,6.8,2.2,0,0,1,7,11.4,5.4,131,81.9
788,38,4,3.4,6.4,2.9,0,3,1,10,25.3,3.7,87,54.4
789,39,4,9.3,8.6,2.5,0,2,1,11,9.8,3.7,129,80.6
790,40,4,3.6,12.1,3.4,0,1,4,5,21.1,6.5,102,63.8
791,41,4,4,4.8,2.6,0,1,2,5,21.4,8.6,86,53.8
792,42,4,2.1,6.7,1.6,0,0,0,5,15.7,13.5,98,61.2
793,43,4,3.3,5.4,3.3,0,4,2,4,19.5,13.2,79,49.4
794,44,4,6.1,6,3.7,0,4,4,6,21.2,14.3,76,47.5
795,45,4,6.1,7.3,2.4,0,3,1,11,21.2,7.3,93,58.1
796,46,4,7.4,9.8,2.9,0,2,2,10,9.5,20.5,99,61.9
797,47,4,5.9,5.6,3.3,0,0,1,7,12.9,13.6,101,63.1
798,48,4,5.2,9.2,2.4,0,0,0,8,16.0,11.3,109,68.1
799,49,4,1,13.7,2,0,2,2,10,15.7,14.6,94,58.8
800,50,4,2.4,12,4.8,0,4,1,12,20.7,21.4,70,43.8
801,51,4,12.7,7.2,3.6,0,0,0,6,16.7,3.7,128,80
802,52,4,2.9,8,3.1,0,1,2,9,9.4,8.9,91,56.9
803,53,4,5.6,5.6,4,0,3,1,9,17.9,0.2,89,55.6
804,54,4,3.8,5.8,2.8,0,3,2,9,14.4,6.4,107,66.9
805,55,4,5.7,12.6,3.2,0,7,1,11,20.2,13.4,84,52.5
806,56,4,4.1,9.5,4.1,0,2,1,10,20.8,9.2,92,57.5
807,57,4,2.2,12.1,3.4,0,2,0,7,25.2,12.3,74,46.2
808,58,4,2.5,11,3.5,0,2,1,10,16.1,0.0,100,62.5
809,59,4,4.7,7.3,3.3,0,3,2,4,17.1,13.0,83,51.9
810,60,4,3,13.5,2.1,0,2,1,7,6.9,15.2,109,68.1
811,61,4,1.1,12.3,1.2,0,0,1,5,16.4,5.9,116,72.5
812,62,4,5.2,6,4,0,1,1,6,17.3,11.9,93,58.1
813,63,4,6.7,11,3.1,0,0,2,12,15.8,1.8,113,70.6
814,64,4,6.4,6.9,2.5,0,0,1,7,13.0,15.3,97,60.6
815,65,4,6.5,5.5,4.6,0,4,1,4,11.3,8.9,84,52.5
816,66,4,1.5,11,2.4,0,3,0,8,23.2,9.0,88,55
817,67,4,8.9,7.6,3.1,0,0,1,4,13.6,4.5,125,78.1
818,68,4,3.6,1.8,3.7,0,1,0,5,16.7,5.7,103,64.4
819,69,4,2.3,5.3,3.2,0,6,2,7,16.7,12.5,70,43.8
820,70,4,3.1,11.3,3.8,0,1,0,7,14.1,2.3,107,66.9
821,71,4,2.6,8.8,3.7,0,3,0,6,19.9,7.6,93,58.1
822,72,4,1.9,10.2,1.9,0,4,0,9,12.5,9.3,102,63.8
823,73,4,3.9,10,2.1,0,1,0,8,16.8,5.9,109,68.1
824,74,4,4.3,11.3,3.2,0,2,3,5,11.4,14.9,101,63.1
825,75,4,3.5,11.7,2.9,0,1,0,11,12.5,5.1,111,69.4
826,76,4,4.3,12,2.7,0,1,2,5,13.9,6.5,104,65
827,77,4,3.6,6.2,3.2,0,1,2,7,19.7,8.4,79,49.4
828,78,4,2.6,7.9,2.4,0,3,4,5,9.4,13.3,99,61.9
829,79,4,2.8,8.6,2.6,0,4,2,12,20.5,10.9,92,57.5
830,80,4,5.1,9,2.7,0,4,1,6,8.7,3.4,110,68.8
831,81,4,1.6,6.5,2.7,0,3,0,11,14.3,14.2,94,58.8
832,82,4,2.9,6.7,1.8,0,2,1,12,14.5,11.9,96,60
833,83,4,6.3,10.8,4.3,0,5,1,5,21.3,9.2,97,60.6
834,84,4,4.4,8.3,2.4,0,1,3,4,17.7,9.1,93,58.1
835,85,4,5.5,6.5,3,0,1,1,4,20.4,6.1,105,65.6
836,86,4,3.9,6.9,3,0,5,1,5,8.5,11.5,89,55.6
837,87,4,1.9,7.6,2.9,0,2,0,7,17.4,7.9,94,58.8
838,88,4,3.1,10.9,3.2,0,2,0,5,20.7,17.9,98,61.2
839,89,4,4.2,6.9,3.4,0,2,2,12,15.5,3.8,92,57.5
840,90,4,3.1,9.5,2.5,0,4,1,8,21.6,17.0,91,56.9
841,91,4,3.6,7,3.4,0,2,0,11,14.4,10.7,91,56.9
842,92,4,4.3,10.8,3.5,0,1,2,4,23.8,11.8,91,56.9
843,93,4,6.2,6.4,2.6,0,1,2,5,27.0,13.1,103,64.4
844,94,4,3,11.1,2.1,0,3,0,8,15.1,8.5,100,62.5
845,95,4,7.1,4.6,3.5,0,2,0,5,13.8,13.7,104,65
846,96,4,3.9,1,3.7,0,4,2,5,23.4,0.0,74,46.2
847,97,4,6.5,12,3,0,1,0,4,24.3,7.4,112,70
848,98,4,7,10.3,3.8,0,1,1,6,12.1,4.6,111,69.4
849,99,4,9.2,8.4,3.7,0,2,1,10,13.0,3.9,111,69.4
850,100,4,6.8,9.9,3.9,0,0,1,11,16.9,11.2,95,59.4
851,101,4,6.8,6.2,3.9,0,0,3,8,11.2,13.1,86,53.8
852,102,4,9.1,10.7,3.7,0,2,3,5,12.5,13.7,97,60.6
853,103,4,1.4,10.9,2.9,0,1,1,8,8.5,8.3,106,66.2
854,104,4,2.2,10.2,3.5,0,2,3,9,11.3,6.1,85,53.1
855,105,4,6.7,5.7,3.2,0,2,0,5,17.3,13.2,99,61.9
856,106,4,1,6,2.9,0,2,0,7,19.5,13.0,80,50
857,107,4,4.4,nan,3.3,0,3,0,11,15.1,14.5,100,62.5
858,108,4,4.3,7.7,3.1,0,0,1,7,24.5,14.7,97,60.6
859,109,4,1.6,6.8,2.3,0,6,2,8,12.9,15.5,70,43.8
860,110,4,2.3,9.4,2.7,0,4,1,11,19.7,9.3,93,58.1
861,111,4,5.6,10.8,3.3,0,3,1,10,11.6,3.0,113,70.6
862,112,4,5.3,7.6,1.9,0,2,1,5,15.1,6.8,110,68.8
863,113,4,2.8,4.9,2.7,0,1,1,9,20.4,8.9,89,55.6
864,114,4,2.4,6.1,1.1,0,1,0,12,13.8,12.5,94,58.8
865,115,4,2.6,9.1,1.9,0,1,1,5,18.8,12.1,99,61.9
866,116,4,5.1,7.4,4.5,0,6,1,12,14.5,10.9,88,55
867,117,4,1.7,3.3,2.6,0,3,2,9,15.2,6.8,94,58.8
868,118,4,4,8,2.9,0,1,2,10,14.8,7.4,106,66.2
869,119,4,1.6,10.7,4,0,3,5,6,28.2,10.2,64,40
870,120,4,6.4,7.3,1.8,0,2,1,4,14.8,10.0,103,64.4
871,121,4,4.5,13.8,2.7,0,1,3,4,13.3,5.8,100,62.5
872,122,4,7.8,11,3.1,0,1,0,9,14.4,4.2,110,68.8
873,123,4,0.9,11.4,2.9,0,1,1,12,14.6,8.4,87,54.4
874,124,4,1.1,8.4,2.8,0,0,0,9,15.6,14.7,87,54.4
875,125,4,2.8,5.7,3.8,0,2,0,7,21.7,6.9,90,56.2
876,126,4,8.5,3.2,4,0,1,0,10,22.9,9.0,105,65.6
877,127,4,2,11.8,1.3,0,2,0,12,11.2,10.4,117,73.1
878,128,4,7.7,8.7,3.7,0,2,1,5,15.8,16.0,87,54.4
879,129,4,4.4,5.3,2.1,0,2,1,4,15.4,2.7,114,71.2
880,130,4,4.3,13.3,3.4,0,4,2,12,11.9,12.9,95,59.4
881,131,4,5.8,5.6,3.9,0,0,0,4,19.9,15.3,100,62.5
882,132,4,2.2,8.8,2.4,0,2,1,11,16.2,4.7,98,61.2
883,133,4,2.8,9,4.3,0,6,3,5,8.6,6.5,67,41.9
884,134,4,1.9,4.1,2.9,0,2,0,5,24.8,16.3,86,53.8
885,135,4,4.2,8.4,3.5,0,2,1,6,26.3,10.8,87,54.4
886,136,4,10.1,9.5,4,0,1,1,6,14.5,2.0,106,66.2
887,137,4,3.2,8.6,3,0,4,0,6,12.2,2.5,102,63.8
888,138,4,5.3,7,3,0,2,1,4,15.2,6.8,109,68.1
889,139,4,4.9,5.3,3.4,0,2,0,11,17.5,5.2,98,61.2
890,140,4,4.5,1.1,3.2,0,2,0,11,16.8,6.1,104,65
891,141,4,3.6,9,2.7,0,2,2,10,27.1,11.4,87,54.4
892,142,4,7.9,8.9,3.7,0,3,1,12,16.2,17.3,96,60
893,143,4,4.2,8.6,3.4,0,2,1,12,13.5,10.3,88,55
894,144,4,3,9.6,2.9,0,3,1,12,7.0,12.5,102,63.8
895,145,4,7.1,11.6,1.8,0,1,1,7,16.9,20.6,100,62.5
896,146,4,6.1,7.7,1.5,0,0,0,9,16.3,16.7,119,74.4
897,147,4,4.8,9,3.3,0,2,0,10,25.5,11.9,98,61.2
898,148,4,3.8,nan,4.5,0,5,1,9,11.9,7.9,92,57.5
899,149,4,9.2,14.3,2,0,0,0,11,13.7,2.2,132,82.5
900,150,4,4.1,7.6,2.7,0,2,0,10,15.9,10.9,107,66.9
901,151,4,2.9,3.8,3.3,0,2,4,7,22.4,20.7,46,28.8
902,152,4,5.6,8.7,2.8,0,2,1,9,17.7,5.6,120,75
903,153,4,3.5,12,2.5,0,4,4,5,25.6,14.4,95,59.4
904,154,4,4.1,12.7,2.9,0,1,3,12,12.4,12.5,99,61.9
905,155,4,3.4,15.7,2.5,0,5,0,12,15.6,14.7,92,57.5
906,156,4,3.7,7.8,2.1,0,2,1,9,22.5,16.2,94,58.8
907,157,4,1.5,6.6,3.2,0,6,0,10,19.6,12.1,78,48.8
908,158,4,2.5,9.9,3.4,0,5,1,7,27.7,2.3,71,44.4
909,159,4,2.6,10.4,3.3,0,1,0,7,20.5,9.5,92,57.5
910,160,4,3.5,2.4,2.1,0,1,0,8,15.4,16.5,97,60.6
911,161,4,4.7,4.6,2.7,0,1,0,6,17.5,5.3,110,68.8
912,162,4,2.3,8,2.4,0,2,3,4,19.7,7.2,94,58.8
913,163,4,11.5,7.1,2.7,0,0,2,7,16.6,2.2,135,84.4
914,164,4,3.8,3,3,0,2,1,10,18.8,17.9,89,55.6
915,165,4,5.1,8.2,3.2,0,3,0,6,22.1,18.0,96,60
916,166,4,2.1,10,2.3,0,4,2,10,20.2,5.0,93,58.1
917,167,4,2.4,11,1.1,0,1,1,9,24.9,13.0,99,61.9
918,168,4,9.3,6.5,3.6,0,1,0,7,21.8,9.8,102,63.8
919,169,4,5.8,10,5,0,3,1,10,14.3,11.6,91,56.9
920,170,4,3.8,10.6,2.8,0,2,1,11,19.2,14.7,88,55
921,171,4,1.8,4.5,2.6,0,3,3,12,19.9,11.6,85,53.1
922,172,4,9.1,9.4,3.3,0,0,3,10,12.0,11.2,107,66.9
923,173,4,2.4,6.9,2,0,2,0,4,17.7,22.4,102,63.8
924,174,4,3.1,8,1.9,0,1,1,7,13.7,5.5,105,65.6
925,175,4,3.8,0,2.6,0,0,1,8,16.8,3.6,93,58.1
926,176,4,5,5.9,5,0,7,2,4,21.1,7.2,72,45
927,177,4,4.2,4.9,1.8,0,1,0,7,15.0,1.8,117,73.1
928,178,4,4,6.2,2.4,0,2,3,5,18.4,5.9,81,50.6
929,179,4,10.8,11.9,4,0,1,0,8,9.3,5.7,121,75.6
930,180,4,4.4,7.6,3.8,0,1,0,5,17.6,3.9,108,67.5
931,181,4,5.3,5,3.3,0,4,4,6,20.6,7.4,71,44.4
932,182,4,1.7,2.4,2.2,0,5,1,6,27.5,13.5,77,48.1
933,183,4,6.2,9.2,2,0,0,0,12,15.0,8.6,117,73.1
934,184,4,1.4,7.2,3.3,0,7,0,8,15.7,8.3,83,51.9
935,185,4,2.8,5.5,2.1,0,1,1,9,16.1,12.8,103,64.4
936,186,4,12.7,6.8,4.2,0,1,3,12,26.2,9.1,95,59.4
937,187,4,2.6,16.5,2.7,0,2,0,4,14.4,7.6,112,70
938,188,4,4.1,4.9,2.1,0,1,2,6,20.1,14.3,86,53.8
939,189,4,2,10,3.1,0,0,0,7,20.8,3.6,93,58.1
940,190,4,2,6.3,2.1,0,2,0,12,18.0,1.6,93,58.1
941,191,4,7.5,7.4,3,0,2,2,10,14.3,12.1,99,61.9
942,192,4,3.2,4.4,1.9,0,1,1,10,22.4,17.8,76,47.5
943,193,4,3.9,3.3,3.2,0,2,2,7,22.1,19.5,82,51.2
944,194,4,3.5,10.5,1.8,0,2,1,11,12.7,12.7,97,60.6
945,195,4,1.7,7.6,2.8,0,5,0,5,14.8,11.9,95,59.4
946,196,4,3.8,7.1,2,0,1,2,7,12.7,9.5,99,61.9
947,197,4,7.2,12.8,2.9,0,0,2,7,22.4,11.5,109,68.1
948,198,4,2.6,6.5,2.4,0,1,1,4,9.3,17.8,95,59.4
949,199,4,5.3,7.3,2.9,0,1,2,4,12.8,0.6,101,63.1
950,200,4,7.3,7.5,3.1,0,3,2,11,12.8,6.8,119,74.4
951,201,4,2,11.8,2.9,0,6,1,12,23.6,19.2,83,51.9
952,202,4,6.6,6.5,3.5,0,1,1,6,18.7,14.1,89,55.6
953,203,4,1.2,7,2.7,0,3,0,4,17.1,20.8,75,46.9
954,204,4,5.9,8.1,3.4,0,1,1,5,23.1,5.0,111,69.4
955,205,4,3.4,10.2,2.9,0,2,0,4,10.2,11.2,97,60.6
956,206,4,2.1,9.6,3,0,3,2,11,5.5,10.5,84,52.5
957,207,4,3.8,3.4,3.1,0,3,1,4,21.5,4.2,74,46.2
958,208,4,2.9,8.7,3.5,0,0,0,10,15.8,7.3,90,56.2
959,209,4,1.4,4.9,2.5,0,3,0,11,10.6,5.4,92,57.5
960,210,4,7.2,7.7,4.2,0,7,1,5,20.4,14.5,81,50.6
961,211,4,7.5,9.6,3.5,0,0,1,6,20.3,16.5,97,60.6
962,212,4,2.2,7.1,2.9,0,3,1,6,15.6,13.9,78,48.8
963,213,4,3.2,9.7,2.8,0,4,0,10,8.3,12.3,102,63.8
964,214,4,3.1,7.5,2.4,0,0,3,12,19.2,8.2,97,60.6
965,215,4,3.5,3.4,2.9,0,1,1,10,19.4,15.4,92,57.5
966,216,4,1.8,5.3,2.8,0,5,0,6,15.8,10.7,84,52.5
967,217,4,6.8,9.2,4.2,0,5,0,10,27.4,12.8,83,51.9
968,218,4,4.3,8.7,2.6,0,2,1,10,11.9,10.3,95,59.4
969,219,4,2.3,5.4,3.8,0,2,2,7,7.5,11.8,84,52.5
970,220,4,3.1,10.5,2.1,0,1,0,5,12.9,8.6,108,67.5
971,221,4,2.6,6.1,2.6,0,3,1,6,16.6,15.1,87,54.4
972,222,4,3.7,5.5,2.8,0,2,0,11,18.7,7.1,91,56.9
973,223,4,5.9,8.9,3.5,0,1,0,8,13.9,4.5,110,68.8
974,224,4,5.9,nan,4,0,1,2,5,12.4,13.8,79,49.4
975,225,4,2.1,9.9,3.6,0,6,0,12,16.2,11.7,88,55
976,226,4,4.4,7,2.8,0,3,1,8,9.0,9.0,99,61.9
977,227,4,2.4,6.9,2.2,0,1,1,7,21.4,6.5,105,65.6
978,228,4,1.3,8.6,2,0,2,0,4,13.6,11.9,109,68.1
979,229,4,2.1,8.4,4.2,0,3,2,9,23.9,9.7,65,40.6
980,230,4,4.1,6.1,3.6,0,5,0,8,17.0,8.8,90,56.2
981,231,4,1.6,12.8,3.2,0,3,1,5,17.5,15.0,93,58.1
982,232,4,2.7,6,2.6,0,5,1,11,17.5,15.6,90,56.2
983,233,4,5.3,8.3,5,0,4,1,8,15.2,13.4,95,59.4
984,234,4,2.7,6.5,3.1,0,3,0,4,16.9,6.7,102,63.8
985,235,4,2.7,8.2,3.1,0,3,1,5,23.5,16.1,85,53.1
986,236,4,2.3,1.6,2.6,0,6,1,6,14.5,4.1,88,55
987,237,4,1.2,8.3,3.8,0,2,1,10,20.2,6.9,79,49.4
988,238,4,3.5,7.9,2.7,0,0,0,10,13.9,0.0,113,70.6
989,239,4,4.2,4,2.8,0,3,0,11,24.2,18.5,90,56.2
990,240,4,4.4,7,3.8,0,0,3,9,16.5,10.0,71,44.4
991,241,4,2.2,8.8,2.1,0,1,2,12,26.0,10.8,89,55.6
992,242,4,2.2,0,2.8,0,2,2,6,15.5,6.0,82,51.2
993,243,4,6.4,12.7,3.6,0,4,3,9,10.6,14.5,83,51.9
994,244,4,2.3,8.5,4.7,0,3,0,9,18.2,9.9,75,46.9
995,245,4,3.4,8.8,1.5,0,1,1,7,11.5,3.6,113,70.6
996,246,4,0.8,4.6,3.9,0,3,0,8,18.0,9.8,88,55
997,247,4,2.2,5.5,3.5,0,1,3,10,16.5,7.5,63,39.4
998,248,4,2.1,3.3,2.4,0,3,1,11,11.5,4.6,97,60.6
999,249,4,1.6,9.6,2.8,0,0,0,12,3.1,0.0,117,73.1
1000,250,4,8.7,6.7,4.6,0,2,0,6,12.7,2.9,108,67.5
1001,1,5,4.3,8.2,2.6,0,2,3,6,4.7,11.3,90,56.2
1002,2,5,3.7,2.7,2.1,0,1,1,4,8.2,2.0,100,62.5
1003,3,5,3.3,2.9,3.3,0,3,2,5,16.9,1.0,93,58.1
1004,4,5,4.5,6.9,2.5,0,3,2,10,22.7,13.0,80,50
1005,5,5,3.2,7,3.4,0,4,2,9,16.7,6.5,86,53.8
1006,6,5,5.7,8.2,2.5,0,2,0,6,13.5,20.7,100,62.5
1007,7,5,4.6,nan,2.1,0,1,0,7,8.7,8.0,94,58.8
1008,8,5,4.3,12.4,1.9,0,0,0,9,14.5,16.5,123,76.9
1009,9,5,1.9,10.5,3,0,2,0,7,13.1,3.6,109,68.1
1010,10,5,1.3,6.2,2.3,0,4,1,7,8.8,11.1,93,58.1
1011,11,5,2,10,2.1,0,2,0,6,23.1,13.0,103,64.4
1012,12,5,4.7,10.4,3.3,0,3,0,9,17.0,4.3,114,71.2
1013,13,5,4.2,2.6,3.1,0,1,0,12,16.3,5.4,91,56.9
1014,14,5,1.6,5.3,3.3,0,2,0,6,16.2,10.1,89,55.6
1015,15,5,4.7,7.4,3.2,0,4,2,6,20.1,12.4,74,46.2
1016,16,5,2.7,7.6,2.2,0,1,0,8,6.1,8.6,104,65
1017,17,5,2.7,9.5,2.8,0,5,1,5,14.3,11.6,90,56.2
1018,18,5,6.9,9.1,3.4,0,1,1,8,9.8,4.0,118,73.8
1019,19,5,4.1,13.7,3,0,4,5,11,11.5,5.6,77,48.1
1020,20,5,4.5,13.9,3.1,0,3,0,9,15.3,11.3,101,63.1
1021,21,5,4.5,8.6,2.9,0,2,0,5,26.2,13.0,97,60.6
1022,22,5,1.6,6.3,2.4,0,2,1,5,15.8,1.9,106,66.2
1023,23,5,4.6,12.3,2,0,0,0,4,12.5,13.1,122,76.2
1024,24,5,11.5,11.3,3.8,0,1,0,12,16.3,0.1,133,83.1
1025,25,5,2.1,8.3,2.1,0,0,0,7,22.3,7.1,108,67.5
1026,26,5,5.9,11.6,2.3,0,1,1,6,22.4,10.8,104,65
1027,27,5,6.3,7.3,2.4,0,1,1,11,14.2,5.5,117,73.1
1028,28,5,6.2,4.7,4.6,0,3,0,6,9.5,4.3,106,66.2
1029,29,5,2.9,11.5,2.4,0,3,2,6,20.6,19.0,88,55
1030,30,5,3.3,6.3,2.7,0,0,2,6,16.7,5.0,101,63.1
1031,31,5,2.1,11,3.8,0,1,2,7,21.1,20.6,83,51.9
1032,32,5,3.9,10.5,3,0,3,0,4,17.8,10.6,106,66.2
1033,33,5,7.8,11.1,3.1,0,2,3,9,23.8,12.9,89,55.6
1034,34,5,2.7,9.2,3.8,0,4,0,7,15.6,14.3,78,48.8
1035,35,5,1.2,6.9,3,0,1,0,12,21.8,20.1,95,59.4
1036,36,5,4.1,10.4,2.8,0,4,0,10,12.9,2.1,116,72.5
1037,37,5,6.3,1.8,3.5,0,2,3,7,22.6,1.7,100,62.5
1038,38,5,3.5,3.1,2.9,0,3,0,10,9.7,4.3,105,65.6
1039,39,5,9.3,2.7,3.2,0,2,0,11,23.5,9.4,113,70.6
1040,40,5,3.6,6.4,3.6,0,3,2,5,14.7,0.4,93,58.1
1041,41,5,4,10.7,2.1,0,0,0,5,12.0,9.3,118,73.8
1042,42,5,2.2,3.9,2.9,0,4,1,5,14.3,18.0,80,50
1043,43,5,3.3,11.3,2.7,0,3,1,4,12.2,8.4,107,66.9
1044,44,5,6.2,3.8,3.1,0,0,0,6,19.2,9.9,103,64.4
1045,45,5,6.2,4.6,3.9,0,4,0,11,17.6,6.8,96,60
1046,46,5,7.5,4.1,3.6,0,5,0,10,11.6,12.6,102,63.8
1047,47,5,5.9,4.4,3.2,0,3,1,7,16.3,7.1,93,58.1
1048,48,5,5.2,9,1.6,0,0,2,8,21.8,13.1,130,81.2
1049,49,5,1.1,10.4,3.4,0,8,1,10,26.2,20.2,63,39.4
1050,50,5,2.5,12.5,2.5,0,4,0,12,18.4,11.7,96,60
1051,51,5,12.7,9.4,3.2,0,1,3,6,15.8,9.4,118,73.8
1052,52,5,3,5.5,4.5,0,6,0,9,13.3,11.2,89,55.6
1053,53,5,5.7,12.2,2.7,0,0,0,9,18.1,13.6,120,75
1054,54,5,3.8,7,3,0,1,0,9,10.0,5.8,106,66.2
1055,55,5,5.7,5.5,1.9,0,1,2,11,16.1,9.4,98,61.2
1056,56,5,4.1,0.2,2.8,0,2,3,10,8.5,5.3,79,49.4
1057,57,5,2.3,7.1,4.7,0,3,0,7,13.3,7.0,101,63.1
1058,58,5,2.6,8,3.7,0,3,2,10,17.1,10.6,89,55.6
1059,59,5,4.8,9.2,2.6,0,2,0,4,13.5,4.3,108,67.5
1060,60,5,3.1,5,2,0,2,0,7,23.7,8.4,101,63.1
1061,61,5,1.2,11.1,2.9,0,8,2,5,14.7,9.4,52,32.5
1062,62,5,5.3,10.1,3.6,0,1,0,6,13.2,10.5,87,54.4
1063,63,5,6.8,nan,3.6,0,1,1,12,24.4,10.4,112,70
1064,64,5,6.5,5.1,4.3,0,4,0,7,21.9,17.2,71,44.4
1065,65,5,6.6,8.7,1.5,0,0,3,4,20.7,6.4,113,70.6
1066,66,5,1.6,8,3,0,3,2,8,25.5,10.0,76,47.5
1067,67,5,9,6.1,4,0,1,2,4,14.4,3.6,99,61.9
1068,68,5,3.7,0.9,1.3,0,0,1,5,19.7,9.4,112,70
1069,69,5,2.4,7.4,2.2,0,1,1,7,18.1,12.2,89,55.6
1070,70,5,3.1,7.3,3.3,0,1,3,7,14.5,6.0,88,55
1071,71,5,2.7,5.8,4.5,0,5,1,6,17.9,6.8,83,51.9
1072,72,5,1.9,10.8,3.6,0,2,0,9,17.2,8.7,101,63.1
1073,73,5,4,9.5,2.4,0,2,0,8,8.3,6.9,106,66.2
1074,74,5,4.4,6.5,3.3,0,4,4,5,17.9,0.0,99,61.9
1075,75,5,3.6,7.4,2.4,0,2,2,11,25.5,20.4,81,50.6
1076,76,5,4.4,7.3,3.3,0,5,0,5,10.6,5.3,102,63.8
1077,77,5,3.6,8.1,2.2,0,1,2,7,20.4,12.0,88,55
1078,78,5,2.7,6.6,2.7,0,3,4,5,16.7,12.4,85,53.1
1079,79,5,2.9,6.3,3.4,0,5,3,12,16.9,24.5,73,45.6
1080,80,5,5.2,7.3,3.7,0,1,1,6,14.6,6.0,92,57.5
1081,81,5,1.7,8.4,2.4,0,4,0,11,12.3,11.9,94,58.8
1082,82,5,3,11.8,3.3,0,4,2,12,17.6,8.9,77,48.1
1083,83,5,6.4,6.7,4.1,0,3,1,5,19.8,5.7,101,63.1
1084,84,5,4.5,9.9,4.5,0,1,0,4,17.1,5.1,104,65
1085,85,5,5.6,7.5,4.3,0,2,0,4,13.0,4.0,102,63.8
1086,86,5,4,10.2,3.4,0,3,0,5,21.6,11.6,90,56.2
1087,87,5,2,7.5,3.1,0,4,2,7,2.4,4.4,79,49.4
1088,88,5,3.2,7.1,2.6,0,2,1,5,25.7,18.1,78,48.8
1089,89,5,4.3,12.7,3.7,0,2,0,12,6.3,9.1,106,66.2
1090,90,5,3.2,15.9,2,0,1,0,8,13.7,11.3,117,73.1
1091,91,5,3.6,9.7,3.3,0,1,2,11,11.8,9.3,87,54.4
1092,92,5,4.4,4.2,2.3,0,1,1,4,12.4,11.4,90,56.2
1093,93,5,6.2,8.2,2.4,0,0,1,5,20.8,10.2,116,72.5
1094,94,5,3.1,7.5,1.5,0,0,0,8,15.4,7.1,105,65.6
1095,95,5,7.1,11.9,3,0,3,1,5,15.6,6.4,116,72.5
1096,96,5,4,9.2,2.1,0,1,3,5,13.1,3.7,109,68.1
1097,97,5,6.6,7.9,4.5,0,3,0,4,17.5,5.3,100,62.5
1098,98,5,7,9.8,1.9,0,1,1,6,14.7,0.0,124,77.5
1099,99,5,9.3,6.9,2.6,0,0,0,10,9.0,15.1,126,78.8
1100,100,5,6.8,nan,4.2,0,6,0,11,26.2,7.9,84,52.5
1101,101,5,6.9,10.1,4.4,0,1,0,8,24.4,10.4,89,55.6
1102,102,5,9.2,9.5,3.3,0,3,2,5,12.6,13.9,109,68.1
1103,103,5,1.5,13.1,2.8,0,2,3,8,11.0,17.0,75,46.9
1104,104,5,2.3,7.6,2.2,0,0,2,9,15.9,6.6,88,55
1105,105,5,6.8,6.6,3.1,0,3,1,5,24.3,6.4,96,60
1106,106,5,1.1,6,2.8,0,5,2,7,19.9,20.6,76,47.5
1107,107,5,4.4,10.4,3,0,1,0,11,17.5,20.6,92,57.5
1108,108,5,4.4,5.8,3.8,0,4,0,7,13.0,8.8,95,59.4
1109,109,5,1.7,8.4,2.6,0,4,2,8,13.0,9.8,89,55.6
1110,110,5,2.4,11.6,1.8,0,0,1,11,24.0,5.2,116,72.5
1111,111,5,5.7,2.1,3.2,0,3,2,10,19.5,13.6,80,50
1112,112,5,5.4,5.6,3.1,0,2,1,5,17.6,6.5,100,62.5
1113,113,5,2.9,4,1.4,0,1,2,9,19.5,0.2,104,65
1114,114,5,2.5,11.8,2.9,0,2,2,12,21.3,8.6,73,45.6
1115,115,5,2.7,3.1,3.3,0,3,1,5,16.5,12.0,76,47.5
1116,116,5,5.2,14.9,2.9,0,0,0,12,11.0,1.2,133,83.1
1117,117,5,1.8,12.1,2.9,0,4,1,9,12.3,6.5,103,64.4
1118,118,5,4.1,13.4,3.9,0,5,0,10,15.3,5.1,94,58.8
1119,119,5,1.7,9.6,3.4,0,3,0,6,18.6,5.8,94,58.8
1120,120,5,6.4,6.9,2.8,0,0,0,4,17.4,14.6,109,68.1
1121,121,5,4.5,7.2,4.1,0,6,1,4,17.3,8.8,90,56.2
1122,122,5,7.9,5.9,3.5,0,3,1,9,15.3,9.8,101,63.1
1123,123,5,1,5.9,3.1,0,1,0,12,17.9,15.4,84,52.5
1124,124,5,1.2,nan,2.1,0,4,0,9,16.3,16.9,96,60
1125,125,5,2.9,7.2,3.7,0,3,0,7,3.9,9.8,100,62.5
1126,126,5,8.6,7.9,3.7,0,1,0,10,21.3,16.8,108,67.5
1127,127,5,2.1,3.4,2.9,0,3,2,12,19.1,9.7,73,45.6
1128,128,5,7.8,12.1,4,0,2,1,5,20.9,8.0,105,65.6
1129,129,5,4.5,10.9,4.3,0,4,3,4,2.0,4.3,80,50
1130,130,5,4.4,3.2,4.4,0,4,2,12,21.8,3.8,92,57.5
1131,131,5,5.8,10.2,3.3,0,1,0,4,15.8,14.4,107,66.9
1132,132,5,2.3,3.8,2.7,0,0,0,11,20.9,15.0,100,62.5
1133,133,5,2.9,7.6,2.2,0,3,0,5,11.9,15.3,96,60
1134,134,5,2,1.8,3.3,0,5,0,5,16.3,0.1,91,56.9
1135,135,5,4.3,6.2,2.5,0,0,0,6,9.6,13.4,114,71.2
1136,136,5,10.2,6.2,4.3,0,1,0,6,11.8,1.1,117,73.1
1137,137,5,3.3,7.7,2.8,0,1,0,6,26.5,14.8,97,60.6
1138,138,5,5.3,13.3,2.8,0,2,1,4,17.6,10.9,96,60
1139,139,5,5,7.1,1.8,0,1,2,11,14.9,11.0,113,70.6
1140,140,5,4.5,6.3,2.1,0,1,3,11,14.9,0.0,118,73.8
1141,141,5,3.7,6.4,3.9,0,6,0,10,16.9,13.7,88,55
1142,142,5,8,6.1,3.5,0,0,1,12,17.1,4.2,106,66.2
1143,143,5,4.3,nan,2.5,0,1,0,12,7.2,16.9,105,65.6
1144,144,5,3.1,6.2,2.7,0,0,1,12,18.7,8.2,94,58.8
1145,145,5,7.2,12.8,3.7,0,3,0,7,27.0,5.0,110,68.8
1146,146,5,6.2,8.3,1.7,0,0,0,9,17.9,5.1,111,69.4
1147,147,5,4.9,7.5,1.7,0,1,0,10,15.0,8.7,122,76.2
1148,148,5,3.9,8.2,2.5,0,1,0,9,21.1,17.6,106,66.2
1149,149,5,9.3,4.9,4.1,0,1,1,11,20.1,19.8,109,68.1
1150,150,5,4.2,2.6,2.8,0,2,1,10,20.0,8.8,100,62.5
1151,151,5,3,15.7,3,0,3,1,7,19.7,15.2,95,59.4
1152,152,5,5.7,9.8,4.6,0,5,1,9,11.1,11.7,82,51.2
1153,153,5,3.5,11.8,2.8,0,2,2,5,26.1,14.0,86,53.8
1154,154,5,4.2,7.3,2.6,0,2,0,12,10.0,8.6,104,65
1155,155,5,3.4,2.8,1.9,0,1,0,12,16.0,9.8,109,68.1
1156,156,5,3.8,3.8,3.4,0,4,0,9,12.5,12.8,87,54.4
1157,157,5,1.6,10.6,1,0,1,0,10,18.9,11.2,97,60.6
1158,158,5,2.6,10.7,3.7,0,4,1,7,19.4,11.5,77,48.1
1159,159,5,2.7,5.7,3.6,0,3,2,7,19.0,11.2,73,45.6
1160,160,5,3.6,9.3,2.7,0,3,1,8,21.2,16.7,82,51.2
1161,161,5,4.8,6.5,2.5,0,2,0,6,23.3,5.1,107,66.9
1162,162,5,2.4,9.6,3.5,0,1,1,4,18.2,9.5,93,58.1
1163,163,5,11.6,9.6,4.9,0,4,1,7,12.9,16.0,111,69.4
1164,164,5,3.9,7.1,2.8,0,1,1,10,20.8,15.0,98,61.2
1165,165,5,5.2,6.6,3.2,0,2,2,6,23.4,17.1,86,53.8
1166,166,5,2.2,7.4,2.2,0,1,1,10,10.0,10.3,98,61.2
1167,167,5,2.5,9.7,3.6,0,2,2,9,23.2,15.5,66,41.2
1168,168,5,9.3,5.6,2.4,0,1,0,7,20.9,15.9,114,71.2
1169,169,5,5.8,7.4,3,0,3,0,10,12.3,14.6,112,70
1170,170,5,3.9,6.8,4,0,2,0,11,22.4,1.5,93,58.1
1171,171,5,1.8,9.6,2.7,0,3,0,12,15.7,5.3,92,57.5
1172,172,5,9.2,9.4,2.3,0,0,2,10,17.0,15.9,116,72.5
1173,173,5,2.4,8.8,3.5,0,2,0,4,17.5,11.1,84,52.5
1174,174,5,3.2,11.1,3,0,2,1,7,13.7,4.8,107,66.9
1175,175,5,3.9,3.7,2.5,0,3,0,8,11.1,5.6,95,59.4
1176,176,5,5.1,8.7,2.9,0,1,0,4,11.2,9.9,99,61.9
1177,177,5,4.2,12.4,1.8,0,0,1,7,23.2,3.5,116,72.5
1178,178,5,4.1,11.9,2.2,0,4,0,5,11.0,18.1,109,68.1
1179,179,5,10.9,7.3,3.4,0,2,1,8,8.5,7.4,125,78.1
1180,180,5,4.5,5.5,4.2,0,6,0,5,3.3,7.9,92,57.5
1181,181,5,5.4,8.3,4.5,0,3,0,6,13.1,12.6,92,57.5
1182,182,5,1.8,4.1,3,0,2,1,6,9.2,13.8,88,55
1183,183,5,6.3,4.2,3.3,0,1,0,12,25.4,15.5,97,60.6
1184,184,5,1.4,10.6,4.1,0,6,0,8,21.0,14.7,77,48.1
1185,185,5,2.9,7.5,3.7,0,2,0,9,13.4,8.2,89,55.6
1186,186,5,12.8,5,4.2,0,0,1,12,28.5,10.1,109,68.1
1187,187,5,2.7,2.9,2.8,0,2,1,4,19.0,11.5,97,60.6
1188,188,5,4.2,8.5,3.9,0,2,0,6,14.6,8.0,95,59.4
1189,189,5,2.1,1.5,1.8,0,1,2,7,6.8,13.3,78,48.8
1190,190,5,2.1,11.4,3.1,0,3,0,12,28.0,12.5,90,56.2
1191,191,5,7.5,7.5,1.8,0,0,0,10,5.3,9.7,140,87.5
1192,192,5,3.3,12.1,3,0,1,0,10,7.7,2.4,106,66.2
1193,193,5,4,9.1,2.7,0,4,2,7,20.6,12.7,91,56.9
1194,194,5,3.6,10.6,4,0,3,3,11,28.5,9.3,76,47.5
1195,195,5,1.7,11.6,2,0,1,0,5,24.0,14.2,101,63.1
1196,196,5,3.9,13.6,2.1,0,4,1,7,17.1,11.8,109,68.1
1197,197,5,7.3,7.1,3.9,0,3,1,7,18.6,16.4,98,61.2
1198,198,5,2.7,3.8,2.3,0,3,1,4,23.8,19.5,75,46.9
1199,199,5,5.4,4.8,2.3,0,1,1,4,17.4,13.3,115,71.9
1200,200,5,7.4,7.5,3.8,0,3,2,11,14.8,13.5,104,65
1201,201,5,2,5.8,3.5,0,3,0,12,17.4,12.3,82,51.2
1202,202,5,6.6,nan,2,0,1,2,6,14.3,13.2,100,62.5
1203,203,5,1.3,0.7,2,0,2,1,4,16.2,11.0,86,53.8
1204,204,5,6,9.5,2,0,0,0,5,9.6,11.0,132,82.5
1205,205,5,3.5,8.7,2.8,0,3,3,4,15.1,13.5,84,52.5
1206,206,5,2.2,5.9,3.3,0,2,1,11,5.8,6.9,95,59.4
1207,207,5,3.9,6.6,2.3,0,1,2,4,16.7,12.8,93,58.1
1208,208,5,2.9,9.9,2.7,0,1,1,10,12.6,11.3,93,58.1
1209,209,5,1.5,5.3,2,0,2,1,11,12.3,8.5,85,53.1
1210,210,5,7.3,10.6,2.3,0,1,0,5,16.7,15.3,121,75.6
1211,211,5,7.6,6.7,3.5,0,2,2,6,23.3,10.6,96,60
1212,212,5,2.3,1.7,2.3,0,1,0,6,20.9,19.1,95,59.4
1213,213,5,3.3,1.9,3,0,6,3,10,7.5,2.8,73,45.6
1214,214,5,3.2,6.6,3,0,1,1,12,10.4,7.0,98,61.2
1215,215,5,3.6,5.8,3,0,3,1,10,24.0,13.7,75,46.9
1216,216,5,1.9,7.1,2.8,0,3,1,6,11.7,15.4,86,53.8
1217,217,5,6.9,9.7,3.9,0,1,1,10,16.2,12.9,97,60.6
1218,218,5,4.3,6.6,3.5,0,0,1,10,16.2,8.7,108,67.5
1219,219,5,2.4,8.3,3.5,0,1,1,7,13.2,7.1,83,51.9
1220,220,5,3.2,13.9,3.2,0,2,1,5,16.9,5.3,97,60.6
1221,221,5,2.7,7.8,2.1,0,0,3,6,12.7,14.5,81,50.6
1222,222,5,3.8,9.2,4,0,2,0,11,11.5,2.7,101,63.1
1223,223,5,6,6.2,4.1,0,1,1,8,19.1,9.2,89,55.6
1224,224,5,6,6.5,3.9,0,1,0,5,8.6,12.4,101,63.1
1225,225,5,2.2,5.5,2.6,0,9,2,12,16.2,4.6,76,47.5
1226,226,5,4.5,8.5,2.4,0,2,1,8,13.3,14.3,113,70.6
1227,227,5,2.5,7.9,3.3,0,1,2,7,16.6,12.8,97,60.6
1228,228,5,1.4,7.5,1.9,0,4,2,4,15.3,1.8,94,58.8
1229,229,5,2.2,7.7,3.6,0,1,0,9,23.8,7.2,88,55
1230,230,5,4.2,3.8,3.7,0,2,1,8,15.0,0.0,95,59.4
1231,231,5,1.6,11.6,2.6,0,3,2,5,14.8,7.6,85,53.1
1232,232,5,2.8,3.3,2.6,0,2,0,11,16.7,13.6,94,58.8
1233,233,5,5.3,9,3.4,0,4,1,8,18.6,8.4,93,58.1
1234,234,5,2.8,12.2,3.5,0,6,1,4,16.1,11.9,84,52.5
1235,235,5,2.8,2.9,1.8,0,0,1,5,13.0,0.6,115,71.9
1236,236,5,2.4,13.2,3.2,0,3,1,6,13.2,14.0,90,56.2
1237,237,5,1.3,12.4,2.4,0,1,1,10,12.2,7.1,101,63.1
1238,238,5,3.6,4.5,2.4,0,1,0,10,7.1,8.4,111,69.4
1239,239,5,4.3,9.5,2.7,0,2,2,11,23.2,8.2,101,63.1
1240,240,5,4.5,3,2.9,0,1,2,9,10.1,5.0,91,56.9
1241,241,5,2.3,3.9,3.6,0,2,1,12,12.3,5.0,84,52.5
1242,242,5,2.3,2.4,3.7,0,2,0,6,13.5,15.1,82,51.2
1243,243,5,6.5,7.5,3.4,0,1,2,9,22.0,13.2,91,56.9
1244,244,5,2.4,8.8,3.6,0,5,0,9,12.4,12.4,94,58.8
1245,245,5,3.5,10.2,2.8,0,1,0,7,20.9,10.1,110,68.8
1246,246,5,0.8,4.5,2.8,0,2,0,8,12.7,10.9,89,55.6
1247,247,5,2.2,9.4,3.9,0,4,0,10,20.1,5.7,73,45.6
1248,248,5,2.2,10,3.3,0,1,1,11,12.3,9.3,91,56.9
1249,249,5,1.7,5.5,3.4,0,2,0,12,24.5,8.0,96,60
1250,250,5,8.8,7.2,4,0,4,2,6,9.1,17.1,99,61.9
1251,1,6,4.4,6.9,3.4,0,2,0,6,18.5,13.9,94,58.8
1252,2,6,3.8,12.5,3,0,0,2,4,20.7,17.7,94,58.8
1253,3,6,3.4,10,3.7,0,1,0,5,16.2,10.4,107,66.9
1254,4,6,4.6,3.1,1.7,0,0,0,10,13.0,5.3,120,75
1255,5,6,3.3,3,3.1,0,1,2,9,15.5,10.7,86,53.8
1256,6,6,5.7,7,3.4,0,1,3,6,16.9,11.4,89,55.6
1257,7,6,4.7,3.7,2.8,0,1,1,7,13.2,4.1,107,66.9
1258,8,6,4.3,6.7,2.5,0,0,1,9,19.2,6.9,110,68.8
1259,9,6,1.9,8.7,2.7,0,2,0,7,26.0,8.3,100,62.5
1260,10,6,1.4,8.3,3.2,0,2,2,7,14.0,17.4,80,50
1261,11,6,2,4.2,2.1,0,5,2,6,11.6,4.0,71,44.4
1262,12,6,4.8,4.5,2.9,0,4,1,9,13.8,13.6,98,61.2
1263,13,6,4.3,15.9,3.3,0,3,0,12,26.2,3.7,113,70.6
1264,14,6,1.7,8.4,3.4,0,3,1,6,13.4,5.7,79,49.4
1265,15,6,4.8,7.3,1.9,0,1,0,6,28.6,19.7,92,57.5
1266,16,6,2.7,9.1,4.3,0,3,1,8,25.3,14.0,77,48.1
1267,17,6,2.7,13.9,3.3,0,2,2,5,12.0,13.7,98,61.2
1268,18,6,7,14,3.5,0,3,1,8,19.8,14.3,100,62.5
1269,19,6,4.1,7.9,2.4,0,2,2,11,24.1,18.9,94,58.8
1270,20,6,4.6,6.3,3.1,0,3,2,9,12.2,10.5,97,60.6
1271,21,6,4.6,6.4,2.7,0,5,2,5,17.5,12.1,76,47.5
1272,22,6,1.7,8.3,3,0,2,0,5,12.1,10.4,99,61.9
1273,23,6,4.7,10.2,3,0,2,1,4,13.4,17.5,91,56.9
1274,24,6,11.6,9.4,3.4,0,0,3,12,12.4,6.2,115,71.9
1275,25,6,2.1,15.4,2.3,0,2,3,7,7.6,4.8,104,65
1276,26,6,6,10.2,2.8,0,0,0,6,17.8,10.3,108,67.5
1277,27,6,6.3,4.4,4,0,4,0,11,11.0,0.3,97,60.6
1278,28,6,6.3,9.1,2.1,0,1,2,6,15.1,8.6,117,73.1
1279,29,6,3,13.9,3.6,0,3,2,6,11.3,4.9,76,47.5
1280,30,6,3.4,7.1,3.1,0,2,1,6,17.2,9.8,95,59.4
1281,31,6,2.2,3.5,2.6,0,3,2,7,20.8,14.5,79,49.4
1282,32,6,4,6.2,3.5,0,1,1,4,5.6,7.3,98,61.2
1283,33,6,7.9,4,4.2,0,1,1,9,19.5,18.6,91,56.9
1284,34,6,2.8,3.3,3.2,0,4,1,7,23.0,5.1,77,48.1
1285,35,6,1.3,8.1,3.5,0,2,0,12,10.3,15.3,88,55
1286,36,6,4.2,11.7,3.3,0,7,1,10,20.1,9.0,102,63.8
1287,37,6,6.4,6.9,3.6,0,3,0,7,14.8,0.0,114,71.2
1288,38,6,3.6,9.3,2.7,0,4,0,10,11.1,20.3,103,64.4
1289,39,6,9.4,10.8,2.5,0,1,2,11,15.7,9.7,116,72.5
1290,40,6,3.7,11.2,3.7,0,0,2,5,18.7,5.9,95,59.4
1291,41,6,4.1,8.2,2.2,0,2,2,5,19.8,7.6,83,51.9
1292,42,6,2.3,6.8,2.7,0,2,1,5,22.4,12.9,76,47.5
1293,43,6,3.4,0,3.7,0,5,1,4,14.4,12.6,63,39.4
1294,44,6,6.2,10.5,4.5,0,1,0,6,17.6,10.9,99,61.9
1295,45,6,6.3,0.1,4,0,3,2,11,12.1,12.0,69,43.1
1296,46,6,7.6,8.5,3.8,0,6,0,10,19.5,17.1,78,48.8
1297,47,6,6,5.1,2.9,0,0,1,7,12.2,9.0,103,64.4
1298,48,6,5.3,11.8,2.5,0,3,0,8,9.3,0.0,122,76.2
1299,49,6,1.2,7.1,4.4,0,2,1,10,23.2,10.4,72,45
1300,50,6,2.6,11.8,2.5,0,4,1,12,20.5,0.0,96,60
1301,51,6,12.8,10.2,4.2,0,1,1,6,19.5,11.8,117,73.1
1302,52,6,3.1,5.5,1.6,0,1,0,9,8.8,4.5,115,71.9
1303,53,6,5.7,7.2,4.9,0,5,0,9,14.6,10.9,84,52.5
1304,54,6,3.9,9,1.9,0,1,1,9,20.1,13.8,114,71.2
1305,55,6,5.8,11.6,2.7,0,0,1,11,19.3,8.6,100,62.5
1306,56,6,4.2,11.3,3.6,0,6,0,10,27.1,14.4,90,56.2
1307,57,6,2.3,11.5,2.2,0,5,2,7,18.7,9.2,84,52.5
1308,58,6,2.7,10.4,2.3,0,1,1,10,18.6,19.0,94,58.8
1309,59,6,4.9,10,2.6,0,2,0,4,15.7,9.8,103,64.4
1310,60,6,3.1,5.9,3.3,0,2,1,7,16.6,6.4,90,56.2
1311,61,6,1.2,10.7,2.8,0,1,0,5,15.3,12.8,99,61.9
1312,62,6,5.4,11.4,2.7,0,2,2,6,18.8,7.4,104,65
1313,63,6,6.9,1.8,4.8,0,4,0,12,17.1,3.1,101,63.1
1314,64,6,6.6,9.8,4.6,0,4,1,7,17.5,13.3,67,41.9
1315,65,6,6.6,14.6,3.4,0,7,1,4,7.1,7.6,106,66.2
1316,66,6,1.7,7.2,3.4,0,2,2,8,9.6,18.1,71,44.4
1317,67,6,9.1,6.7,3.9,0,3,1,4,15.8,0.0,114,71.2
1318,68,6,3.8,13.1,3.3,0,3,3,5,7.6,6.9,101,63.1
1319,69,6,2.5,7.2,3.1,0,2,1,7,8.9,16.2,76,47.5
1320,70,6,3.2,nan,2.8,0,3,0,7,14.0,11.3,106,66.2
1321,71,6,2.8,12.3,3.7,0,2,1,6,16.3,9.0,99,61.9
1322,72,6,2,9.4,3.1,0,1,0,9,27.9,15.1,98,61.2
1323,73,6,4.1,10.7,3,0,3,5,8,17.4,10.9,73,45.6
1324,74,6,4.4,10.3,2.1,0,0,1,5,20.7,9.8,108,67.5
1325,75,6,3.7,11,4.2,0,3,0,11,17.2,13.2,88,55
1326,76,6,4.4,8,4.5,0,4,0,5,13.5,8.4,96,60
1327,77,6,3.7,3.7,3.3,0,4,0,7,21.3,9.4,85,53.1
1328,78,6,2.7,13.2,3.3,0,1,1,5,10.7,8.1,115,71.9
1329,79,6,3,7.9,3.4,0,2,0,12,17.5,7.6,93,58.1
1330,80,6,5.3,1.5,3.5,0,1,1,6,18.4,8.3,90,56.2
1331,81,6,1.8,8.6,3.1,0,2,1,11,10.9,6.1,97,60.6
1332,82,6,3.1,6.6,2.1,0,1,0,12,21.7,16.8,100,62.5
1333,83,6,6.5,5.7,3.5,0,3,2,5,11.9,0.0,106,66.2
1334,84,6,4.6,12.2,2.8,0,3,2,4,14.4,13.7,88,55
1335,85,6,5.6,4.2,2.2,0,1,1,4,18.1,9.7,108,67.5
1336,86,6,4.1,nan,2.5,0,1,1,5,18.7,13.2,115,71.9
1337,87,6,2.1,9.2,2.6,0,1,0,7,11.0,2.5,104,65
1338,88,6,3.3,7.6,3.3,0,2,3,5,17.2,12.1,79,49.4
1339,89,6,4.3,4.4,3.1,0,2,1,12,19.7,15.9,76,47.5
1340,90,6,3.3,5.6,2.3,0,1,1,8,21.7,12.9,97,60.6
1341,91,6,3.7,10.3,3.6,0,2,0,11,19.3,0.0,93,58.1
1342,92,6,4.5,8,3,0,4,1,4,14.3,14.2,100,62.5
1343,93,6,6.3,9.3,3.5,0,3,0,5,18.3,5.3,110,68.8
1344,94,6,3.2,7.4,2.3,0,3,4,8,22.0,12.1,85,53.1
1345,95,6,7.2,6,4.6,0,5,1,5,14.8,9.1,103,64.4
1346,96,6,4.1,8.5,3.7,0,4,1,5,18.0,8.3,79,49.4
1347,97,6,6.7,8.9,2.7,0,2,1,4,6.6,9.8,121,75.6
1348,98,6,7.1,6.4,3.5,0,2,1,6,8.5,6.2,111,69.4
1349,99,6,9.4,3.9,3,0,2,0,10,15.5,2.7,108,67.5
1350,100,6,6.9,8.4,2.7,0,2,1,11,14.5,16.6,100,62.5
1351,101,6,7,5.3,4.6,0,5,1,8,13.5,5.3,91,56.9
1352,102,6,9.3,8.3,3,0,0,1,5,18.8,8.8,107,66.9
1353,103,6,1.5,9.6,2,0,2,0,8,19.2,9.2,98,61.2
1354,104,6,2.4,8.6,3.8,0,4,0,9,13.7,9.3,94,58.8
1355,105,6,6.8,7.3,3.7,0,2,0,5,21.4,12.7,91,56.9
1356,106,6,1.2,8.2,2.3,0,0,1,7,15.1,11.1,103,64.4
1357,107,6,4.5,14.2,3,0,1,1,11,10.0,8.1,90,56.2
1358,108,6,4.5,4.6,2.6,0,4,0,7,9.7,5.6,104,65
1359,109,6,1.7,11,3.4,0,6,0,8,15.6,10.1,82,51.2
1360,110,6,2.5,10.8,1.9,0,0,1,11,10.6,18.6,104,65
1361,111,6,5.8,5.4,4.5,0,5,1,10,20.3,11.0,75,46.9
1362,112,6,5.5,2.9,2.5,0,0,2,5,21.9,12.8,107,66.9
1363,113,6,3,9.7,3.3,0,3,3,9,21.3,9.3,84,52.5
1364,114,6,2.6,7.7,1.7,0,2,2,12,19.8,13.2,74,46.2
1365,115,6,2.8,9.7,1.6,0,1,1,5,23.7,9.5,104,65
1366,116,6,5.3,8,4.8,0,4,1,12,15.0,7.5,90,56.2
1367,117,6,1.9,4.1,3.8,0,5,1,9,10.2,8.6,91,56.9
1368,118,6,4.2,6.9,3.3,0,2,2,10,12.8,15.6,90,56.2
1369,119,6,1.8,6.1,2.4,0,6,1,6,12.4,9.8,91,56.9
1370,120,6,6.5,7.2,4,0,2,0,4,15.6,16.4,95,59.4
1371,121,6,4.6,4.5,3.3,0,1,1,4,17.0,6.1,95,59.4
1372,122,6,8,nan,4.1,0,4,1,9,18.3,2.0,99,61.9
1373,123,6,1.1,10.8,3.5,0,6,1,12,14.8,6.6,84,52.5
1374,124,6,1.3,0.3,2,0,1,0,9,18.3,9.7,84,52.5
1375,125,6,3,7.8,3.5,0,3,2,7,18.8,11.9,80,50
1376,126,6,8.7,12.4,3,0,2,1,10,21.7,8.4,114,71.2
1377,127,6,2.2,12,4.2,0,3,2,12,22.6,14.9,70,43.8
1378,128,6,7.9,12.5,2.9,0,3,2,5,10.0,7.4,101,63.1
1379,129,6,4.5,1.2,2.2,0,4,1,4,2.5,9.7,97,60.6
1380,130,6,4.5,6.4,3.5,0,4,0,12,18.9,11.5,98,61.2
1381,131,6,5.9,7.5,3.6,0,5,0,4,8.9,1.2,97,60.6
1382,132,6,2.4,15.3,3.8,0,8,0,11,13.3,17.6,88,55
1383,133,6,3,9.1,2.7,0,3,0,5,10.2,8.9,99,61.9
1384,134,6,2,nan,2.4,0,2,2,5,7.8,13.3,97,60.6
1385,135,6,4.4,9.2,3.7,0,1,2,6,7.4,1.6,92,57.5
1386,136,6,10.3,6,3.8,0,1,2,6,16.2,8.0,117,73.1
1387,137,6,3.4,8.5,2.3,0,0,1,6,18.9,9.3,108,67.5
1388,138,6,5.4,11.4,2.2,0,1,1,4,16.2,12.7,99,61.9
1389,139,6,5.1,5.5,2.1,0,0,0,11,2.3,13.5,117,73.1
1390,140,6,4.6,10.8,3.5,0,2,3,11,12.4,12.1,92,57.5
1391,141,6,3.8,9.5,2.4,0,2,2,10,15.3,8.8,107,66.9
1392,142,6,8.1,4.9,3.7,0,3,1,12,8.3,11.7,100,62.5
1393,143,6,4.4,10.2,2.3,0,2,1,12,15.5,8.4,109,68.1
1394,144,6,3.2,10.6,4.4,0,4,1,12,13.4,14.9,92,57.5
1395,145,6,7.3,7.6,3.3,0,0,0,7,21.2,6.1,103,64.4
1396,146,6,6.3,10,3.8,0,1,1,9,17.7,11.6,97,60.6
1397,147,6,5,8.5,3.9,0,3,2,10,13.5,12.5,77,48.1
1398,148,6,3.9,5.7,2.9,0,1,2,9,18.6,10.1,106,66.2
1399,149,6,9.4,5.7,3.1,0,2,1,11,11.5,3.0,125,78.1
1400,150,6,4.3,11.5,1.9,0,3,2,10,12.0,0.0,117,73.1
1401,151,6,3.1,9,3.6,0,2,3,7,15.4,14.5,65,40.6
1402,152,6,5.8,6.9,2.9,0,3,3,9,14.7,12.1,86,53.8
1403,153,6,3.6,10.3,3.6,0,2,1,5,12.3,16.8,91,56.9
1404,154,6,4.3,8.7,1.4,0,1,2,12,13.2,3.0,114,71.2
1405,155,6,3.5,13.7,1,0,0,3,12,21.2,11.7,122,76.2
1406,156,6,3.9,5.6,3.2,0,0,0,9,9.7,20.4,100,62.5
1407,157,6,1.6,6.9,3.5,0,3,3,10,9.1,9.5,69,43.1
1408,158,6,2.7,9.9,2.5,0,4,1,7,25.5,7.1,82,51.2
1409,159,6,2.8,9,3.3,0,3,0,7,16.7,10.1,86,53.8
1410,160,6,3.7,11,3.3,0,2,1,8,13.5,10.8,93,58.1
1411,161,6,4.9,7.9,4,0,4,0,6,20.9,12.2,92,57.5
1412,162,6,2.4,8.1,3,0,2,0,4,12.5,7.0,99,61.9
1413,163,6,11.7,11.4,4.2,0,2,0,7,22.9,14.3,127,79.4
1414,164,6,3.9,13.3,3.6,0,2,0,10,20.4,6.3,96,60
1415,165,6,5.3,3.1,4,0,3,0,6,14.3,3.6,88,55
1416,166,6,2.3,7.5,1.1,0,0,1,10,24.5,12.7,116,72.5
1417,167,6,2.6,4.2,1,0,0,0,9,16.5,4.4,96,60
1418,168,6,9.4,7.1,3.9,0,2,1,7,20.4,9.9,102,63.8
1419,169,6,5.9,5.5,3.3,0,4,0,10,17.0,22.9,98,61.2
1420,170,6,4,12.7,4.2,0,3,1,11,22.6,10.1,88,55
1421,171,6,1.9,6,2,0,0,1,12,25.8,7.6,89,55.6
1422,172,6,9.2,14,2.9,0,1,0,10,15.3,9.0,128,80
1423,173,6,2.5,3.3,2.4,0,1,2,4,13.8,11.3,84,52.5
1424,174,6,3.3,4.3,2.4,0,3,1,7,17.5,10.2,95,59.4
1425,175,6,3.9,9.8,2.5,0,1,1,8,10.5,10.6,113,70.6
1426,176,6,5.2,5,1.6,0,2,2,4,23.0,3.0,114,71.2
1427,177,6,4.3,10.7,2.8,0,3,1,7,17.4,17.9,95,59.4
1428,178,6,4.2,3.5,1.9,0,1,1,5,14.2,11.2,103,64.4
1429,179,6,11,9.8,3.8,0,2,1,8,17.7,13.7,110,68.8
1430,180,6,4.6,10.1,3,0,2,0,5,12.0,10.0,94,58.8
1431,181,6,5.4,8.7,3.5,0,1,0,6,11.5,15.6,104,65
1432,182,6,1.9,2.3,1.9,0,1,2,6,22.5,9.7,87,54.4
1433,183,6,6.4,5.5,2.9,0,3,2,12,11.9,10.5,98,61.2
1434,184,6,1.5,1.7,1.6,0,1,0,8,10.6,6.3,100,62.5
1435,185,6,3,14,3.4,0,3,0,9,18.5,5.7,98,61.2
1436,186,6,12.9,9.8,4.8,0,4,1,12,23.7,14.8,98,61.2
1437,187,6,2.8,4.3,2.6,0,2,2,4,17.9,6.5,95,59.4
1438,188,6,4.3,4.8,3.1,0,2,2,6,22.7,8.3,81,50.6
1439,189,6,2.2,12.4,2.8,0,2,0,7,16.0,11.0,85,53.1
1440,190,6,2.2,11.3,2.6,0,5,0,12,10.1,14.4,88,55
1441,191,6,7.6,11.5,3.4,0,1,2,10,26.3,10.2,92,57.5
1442,192,6,3.4,8.4,2.8,0,3,0,10,13.3,8.7,102,63.8
1443,193,6,4.1,4.9,3.2,0,3,0,7,17.8,13.3,81,50.6
1444,194,6,3.6,10.2,2.2,0,0,0,11,23.6,3.2,106,66.2
1445,195,6,1.8,2.9,2.7,0,3,1,5,20.5,5.8,77,48.1
1446,196,6,4,8.4,3,0,3,0,7,15.7,9.1,109,68.1
1447,197,6,7.4,10.7,3.7,0,0,2,7,28.1,8.1,98,61.2
1448,198,6,2.8,5.4,2.8,0,3,1,4,11.4,13.1,96,60
1449,199,6,5.5,10.2,5,0,5,0,4,19.1,12.4,93,58.1
1450,200,6,7.5,10.7,2.5,0,0,1,11,11.6,8.4,137,85.6
1451,201,6,2.1,5.1,2.7,0,5,2,12,18.6,19.3,71,44.4
1452,202,6,6.7,6.4,3.3,0,3,0,6,21.9,8.2,109,68.1
1453,203,6,1.3,nan,2.8,0,4,2,4,9.7,12.4,77,48.1
1454,204,6,6.1,14.6,3.6,0,2,4,5,17.1,10.9,98,61.2
1455,205,6,3.5,4.6,3.4,0,3,0,4,20.8,9.8,82,51.2
1456,206,6,2.2,5.8,3,0,1,2,11,22.2,21.2,82,51.2
1457,207,6,4,6,3.4,0,1,1,4,13.8,17.7,97,60.6
1458,208,6,3,7.7,3.1,0,3,1,10,13.4,11.7,83,51.9
1459,209,6,1.6,7.4,3.7,0,3,0,11,11.0,11.9,85,53.1
1460,210,6,7.3,8.3,2.3,0,1,0,5,3.8,13.3,130,81.2
1461,211,6,7.7,9.5,2.6,0,0,1,6,30.2,13.4,98,61.2
1462,212,6,2.4,10.5,3.3,0,2,1,6,13.0,9.6,82,51.2
1463,213,6,3.4,8.6,2.1,0,0,1,10,16.2,15.0,100,62.5
1464,214,6,3.2,12.4,3.3,0,1,0,12,15.3,11.0,99,61.9
1465,215,6,3.7,14.2,1.1,0,0,0,10,16.0,9.4,129,80.6
1466,216,6,2,5.6,3.9,0,6,1,6,21.1,7.8,67,41.9
1467,217,6,7,7.9,3.5,0,1,2,10,23.0,5.5,87,54.4
1468,218,6,4.4,6.1,3,0,2,2,10,13.6,11.5,89,55.6
1469,219,6,2.5,5.8,3.4,0,4,3,7,14.1,12.7,78,48.8
1470,220,6,3.3,7.9,3.4,0,4,2,5,16.1,7.7,88,55
1471,221,6,2.8,10.4,3.7,0,5,1,6,16.4,17.6,76,47.5
1472,222,6,3.9,8.6,3.3,0,0,1,11,23.5,6.6,100,62.5
1473,223,6,6,8.8,3.2,0,1,2,8,17.8,4.9,102,63.8
1474,224,6,6.1,6.1,3.4,0,3,0,5,21.4,11.7,92,57.5
1475,225,6,2.3,10.4,2,0,2,1,12,21.7,12.4,88,55
1476,226,6,4.5,6.9,3.6,0,3,1,8,20.3,11.8,96,60
1477,227,6,2.6,9.7,3,0,3,1,7,16.9,6.8,91,56.9
1478,228,6,1.5,8.8,3.5,0,3,1,4,8.4,14.5,90,56.2
1479,229,6,2.3,9.3,3.1,0,2,0,9,17.6,18.0,97,60.6
1480,230,6,4.3,10.7,1,0,0,1,8,11.2,8.4,125,78.1
1481,231,6,1.7,9.9,2.5,0,4,0,5,13.9,15.9,92,57.5
1482,232,6,2.9,3.7,3,0,4,1,11,16.7,3.8,92,57.5
1483,233,6,5.4,6.5,3,0,1,1,8,17.2,9.7,122,76.2
1484,234,6,2.9,9.4,2.2,0,2,0,4,12.7,11.1,119,74.4
1485,235,6,2.8,13.4,2.1,0,0,3,5,17.4,13.2,101,63.1
1486,236,6,2.5,6.1,4.5,0,4,1,6,24.5,10.0,74,46.2
1487,237,6,1.4,5,2.1,0,1,0,10,16.7,0.0,100,62.5
1488,238,6,3.7,8.5,4.5,0,5,0,10,27.6,6.3,86,53.8
1489,239,6,4.3,12.8,2.3,0,1,1,11,16.7,5.3,117,73.1
1490,240,6,4.5,6.3,3.2,0,4,1,9,10.1,8.9,78,48.8
1491,241,6,2.4,9.3,2.9,0,3,1,12,17.5,8.5,99,61.9
1492,242,6,2.4,10.5,3.4,0,2,2,6,16.5,6.7,93,58.1
1493,243,6,6.5,9.3,3.8,0,2,0,9,24.9,9.1,92,57.5
1494,244,6,2.5,8.1,2.4,0,2,2,9,19.3,5.6,91,56.9
1495,245,6,3.6,4,2.6,0,1,4,7,15.2,6.8,84,52.5
1496,246,6,0.9,13.1,3.2,0,4,0,8,9.3,14.1,93,58.1
1497,247,6,2.3,10.9,2.1,0,0,0,10,16.1,8.4,104,65
1498,248,6,2.3,8.2,3.8,0,4,0,11,13.4,9.6,78,48.8
1499,249,6,1.7,12.5,4.2,0,1,1,12,9.2,3.9,105,65.6
1500,250,6,8.9,9.1,2.4,0,0,1,6,18.0,10.5,125,78.1
1501,1,7,4.5,10.8,2.7,0,1,0,6,23.7,11.4,111,69.4
1502,2,7,3.9,7.4,3.8,0,3,1,4,18.9,0.0,84,52.5
1503,3,7,3.5,3.6,2.4,0,3,0,5,9.2,13.7,101,63.1
1504,4,7,4.6,7.3,3.6,0,1,1,10,18.0,15.8,96,60
1505,5,7,3.4,7.4,3.4,0,0,1,9,18.8,2.4,109,68.1
1506,6,7,5.8,9.1,3.2,0,5,0,6,15.4,8.6,88,55
1507,7,7,4.8,10.6,3.2,0,2,2,7,15.4,8.1,95,59.4
1508,8,7,4.4,5.8,3.2,0,2,3,9,14.2,5.0,93,58.1
1509,9,7,2,11.7,2.6,0,3,1,7,10.3,9.2,102,63.8
1510,10,7,1.5,1.6,2.1,0,6,0,7,16.2,0.0,95,59.4
1511,11,7,2.1,7.9,3.7,0,1,1,6,18.6,8.3,75,46.9
1512,12,7,4.9,nan,3.5,0,2,2,9,18.0,11.2,74,46.2
1513,13,7,4.4,9,3,0,1,1,12,16.7,15.1,106,66.2
1514,14,7,1.8,7.6,3.7,0,5,1,6,9.4,4.0,87,54.4
1515,15,7,4.9,4.3,3.7,0,1,0,6,15.8,17.1,90,56.2
1516,16,7,2.8,8.5,3.9,0,0,1,8,15.2,6.8,111,69.4
1517,17,7,2.8,7.7,2.9,0,3,0,5,10.7,0.0,110,68.8
1518,18,7,7.1,12.6,3.6,0,1,0,8,24.7,12.7,111,69.4
1519,19,7,4.2,8.4,2.7,0,2,2,11,15.2,10.8,89,55.6
1520,20,7,4.7,6.2,3,0,4,2,9,15.6,6.8,93,58.1
1521,21,7,4.7,6.5,2.8,0,1,0,5,21.8,12.3,100,62.5
1522,22,7,1.8,12.4,3.5,0,2,1,5,8.4,11.2,94,58.8
1523,23,7,4.8,5.1,3.6,0,2,0,4,8.6,14.3,92,57.5
1524,24,7,11.7,13.3,4.5,0,3,1,12,11.4,17.7,99,61.9
1525,25,7,2.2,9.5,1.8,0,0,1,7,19.8,9.4,115,71.9
1526,26,7,6.1,8.1,3,0,3,0,6,13.0,4.2,106,66.2
1527,27,7,6.4,10.3,2.5,0,2,1,11,27.6,7.3,111,69.4
1528,28,7,6.4,11.4,2.9,0,6,2,6,9.0,18.3,111,69.4
1529,29,7,3.1,10,3.3,0,6,1,6,16.5,12.8,85,53.1
1530,30,7,3.5,8.9,3.2,0,5,1,6,22.7,19.2,90,56.2
1531,31,7,2.2,6.6,4.5,0,6,1,7,27.7,17.7,61,38.1
1532,32,7,4,5,2.9,0,1,1,4,26.9,11.8,93,58.1
1533,33,7,8,4.7,3,0,0,3,9,25.1,14.3,87,54.4
1534,34,7,2.9,7.3,2,0,2,2,7,22.4,11.4,88,55
1535,35,7,1.3,5.5,2,0,4,2,12,19.3,3.5,80,50
1536,36,7,4.3,5.3,3.8,0,0,3,10,19.9,9.8,85,53.1
1537,37,7,6.4,6.3,3.9,0,1,0,7,8.9,10.7,122,76.2
1538,38,7,3.7,7.5,2.2,0,2,1,10,12.2,7.9,99,61.9
1539,39,7,9.5,11.4,3.6,0,1,0,11,16.2,12.0,117,73.1
1540,40,7,3.8,0,3.6,0,2,1,5,15.5,14.0,83,51.9
1541,41,7,4.2,8.4,3.1,0,1,1,5,13.5,5.8,101,63.1
1542,42,7,2.3,11.9,3.5,0,1,4,5,22.3,10.5,69,43.1
1543,43,7,3.5,5.7,2.6,0,3,2,4,20.4,5.5,90,56.2
1544,44,7,6.3,5.8,3.8,0,2,2,6,16.8,6.9,90,56.2
1545,45,7,6.4,10.4,2.5,0,0,1,11,23.2,4.6,113,70.6
1546,46,7,7.7,10,4,0,9,2,10,12.7,8.9,70,43.8
1547,47,7,6.1,9.1,3,0,2,4,7,15.4,16.1,89,55.6
1548,48,7,5.4,9.8,3.2,0,4,0,8,12.0,5.9,102,63.8
1549,49,7,1.3,9,2.6,0,0,0,10,7.8,11.6,97,60.6
1550,50,7,2.7,10.3,3.4,0,5,0,12,15.7,8.3,87,54.4
1551,51,7,12.9,13.3,4.9,0,3,2,6,15.8,15.0,107,66.9
1552,52,7,3.2,8,3.5,0,3,1,9,22.3,14.4,92,57.5
1553,53,7,5.8,5.9,2.6,0,3,1,9,17.7,12.5,105,65.6
1554,54,7,4,4.3,3.4,0,3,0,9,13.3,13.8,82,51.2
1555,55,7,5.9,9.2,2.7,0,3,2,11,27.1,11.2,88,55
1556,56,7,4.3,6.9,2.4,0,0,0,10,23.5,6.6,102,63.8
1557,57,7,2.4,4.2,2.6,0,2,1,7,23.1,22.5,72,45
1558,58,7,2.7,11.3,2.9,0,3,4,10,14.0,5.8,84,52.5
1559,59,7,5,6.9,3,0,0,2,4,11.5,12.8,99,61.9
1560,60,7,3.2,nan,1.5,0,2,4,7,16.0,10.0,91,56.9
1561,61,7,1.3,10.9,2.9,0,1,1,5,15.3,15.4,90,56.2
1562,62,7,5.5,6.7,2.4,0,1,3,6,21.8,8.1,95,59.4
1563,63,7,7,10.4,4,0,0,2,12,25.5,14.3,99,61.9
1564,64,7,6.7,10.1,2.9,0,2,2,7,24.7,14.3,97,60.6
1565,65,7,6.7,7.6,2.7,0,1,0,4,17.2,20.9,98,61.2
1566,66,7,1.8,9.9,2.7,0,3,0,8,10.8,8.5,94,58.8
1567,67,7,9.2,4,2.2,0,1,0,4,12.0,0.2,141,88.1
1568,68,7,3.9,3.7,3.5,0,1,0,5,8.6,9.2,91,56.9
1569,69,7,2.6,4.5,2.8,0,3,2,7,16.2,9.6,89,55.6
1570,70,7,3.3,14.2,3,0,2,0,7,13.9,8.9,110,68.8
1571,71,7,2.9,10.8,2.2,0,0,0,6,9.0,3.7,131,81.9
1572,72,7,2.1,2.7,2.8,0,4,1,9,9.1,3.3,78,48.8
1573,73,7,4.1,6.9,2.4,0,0,0,8,18.9,12.4,107,66.9
1574,74,7,4.5,9.5,3.1,0,3,1,5,11.9,16.7,103,64.4
1575,75,7,3.8,7.7,3.5,0,6,2,11,8.9,10.9,83,51.9
1576,76,7,4.5,4.8,3.1,0,2,1,5,2.2,13.0,94,58.8
1577,77,7,3.8,9.5,4.1,0,2,0,7,19.6,16.0,78,48.8
1578,78,7,2.8,7.6,2.1,0,2,0,5,21.5,8.6,116,72.5
1579,79,7,3.1,3.2,2.7,0,2,0,12,23.2,13.3,98,61.2
1580,80,7,5.4,9.6,3.3,0,4,2,6,10.7,8.6,104,65
1581,81,7,1.9,9.8,3.5,0,4,1,11,13.2,9.0,82,51.2
1582,82,7,3.1,4.3,3.2,0,5,0,12,16.7,5.6,91,56.9
1583,83,7,6.6,14.8,4.3,0,2,3,5,10.9,8.3,95,59.4
1584,84,7,4.7,11.7,2.4,0,4,0,4,15.7,9.7,113,70.6
1585,85,7,5.7,10,2.7,0,4,2,4,17.7,6.6,105,65.6
1586,86,7,4.2,7.2,2.7,0,5,2,5,20.6,10.1,92,57.5
1587,87,7,2.2,6.2,2.4,0,2,2,7,15.2,11.7,90,56.2
1588,88,7,3.4,5.4,2.9,0,5,0,5,17.9,16.8,77,48.1
1589,89,7,4.4,6.2,2,0,2,1,12,12.5,16.6,98,61.2
1590,90,7,3.4,4.9,2.7,0,1,0,8,13.2,11.8,95,59.4
1591,91,7,3.8,6.1,4.2,0,7,0,11,15.5,5.6,74,46.2
1592,92,7,4.6,8.2,2.7,0,2,0,4,17.6,8.4,106,66.2
1593,93,7,6.4,6.6,4.6,0,4,2,5,20.8,10.3,81,50.6
1594,94,7,3.3,9.7,3.6,0,6,1,8,14.5,5.0,71,44.4
1595,95,7,7.3,10.9,2.2,0,1,2,5,22.4,14.8,116,72.5
1596,96,7,4.2,4.6,3.9,0,6,0,5,17.7,14.0,69,43.1
1597,97,7,6.7,3.4,2.4,0,0,0,4,14.9,10.8,118,73.8
1598,98,7,7.2,7.2,4,0,6,1,6,7.6,11.2,109,68.1
1599,99,7,9.5,14.3,3.9,0,0,0,10,2.1,5.2,131,81.9
1600,100,7,7,13.9,4.4,0,2,1,11,22.3,14.2,92,57.5
1601,101,7,7,6.3,3.6,0,0,1,8,20.2,10.0,102,63.8
1602,102,7,9.3,7.9,3.2,0,1,1,5,16.2,10.7,107,66.9
1603,103,7,1.6,7.8,2.3,0,2,1,8,18.7,9.3,83,51.9
1604,104,7,2.5,11,3.1,0,1,1,9,20.2,18.5,89,55.6
1605,105,7,6.9,4.4,3.4,0,2,1,5,8.1,8.2,101,63.1
1606,106,7,1.2,5.7,3.3,0,4,1,7,11.3,11.0,88,55
1607,107,7,4.6,8.3,4.2,0,1,1,11,22.2,4.4,82,51.2
1608,108,7,4.6,11.7,4.2,0,4,1,7,10.3,15.3,87,54.4
1609,109,7,1.8,nan,3.5,0,3,0,8,13.7,13.8,81,50.6
1610,110,7,2.6,3,1.6,0,7,3,11,17.0,14.6,76,47.5
1611,111,7,5.9,5.7,2.9,0,2,1,10,11.5,12.8,91,56.9
1612,112,7,5.6,9.7,1.9,0,0,0,5,18.9,9.7,117,73.1
1613,113,7,3.1,4.6,2.9,0,3,0,9,17.3,13.4,86,53.8
1614,114,7,2.7,5.8,2.9,0,3,0,12,10.9,22.8,80,50
1615,115,7,2.9,5.9,3.3,0,3,2,5,20.4,1.2,88,55
1616,116,7,5.4,3.6,2,0,1,2,12,8.3,9.5,118,73.8
1617,117,7,2,7,3.6,0,6,0,9,10.0,4.5,88,55
1618,118,7,4.3,3,3.1,0,2,4,10,15.6,8.6,84,52.5
1619,119,7,1.9,nan,3.5,0,5,0,6,18.3,8.9,95,59.4
1620,120,7,6.6,nan,3.4,0,1,1,4,21.1,0.0,107,66.9
1621,121,7,4.7,5.9,3.6,0,1,0,4,22.2,9.5,97,60.6
1622,122,7,8,10.1,3.5,0,1,1,9,9.5,6.6,116,72.5
1623,123,7,1.2,5,1.9,0,2,0,12,21.0,15.1,75,46.9
1624,124,7,1.4,5.9,2.5,0,2,2,9,15.8,3.0,95,59.4
1625,125,7,3,0.3,3.3,0,1,1,7,19.3,14.2,87,54.4
1626,126,7,8.7,7.3,2.6,0,0,0,10,17.1,2.9,120,75
1627,127,7,2.3,6.2,3,0,1,0,12,16.4,14.6,86,53.8
1628,128,7,8,nan,3.5,0,1,0,5,21.6,14.8,108,67.5
1629,129,7,4.6,6.8,1.5,0,1,2,4,12.3,9.2,104,65
1630,130,7,4.6,7.1,3.4,0,4,4,12,14.4,3.2,84,52.5
1631,131,7,6,7,1.8,0,0,3,4,9.7,9.7,111,69.4
1632,132,7,2.5,12.3,3.3,0,4,0,11,2.0,4.0,92,57.5
1633,133,7,3,5.7,2.2,0,2,3,5,17.7,9.7,90,56.2
1634,134,7,2.1,9.8,2.3,0,1,0,5,19.0,2.6,110,68.8
1635,135,7,4.5,7.7,2.3,0,1,4,6,4.5,12.0,92,57.5
1636,136,7,10.4,6.9,3.6,0,0,1,6,10.8,5.8,117,73.1
1637,137,7,3.5,8.5,3,0,6,1,6,19.7,9.1,82,51.2
1638,138,7,5.5,9.3,3.6,0,1,3,4,26.8,11.5,89,55.6
1639,139,7,5.1,5.9,3.7,0,3,1,11,15.3,6.2,93,58.1
1640,140,7,4.7,12.2,3.9,0,1,1,11,7.9,5.1,118,73.8
1641,141,7,3.9,7.5,2.2,0,0,1,10,14.7,3.4,107,66.9
1642,142,7,8.2,2.4,3.2,0,1,1,12,22.6,12.7,104,65
1643,143,7,4.5,9.7,3.6,0,2,0,12,11.7,16.3,104,65
1644,144,7,3.3,9.2,2.6,0,1,2,12,9.0,18.6,109,68.1
1645,145,7,7.4,3.9,3.2,0,1,0,7,13.9,10.8,107,66.9
1646,146,7,6.4,6.2,3.8,0,2,2,9,12.3,14.2,88,55
1647,147,7,5.1,7.2,3.4,0,1,1,10,13.8,0.0,110,68.8
1648,148,7,4,0,3.7,0,1,0,9,21.2,13.6,102,63.8
1649,149,7,9.5,5,2.6,0,0,0,11,17.8,13.7,120,75
1650,150,7,4.4,15.2,2.8,0,4,0,10,16.4,9.8,97,60.6
1651,151,7,3.1,8.5,2.5,0,1,1,7,15.0,15.7,98,61.2
1652,152,7,5.9,8.9,3.4,0,1,2,9,6.9,7.4,105,65.6
1653,153,7,3.7,6.4,1.9,0,3,3,5,21.5,9.3,85,53.1
1654,154,7,4.3,9.6,3.5,0,1,1,12,15.6,12.0,97,60.6
1655,155,7,3.6,2.9,2.4,0,1,0,12,13.5,4.3,107,66.9
1656,156,7,4,5.4,2.6,0,4,2,9,33.8,16.7,76,47.5
1657,157,7,1.7,13.2,2.2,0,1,3,10,20.9,8.9,78,48.8
1658,158,7,2.8,12.8,3,0,3,1,7,9.5,2.8,107,66.9
1659,159,7,2.9,5.7,3.7,0,1,1,7,12.5,4.7,95,59.4
1660,160,7,3.8,5.2,2.8,0,3,2,8,24.1,15.8,76,47.5
1661,161,7,5,5.2,2.8,0,3,2,6,16.1,7.1,93,58.1
1662,162,7,2.5,8.6,2.7,0,2,2,4,6.6,2.0,101,63.1
1663,163,7,11.7,9.3,4.9,0,1,1,7,19.2,5.8,116,72.5
1664,164,7,4,7.5,1.6,0,1,1,10,12.7,10.2,107,66.9
1665,165,7,5.3,9.7,4,0,3,0,6,27.9,7.7,85,53.1
1666,166,7,2.4,11,3,0,0,1,10,22.6,6.3,93,58.1
1667,167,7,2.7,7.2,2.7,0,4,0,9,13.7,19.1,93,58.1
1668,168,7,9.5,10.4,2.2,0,0,1,7,24.8,8.9,114,71.2
1669,169,7,6,13.1,3.5,0,3,0,10,15.8,8.2,107,66.9
1670,170,7,4,6.9,3,0,0,1,11,19.1,7.4,104,65
1671,171,7,2,8.9,3.5,0,2,2,12,21.2,11.1,70,43.8
1672,172,7,9.3,5.1,3.7,0,4,2,10,8.6,9.6,109,68.1
1673,173,7,2.6,2.5,3.4,0,5,3,4,12.3,13.5,71,44.4
1674,174,7,3.4,10.1,4,0,3,2,7,17.5,5.0,98,61.2
1675,175,7,4,10.5,3,0,2,0,8,14.8,5.4,101,63.1
1676,176,7,5.3,4.8,3.2,0,2,1,4,16.2,17.5,87,54.4
1677,177,7,4.4,7.5,4.3,0,5,2,7,10.8,9.1,79,49.4
1678,178,7,4.3,13,2.5,0,2,0,5,18.2,17.4,109,68.1
1679,179,7,11.1,11.4,3.9,0,2,1,8,25.6,-0.0,116,72.5
1680,180,7,4.6,12.8,2.4,0,3,0,5,10.0,10.3,112,70
1681,181,7,5.5,1.5,2.9,0,1,2,6,14.9,16.8,99,61.9
1682,182,7,1.9,11.1,2.5,0,2,0,6,24.8,10.5,92,57.5
1683,183,7,6.5,5.9,3.9,0,0,0,12,16.6,10.1,100,62.5
1684,184,7,1.6,0,2.4,0,2,1,8,19.9,13.2,78,48.8
1685,185,7,3.1,7.4,2.6,0,5,2,9,9.0,6.2,91,56.9
1686,186,7,13,10,3.6,0,1,0,12,19.7,10.4,120,75
1687,187,7,2.9,5.2,2.5,0,3,0,4,11.6,5.3,111,69.4
1688,188,7,4.4,14.6,4,0,0,0,6,21.4,7.6,104,65
1689,189,7,2.3,6.5,2.1,0,0,1,7,24.2,17.6,90,56.2
1690,190,7,2.3,8.6,2.5,0,3,1,12,30.7,14.1,82,51.2
1691,191,7,7.7,12.8,3.7,0,2,3,10,19.0,11.0,97,60.6
1692,192,7,3.4,7.6,2.5,0,4,2,10,16.0,12.0,94,58.8
1693,193,7,4.2,10.1,1.4,0,2,1,7,18.6,10.8,102,63.8
1694,194,7,3.7,7.8,2.7,0,1,0,11,12.3,5.0,112,70
1695,195,7,1.9,10.8,2.8,0,4,0,5,18.9,8.9,88,55
1696,196,7,4,8.8,3.9,0,4,0,7,11.0,6.5,106,66.2
1697,197,7,7.5,5.3,3.9,0,2,1,7,18.0,6.8,93,58.1
1698,198,7,2.9,7,3.5,0,2,0,4,22.7,8.1,92,57.5
1699,199,7,5.5,9.2,3.4,0,0,1,4,9.1,5.6,114,71.2
1700,200,7,7.6,8.6,2.9,0,2,0,11,17.3,14.8,130,81.2
1701,201,7,2.2,8.7,3.1,0,2,0,12,26.6,2.7,76,47.5
1702,202,7,6.8,8.9,3.1,0,0,1,6,14.1,7.8,116,72.5
1703,203,7,1.4,7.8,2.8,0,4,4,4,5.1,16.6,75,46.9
1704,204,7,6.2,13.9,4,0,2,1,5,13.8,11.0,99,61.9
1705,205,7,3.6,12.5,2.5,0,3,0,4,23.9,14.7,98,61.2
1706,206,7,2.3,10.4,2.5,0,2,1,11,15.9,10.5,96,60
1707,207,7,4.1,8.3,2.3,0,2,0,4,12.1,8.4,102,63.8
1708,208,7,3.1,13.6,1.7,0,3,0,10,14.4,1.8,105,65.6
1709,209,7,1.6,11.9,3.5,0,3,0,11,22.9,13.7,78,48.8
1710,210,7,7.4,6.9,2.8,0,1,1,5,16.5,4.5,119,74.4
1711,211,7,7.7,4.9,4.3,0,3,5,6,16.5,8.1,69,43.1
1712,212,7,2.4,8.1,3,0,5,1,6,15.1,9.1,80,50
1713,213,7,3.5,4.2,2.7,0,1,2,10,12.0,15.3,100,62.5
1714,214,7,3.3,7.2,3.9,0,2,4,12,11.5,19.9,74,46.2
1715,215,7,3.8,5.5,2.2,0,2,1,10,25.2,12.4,92,57.5
1716,216,7,2.1,2.7,3,0,4,1,6,17.4,11.3,68,42.5
1717,217,7,7.1,7.6,3.1,0,2,1,10,22.5,5.8,101,63.1
1718,218,7,4.5,12.1,1.7,0,1,2,10,24.9,13.5,101,63.1
1719,219,7,2.6,4.1,2.6,0,3,1,7,22.8,19.5,80,50
1720,220,7,3.4,9.7,2.2,0,2,1,5,13.8,9.0,102,63.8
1721,221,7,2.9,8,2.5,0,2,2,6,20.5,2.6,81,50.6
1722,222,7,4,7.3,4.8,0,4,2,11,11.6,8.5,92,57.5
1723,223,7,6.1,9.2,3.4,0,3,2,8,10.7,13.3,98,61.2
1724,224,7,6.2,6.4,3.5,0,3,1,5,21.2,7.0,80,50
1725,225,7,2.4,4.3,2.5,0,1,1,12,10.7,11.5,91,56.9
1726,226,7,4.6,4.3,2.6,0,3,1,8,17.4,7.8,113,70.6
1727,227,7,2.7,7.3,2.8,0,1,1,7,12.7,8.7,100,62.5
1728,228,7,1.6,6.5,3.1,0,3,0,4,15.2,5.0,97,60.6
1729,229,7,2.4,11.1,2.4,0,3,0,9,18.0,15.1,97,60.6
1730,230,7,4.4,9.1,2.7,0,1,2,8,13.7,7.2,103,64.4
1731,231,7,1.8,10.5,3.1,0,4,0,5,19.1,4.1,90,56.2
1732,232,7,2.9,5.9,2.6,0,1,0,11,12.5,0.5,105,65.6
1733,233,7,5.5,3.4,2.9,0,0,0,8,16.8,11.9,121,75.6
1734,234,7,3,7.8,3,0,2,2,4,6.3,9.4,103,64.4
1735,235,7,2.9,6.8,3.6,0,2,1,5,17.6,11.3,84,52.5
1736,236,7,2.6,8.6,2.9,0,1,3,6,25.0,7.4,89,55.6
1737,237,7,1.5,11.4,4,0,5,0,10,8.7,5.6,92,57.5
1738,238,7,3.8,4,3,0,2,2,10,12.3,5.2,89,55.6
1739,239,7,4.4,7.6,4.2,0,3,0,11,16.7,6.5,98,61.2
1740,240,7,4.6,4.6,3.3,0,1,1,9,17.1,1.4,94,58.8
1741,241,7,2.5,9.4,2.8,0,0,0,12,17.0,6.3,106,66.2
1742,242,7,2.5,7.9,3.9,0,1,0,6,20.4,10.6,84,52.5
1743,243,7,6.6,2.8,3.8,0,1,0,9,18.7,12.2,102,63.8
1744,244,7,2.6,6.7,3.7,0,6,0,9,22.7,11.4,74,46.2
1745,245,7,3.7,3,2.7,0,0,0,7,13.4,8.8,122,76.2
1746,246,7,1,17,2.7,0,1,1,8,16.5,17.1,93,58.1
1747,247,7,2.4,11.2,2.8,0,1,0,10,17.7,12.8,109,68.1
1748,248,7,2.4,8.3,3,0,2,4,11,23.1,9.6,87,54.4
1749,249,7,1.8,9.7,3.6,0,5,3,12,10.3,5.1,92,57.5
1750,250,7,8.9,7.8,3.7,0,3,1,6,8.9,3.7,114,71.2
1751,1,8,4.6,9.9,3.1,0,3,2,6,19.1,10.7,102,63.8
1752,2,8,3.9,10.7,2.9,0,2,0,4,17.0,18.7,97,60.6
1753,3,8,3.6,7.6,2.8,0,1,0,5,4.2,10.4,109,68.1
1754,4,8,4.7,3.3,2.7,0,1,2,10,23.2,21.2,80,50
1755,5,8,3.5,7.6,5,0,4,0,9,9.8,-0.0,96,60
1756,6,8,5.9,4.8,3.3,0,3,1,6,16.4,6.1,91,56.9
1757,7,8,4.8,6.3,2.5,0,0,0,7,17.1,13.1,112,70
1758,8,8,4.5,7.7,3.2,0,0,1,9,15.8,9.9,106,66.2
1759,9,8,2.1,9.6,3.1,0,1,0,7,19.3,15.2,99,61.9
1760,10,8,1.6,9.9,4,0,3,1,7,11.8,7.7,91,56.9
1761,11,8,2.2,8.5,4.1,0,5,0,6,20.3,8.3,73,45.6
1762,12,8,5,3.3,3.1,0,1,0,9,14.2,8.8,103,64.4
1763,13,8,4.5,9.9,1.8,0,1,0,12,17.3,1.6,123,76.9
1764,14,8,1.9,4.1,3.6,0,6,0,6,18.0,4.6,81,50.6
1765,15,8,5,5.3,3,0,5,0,6,13.4,16.5,85,53.1
1766,16,8,2.9,10.1,2.1,0,1,0,8,20.6,13.1,110,68.8
1767,17,8,2.9,5,2.6,0,4,3,5,13.2,11.5,80,50
1768,18,8,7.2,8.5,3.6,0,1,1,8,20.8,3.5,101,63.1
1769,19,8,4.3,4.1,3.5,0,2,1,11,17.4,8.2,91,56.9
1770,20,8,4.7,10,3.8,0,2,0,9,26.3,6.1,93,58.1
1771,21,8,4.8,7.9,4.9,0,3,0,5,15.7,15.5,85,53.1
1772,22,8,1.9,10.2,3.4,0,4,1,5,13.8,7.0,87,54.4
1773,23,8,4.9,12.5,2.3,0,2,2,4,18.7,8.2,92,57.5
1774,24,8,11.8,7.2,3.7,0,2,1,12,17.1,12.9,102,63.8
1775,25,8,2.3,7.6,3.1,0,4,1,7,21.7,9.3,77,48.1
1776,26,8,6.2,9.2,2.6,0,3,0,6,6.7,15.1,115,71.9
1777,27,8,6.5,9.6,3,0,2,2,11,11.2,7.3,99,61.9
1778,28,8,6.5,6.6,3.6,0,4,1,6,11.7,5.2,90,56.2
1779,29,8,3.1,11.7,3,0,2,1,6,19.0,0.0,104,65
1780,30,8,3.6,9.5,3.8,0,4,1,6,24.6,10.0,85,53.1
1781,31,8,2.3,7.4,3.1,0,1,2,7,16.0,8.0,86,53.8
1782,32,8,4.1,10,2.3,0,1,3,4,12.7,1.4,108,67.5
1783,33,8,8.1,11.1,4,0,2,2,9,16.1,14.6,101,63.1
1784,34,8,2.9,4.3,3.7,0,3,0,7,19.7,10.9,95,59.4
1785,35,8,1.4,14.5,2,0,0,0,12,7.7,6.3,126,78.8
1786,36,8,4.3,0.6,2.7,0,0,3,10,13.7,12.3,103,64.4
1787,37,8,6.5,6.7,2.7,0,1,2,7,19.5,11.4,108,67.5
1788,38,8,3.7,18,1.9,0,0,2,10,19.2,7.1,109,68.1
1789,39,8,9.6,3.5,3.8,0,1,3,11,15.7,4.3,102,63.8
1790,40,8,3.9,11.5,3.7,0,2,0,5,18.6,11.0,109,68.1
1791,41,8,4.3,6.5,2.3,0,3,4,5,3.4,12.4,83,51.9
1792,42,8,2.4,8.8,2.3,0,1,0,5,23.4,14.9,86,53.8
1793,43,8,3.6,3.2,2.1,0,3,0,4,14.2,8.2,93,58.1
1794,44,8,6.4,3.5,2.5,0,0,1,6,10.6,16.2,93,58.1
1795,45,8,6.5,5.9,4,0,0,0,11,20.8,9.0,94,58.8
1796,46,8,7.8,5.8,3.2,0,1,1,10,27.1,14.0,87,54.4
1797,47,8,6.2,nan,3.8,0,2,0,7,16.0,10.6,92,57.5
1798,48,8,5.5,6.9,2.9,0,1,2,8,15.2,15.9,99,61.9
1799,49,8,1.4,10.5,3.3,0,9,0,10,21.9,9.0,69,43.1
1800,50,8,2.8,nan,3.4,0,1,0,12,16.3,7.7,100,62.5
1801,51,8,13,nan,5,0,2,4,6,20.1,9.4,102,63.8
1802,52,8,3.2,7.5,2.6,0,3,1,9,21.9,1.7,101,63.1
1803,53,8,5.9,7.8,3.9,0,2,1,9,22.9,6.0,93,58.1
1804,54,8,4.1,9.6,2.5,0,4,1,9,23.4,13.8,98,61.2
1805,55,8,6,9.5,2,0,1,0,11,20.8,12.5,111,69.4
1806,56,8,4.4,9.4,3.7,0,2,3,10,14.7,7.7,92,57.5
1807,57,8,2.5,8.9,2.6,0,2,1,7,10.4,10.2,86,53.8
1808,58,8,2.8,9.6,3.9,0,5,0,10,12.8,10.3,93,58.1
1809,59,8,5.1,6.2,2.9,0,0,2,4,9.8,4.3,109,68.1
1810,60,8,3.3,6.9,2.4,0,7,1,7,26.5,11.6,84,52.5
1811,61,8,1.4,15.7,2.2,0,3,0,5,16.1,8.0,99,61.9
1812,62,8,5.5,4.8,2.1,0,1,2,6,14.7,4.5,110,68.8
1813,63,8,7,8.7,3,0,3,1,12,19.2,8.1,100,62.5
1814,64,8,6.7,7.6,3.8,0,1,0,7,20.3,12.4,88,55
1815,65,8,6.8,6.4,3.8,0,3,1,4,23.4,8.9,99,61.9
1816,66,8,1.9,11.4,2.3,0,3,0,8,13.3,11.6,98,61.2
1817,67,8,9.3,4.9,3.9,0,3,2,4,11.2,0.0,122,76.2
1818,68,8,3.9,nan,2.7,0,4,0,5,19.2,6.6,89,55.6
1819,69,8,2.6,11.8,2.7,0,2,0,7,12.2,6.5,103,64.4
1820,70,8,3.4,10.3,2.7,0,0,2,7,10.6,9.3,95,59.4
1821,71,8,2.9,12.3,2.9,0,0,1,6,11.4,14.5,110,68.8
1822,72,8,2.2,10.1,3.3,0,5,0,9,14.5,4.4,93,58.1
1823,73,8,4.2,14.8,3.6,0,4,1,8,15.7,12.5,86,53.8
1824,74,8,4.6,5.7,2.9,0,2,1,5,12.4,16.1,98,61.2
1825,75,8,3.8,6,3,0,1,2,11,9.7,5.2,89,55.6
1826,76,8,4.6,5.3,2,0,0,0,5,14.9,11.1,115,71.9
1827,77,8,3.9,7.3,3,0,0,1,7,10.2,8.2,94,58.8
1828,78,8,2.9,5.2,3.8,0,4,1,5,17.7,5.9,89,55.6
1829,79,8,3.2,9.6,2,0,0,2,12,15.4,5.7,106,66.2
1830,80,8,5.5,6.7,3.6,0,3,1,6,6.7,4.8,103,64.4
1831,81,8,2,9.5,1.6,0,3,0,11,12.1,19.5,112,70
1832,82,8,3.2,4.3,2.9,0,1,2,12,15.7,17.0,74,46.2
1833,83,8,6.7,4.2,2.6,0,3,2,5,17.5,14.7,97,60.6
1834,84,8,4.8,5.7,2.1,0,2,1,4,22.7,12.3,102,63.8
1835,85,8,5.8,11.5,1.6,0,1,0,4,5.7,2.3,127,79.4
1836,86,8,4.2,7.7,2.8,0,0,0,5,15.6,10.6,112,70
1837,87,8,2.3,3.6,2.8,0,3,0,7,17.1,16.7,82,51.2
1838,88,8,3.5,14.5,2.6,0,2,2,5,21.2,8.2,91,56.9
1839,89,8,4.5,9.1,3,0,4,1,12,17.4,14.7,91,56.9
1840,90,8,3.5,6.4,2.9,0,1,0,8,10.4,11.2,109,68.1
1841,91,8,3.9,1.6,2.9,0,2,1,11,15.6,19.2,85,53.1
1842,92,8,4.6,12.9,4.1,0,4,1,4,14.0,10.0,83,51.9
1843,93,8,6.5,10.3,4.3,0,5,2,5,22.5,6.5,80,50
1844,94,8,3.4,3.7,3.2,0,7,1,8,19.1,12.0,63,39.4
1845,95,8,7.4,8.8,3.3,0,1,0,5,24.8,15.4,114,71.2
1846,96,8,4.2,7.1,3.4,0,2,2,5,14.2,0.7,96,60
1847,97,8,6.8,12,3.6,0,0,1,4,7.8,0.0,131,81.9
1848,98,8,7.3,2.1,4.4,0,4,0,6,2.9,4.9,116,72.5
1849,99,8,9.6,11.1,4,0,1,0,10,7.0,8.0,117,73.1
1850,100,8,7.1,11.8,2.6,0,2,1,11,9.9,11.9,104,65
1851,101,8,7.1,2.7,4.2,0,5,0,8,15.0,11.9,99,61.9
1852,102,8,9.4,8.9,4.6,0,3,1,5,20.7,9.7,91,56.9
1853,103,8,1.7,7.3,2.2,0,4,0,8,6.9,1.3,99,61.9
1854,104,8,2.6,13.2,2.5,0,1,0,9,21.9,20.0,100,62.5
1855,105,8,7,12.4,3.4,0,3,1,5,15.2,7.3,98,61.2
1856,106,8,1.3,5.9,3.4,0,4,1,7,15.4,4.4,84,52.5
1857,107,8,4.7,5.1,3.3,0,3,0,11,25.3,16.3,88,55
1858,108,8,4.7,10,3.3,0,1,0,7,18.5,6.5,113,70.6
1859,109,8,1.9,5.8,3.2,0,3,0,8,13.8,9.1,92,57.5
1860,110,8,2.6,8,1.9,0,1,0,11,15.3,16.0,90,56.2
1861,111,8,6,12.7,4.6,0,1,0,10,4.1,13.0,109,68.1
1862,112,8,5.7,10.3,2.7,0,3,0,5,14.0,10.3,101,63.1
1863,113,8,3.2,8.9,2.6,0,5,1,9,15.9,17.7,85,53.1
1864,114,8,2.8,5.5,2.5,0,3,1,12,9.1,0.0,99,61.9
1865,115,8,3,8,3.2,0,3,0,5,16.5,14.5,89,55.6
1866,116,8,5.5,10,1.7,0,0,2,12,14.5,4.7,119,74.4
1867,117,8,2,5.3,2.5,0,1,0,9,12.7,13.8,107,66.9
1868,118,8,4.4,6.5,3.9,0,1,0,10,10.4,8.2,107,66.9
1869,119,8,2,9.5,3,0,2,1,6,17.5,7.8,89,55.6
1870,120,8,6.7,nan,3,0,4,1,4,12.6,10.6,101,63.1
1871,121,8,4.8,4,4.1,0,5,0,4,16.7,11.5,91,56.9
1872,122,8,8.1,9.5,3.3,0,1,0,9,12.2,15.4,108,67.5
1873,123,8,1.3,9.7,2,0,1,0,12,21.7,11.7,107,66.9
1874,124,8,1.4,11.7,1.6,0,2,0,9,14.3,4.8,110,68.8
1875,125,8,3.1,6.5,1.9,0,1,0,7,14.5,6.7,113,70.6
1876,126,8,8.8,11.9,2.7,0,0,0,10,22.7,13.2,111,69.4
1877,127,8,2.3,14.5,4,0,2,0,12,16.9,9.5,95,59.4
1878,128,8,8,9.8,2.7,0,1,0,5,20.8,13.3,118,73.8
1879,129,8,4.7,8.2,3.8,0,2,0,4,18.1,2.2,95,59.4
1880,130,8,4.7,2.7,3,0,4,0,12,9.0,7.9,109,68.1
1881,131,8,6.1,nan,2.1,0,0,0,4,13.6,7.2,106,66.2
1882,132,8,2.5,6.6,2.1,0,1,1,11,18.9,10.2,93,58.1
1883,133,8,3.1,8.8,3.4,0,3,1,5,9.2,5.3,95,59.4
1884,134,8,2.2,9.5,1.9,0,0,0,5,14.3,4.7,119,74.4
1885,135,8,4.6,6.4,3.5,0,4,3,6,15.3,8.6,82,51.2
1886,136,8,10.5,9.7,3.7,0,0,1,6,14.3,0.0,121,75.6
1887,137,8,3.6,8.2,3.6,0,3,2,6,13.4,5.1,93,58.1
1888,138,8,5.6,5.6,3.3,0,4,2,4,5.7,5.4,93,58.1
1889,139,8,5.2,12.3,4.2,0,2,1,11,13.9,12.7,93,58.1
1890,140,8,4.8,13,3.1,0,0,0,11,15.9,6.0,114,71.2
1891,141,8,4,8.5,2.9,0,1,0,10,16.5,8.9,105,65.6
1892,142,8,8.3,7.7,3.8,0,3,0,12,11.3,17.1,103,64.4
1893,143,8,4.6,7.2,2.7,0,3,0,12,23.3,15.5,95,59.4
1894,144,8,3.4,8.8,2.7,0,1,0,12,7.2,9.4,123,76.9
1895,145,8,7.4,7.5,2.2,0,0,3,7,23.8,10.9,94,58.8
1896,146,8,6.5,7.5,2.7,0,2,1,9,21.5,15.8,90,56.2
1897,147,8,5.1,4,3.3,0,4,1,10,12.2,8.7,91,56.9
1898,148,8,4.1,8.9,3.9,0,3,1,9,21.7,6.1,101,63.1
1899,149,8,9.5,7.6,4.7,0,0,0,11,11.4,12.8,105,65.6
1900,150,8,4.4,5.8,2.5,0,2,0,10,18.2,5.5,112,70
1901,151,8,3.2,0,2.7,0,3,0,7,21.1,16.8,89,55.6
1902,152,8,6,5.4,3,0,2,2,9,12.1,8.8,98,61.2
1903,153,8,3.8,9.9,3.3,0,4,2,5,22.1,11.8,89,55.6
1904,154,8,4.4,9,2.3,0,0,0,12,16.3,17.8,105,65.6
1905,155,8,3.7,11.8,2.4,0,3,1,12,15.4,12.5,108,67.5
1906,156,8,4.1,7,2.5,0,2,1,9,15.8,2.8,105,65.6
1907,157,8,1.8,8.4,1.8,0,1,1,10,14.0,10.7,106,66.2
1908,158,8,2.8,6,2.4,0,1,2,7,20.4,13.9,91,56.9
1909,159,8,3,7.8,3.4,0,1,2,7,19.8,13.4,89,55.6
1910,160,8,3.9,10.3,2.5,0,2,2,8,7.7,5.7,96,60
1911,161,8,5.1,6.5,3.8,0,1,0,6,24.4,9.1,91,56.9
1912,162,8,2.6,nan,2.3,0,4,1,4,18.9,11.7,95,59.4
1913,163,8,11.8,8.9,3.5,0,0,0,7,6.0,12.3,135,84.4
1914,164,8,4.1,10.8,3.9,0,3,2,10,17.5,3.1,101,63.1
1915,165,8,5.4,6.5,3.5,0,5,0,6,22.7,10.2,87,54.4
1916,166,8,2.4,1.7,2.4,0,1,2,10,11.7,17.8,83,51.9
1917,167,8,2.8,12.9,2.8,0,1,1,9,14.4,10.2,99,61.9
1918,168,8,9.6,10.9,4.5,0,2,1,7,10.7,6.9,106,66.2
1919,169,8,6.1,9,3.3,0,0,1,10,15.9,7.2,102,63.8
1920,170,8,4.1,6.4,2.9,0,0,1,11,14.5,11.5,100,62.5
1921,171,8,2.1,8,4.2,0,5,0,12,19.2,4.0,81,50.6
1922,172,8,9.4,5.3,3.1,0,0,0,10,19.8,6.4,129,80.6
1923,173,8,2.7,7.5,3.5,0,5,2,4,22.5,11.1,78,48.8
1924,174,8,3.5,4.7,3.2,0,3,1,7,12.3,14.6,92,57.5
1925,175,8,4.1,5.1,2.2,0,0,1,8,17.3,15.2,94,58.8
1926,176,8,5.4,nan,3.3,0,2,2,4,17.4,13.4,104,65
1927,177,8,4.5,6.9,3.4,0,3,2,7,4.4,3.7,102,63.8
1928,178,8,4.4,7.4,4.5,0,3,0,5,10.1,12.9,98,61.2
1929,179,8,11.1,11.5,4.5,0,3,1,8,20.5,8.3,109,68.1
1930,180,8,4.7,3.2,3,0,1,0,5,22.9,3.9,105,65.6
1931,181,8,5.6,8.6,2.9,0,1,0,6,6.2,5.6,126,78.8
1932,182,8,2,4.4,2.5,0,6,2,6,12.4,15.7,79,49.4
1933,183,8,6.6,10,2.2,0,1,1,12,17.4,12.5,106,66.2
1934,184,8,1.7,8.2,2.3,0,1,0,8,16.4,9.2,105,65.6
1935,185,8,3.1,10.7,3.9,0,2,3,9,12.8,17.4,78,48.8
1936,186,8,13.1,11.1,4.2,0,0,0,12,17.8,3.6,128,80
1937,187,8,3,9.6,3,0,1,1,4,12.1,2.9,105,65.6
1938,188,8,4.4,2.2,1.2,0,0,0,6,16.2,3.9,112,70
1939,189,8,2.4,11.7,2.5,0,3,4,7,19.9,12.7,77,48.1
1940,190,8,2.4,10.1,2.6,0,4,0,12,15.2,10.2,98,61.2
1941,191,8,7.8,10.5,3.2,0,1,0,10,14.8,17.4,111,69.4
1942,192,8,3.5,4.2,2.7,0,2,0,10,16.4,12.2,93,58.1
1943,193,8,4.3,5.5,2.9,0,3,1,7,14.8,7.8,96,60
1944,194,8,3.8,6.2,3.1,0,0,1,11,13.5,9.3,101,63.1
1945,195,8,2,2.3,3.3,0,3,2,5,16.7,12.5,68,42.5
1946,196,8,4.1,10.8,3.7,0,1,2,7,22.1,0.9,100,62.5
1947,197,8,7.6,9.8,4.2,0,2,3,7,17.6,19.9,97,60.6
1948,198,8,3,7.5,3.4,0,3,0,4,13.8,11.4,96,60
1949,199,8,5.6,6.5,3.5,0,1,0,4,18.4,9.8,108,67.5
1950,200,8,7.7,3.8,3.2,0,4,0,11,11.0,9.7,115,71.9
1951,201,8,2.3,9.4,2.2,0,1,0,12,22.3,13.7,101,63.1
1952,202,8,6.9,10.9,3.2,0,2,4,6,18.1,9.5,92,57.5
1953,203,8,1.5,8.7,2.4,0,0,0,4,15.1,7.0,105,65.6
1954,204,8,6.2,6.9,5,0,0,0,5,18.8,12.7,96,60
1955,205,8,3.7,5.1,3.5,0,2,0,4,9.9,13.2,88,55
1956,206,8,2.4,4.2,2.2,0,0,0,11,11.0,7.4,100,62.5
1957,207,8,4.2,7,3.5,0,0,1,4,9.9,15.4,100,62.5
1958,208,8,3.2,4.5,3.8,0,2,0,10,17.2,11.8,87,54.4
1959,209,8,1.7,9.9,3.6,0,8,2,11,26.6,15.4,57,35.6
1960,210,8,7.5,11.6,2.8,0,1,1,5,28.4,17.2,107,66.9
1961,211,8,7.8,9.4,3.1,0,1,0,6,22.4,13.4,101,63.1
1962,212,8,2.5,5.9,2.5,0,2,3,6,19.7,12.5,79,49.4
1963,213,8,3.6,7.2,2.6,0,0,1,10,4.9,11.2,112,70
1964,214,8,3.4,5,2.8,0,2,1,12,13.2,7.1,93,58.1
1965,215,8,3.9,6.6,3,0,0,1,10,9.9,8.1,109,68.1
1966,216,8,2.2,10.4,3.7,0,2,0,6,15.3,12.8,83,51.9
1967,217,8,7.2,12.6,2.6,0,2,1,10,13.1,4.1,121,75.6
1968,218,8,4.6,7.9,3.3,0,5,0,10,12.8,19.1,96,60
1969,219,8,2.6,5.6,2.4,0,2,1,7,7.3,5.4,90,56.2
1970,220,8,3.4,6.1,1.8,0,4,0,5,19.1,4.5,102,63.8
1971,221,8,3,9.6,2.4,0,0,1,6,8.8,13.5,113,70.6
1972,222,8,4.1,nan,2.3,0,3,1,11,14.8,6.0,97,60.6
1973,223,8,6.2,8.6,3.1,0,3,0,8,17.7,13.7,102,63.8
1974,224,8,6.3,7.6,2,0,0,0,5,29.3,8.9,105,65.6
1975,225,8,2.5,6.9,1.8,0,2,0,12,12.0,13.5,100,62.5
1976,226,8,4.7,8.2,2.9,0,1,0,8,2.8,15.5,110,68.8
1977,227,8,2.7,6.8,3.1,0,3,3,7,12.8,8.1,87,54.4
1978,228,8,1.7,8.7,3.1,0,2,1,4,19.5,18.8,98,61.2
1979,229,8,2.5,12.6,3.8,0,3,2,9,22.6,0.0,96,60
1980,230,8,4.4,9.9,3,0,3,0,8,10.0,13.1,101,63.1
1981,231,8,1.9,10.1,3.6,0,4,1,5,16.9,13.3,90,56.2
1982,232,8,3,13.7,2.7,0,3,0,11,13.2,13.4,104,65
1983,233,8,5.6,6.2,2.5,0,2,2,8,9.3,3.1,125,78.1
1984,234,8,3.1,6.3,2.7,0,1,0,4,28.9,8.7,101,63.1
1985,235,8,3,8.1,3.1,0,6,3,5,10.8,14.2,65,40.6
1986,236,8,2.6,10.5,2.6,0,4,0,6,15.9,12.3,102,63.8
1987,237,8,1.6,9.5,2.6,0,3,1,10,16.4,10.8,98,61.2
1988,238,8,3.8,4.2,3,0,5,1,10,18.4,11.8,96,60
1989,239,8,4.5,6.4,2.7,0,1,1,11,17.2,6.6,97,60.6
1990,240,8,4.7,5,2.8,0,3,2,9,16.4,8.2,94,58.8
1991,241,8,2.5,7.7,3.5,0,4,2,12,15.2,7.4,73,45.6
1992,242,8,2.6,5.2,2.3,0,1,0,6,19.4,10.6,92,57.5
1993,243,8,6.7,7.7,2.9,0,1,0,9,14.2,14.2,112,70
1994,244,8,2.7,5.7,2.8,0,1,3,9,19.0,10.4,85,53.1
1995,245,8,3.8,3,3.9,0,6,0,7,12.4,19.4,87,54.4
1996,246,8,1.1,7.9,4.9,0,5,1,8,16.7,9.6,72,45
1997,247,8,2.5,11,3.7,0,2,1,10,15.1,9.4,93,58.1
1998,248,8,2.5,7.2,2.7,0,3,1,11,18.3,7.5,103,64.4
1999,249,8,1.9,7.8,2.6,0,4,1,12,13.7,5.7,95,59.4
2000,250,8,9,8.5,3.5,0,1,2,6,6.5,8.8,111,69.4
2001,1,9,4.7,5.8,2.7,0,3,0,6,20.5,13.2,107,66.9
2002,2,9,4,9.7,3,0,2,1,4,8.3,7.1,113,70.6
2003,3,9,3.7,11.4,2.9,0,4,2,5,9.6,3.5,104,65
2004,4,9,4.8,9.5,3.4,0,3,0,10,14.9,8.1,91,56.9
2005,5,9,3.6,5.8,1.9,0,2,0,9,21.2,7.0,110,68.8
2006,6,9,6,6.1,3.9,0,3,0,6,4.7,9.6,101,63.1
2007,7,9,4.9,12.5,3.9,0,3,1,7,32.5,15.9,89,55.6
2008,8,9,4.6,8.8,3.6,0,1,0,9,22.8,6.0,94,58.8
2009,9,9,2.2,6.8,3,0,2,0,7,16.9,8.5,95,59.4
2010,10,9,1.6,6.8,1.8,0,1,2,7,16.4,11.4,91,56.9
2011,11,9,2.3,11.9,2.6,0,1,2,6,20.3,5.1,83,51.9
2012,12,9,5.1,7.2,2.5,0,3,1,9,18.8,7.0,98,61.2
2013,13,9,4.5,6.8,2.8,0,1,1,12,16.9,5.1,109,68.1
2014,14,9,2,7,4,0,3,2,6,17.8,5.6,80,50
2015,15,9,5,nan,2.4,0,1,1,6,18.7,11.1,92,57.5
2016,16,9,3,5,2.7,0,4,0,8,14.4,9.2,100,62.5
2017,17,9,3,0.5,3.6,0,4,3,5,15.7,10.1,66,41.2
2018,18,9,7.2,8.6,3.1,0,0,1,8,16.4,8.7,106,66.2
2019,19,9,4.4,7.4,3.4,0,1,0,11,15.9,12.7,97,60.6
2020,20,9,4.8,10.2,3,0,1,0,9,17.8,13.5,123,76.9
2021,21,9,4.9,11.9,1.9,0,3,2,5,16.4,14.4,114,71.2
2022,22,9,1.9,11.2,2.2,0,1,3,5,2.0,0.0,103,64.4
2023,23,9,5,2.9,3.3,0,2,1,4,20.8,14.0,86,53.8
2024,24,9,11.8,11.9,5,0,2,1,12,17.0,9.1,109,68.1
2025,25,9,2.4,5.9,2.1,0,3,1,7,17.0,12.0,88,55
2026,26,9,6.3,10.1,3.8,0,4,0,6,13.2,7.6,103,64.4
2027,27,9,6.6,7.9,2.9,0,1,1,11,19.9,9.0,113,70.6
2028,28,9,6.5,9.3,3.8,0,2,2,6,23.0,12.8,85,53.1
2029,29,9,3.2,7.9,2.4,0,4,0,6,14.6,10.3,87,54.4
2030,30,9,3.6,9.9,3.9,0,1,0,6,18.7,6.7,95,59.4
2031,31,9,2.4,8.8,2.3,0,2,0,7,10.9,8.0,103,64.4
2032,32,9,4.2,8.1,2.5,0,3,0,4,7.8,9.8,109,68.1
2033,33,9,8.2,9.7,3.6,0,3,1,9,13.1,12.7,103,64.4
2034,34,9,3,11.9,2.8,0,4,2,7,19.9,13.3,90,56.2
2035,35,9,1.5,9.8,3.6,0,5,0,12,17.0,4.5,98,61.2
2036,36,9,4.4,4,3.9,0,4,1,10,15.5,8.3,95,59.4
2037,37,9,6.6,8,3.3,0,2,3,7,16.1,10.4,108,67.5
2038,38,9,3.8,5.8,3.3,0,2,0,10,17.4,13.9,100,62.5
2039,39,9,9.7,10.1,5,0,4,0,11,14.0,10.9,96,60
2040,40,9,4,7.5,2.8,0,2,0,5,19.0,10.0,98,61.2
2041,41,9,4.4,6.5,2.1,0,0,2,5,23.6,14.4,87,54.4
2042,42,9,2.5,3.3,3.6,0,3,3,5,22.1,7.5,62,38.8
2043,43,9,3.7,9.1,2,0,1,0,4,22.8,10.2,106,66.2
2044,44,9,6.5,7,3.5,0,3,1,6,22.2,15.9,85,53.1
2045,45,9,6.5,13.2,2,0,2,1,11,17.3,12.5,116,72.5
2046,46,9,7.8,6.3,2.9,0,0,0,10,21.8,9.5,113,70.6
2047,47,9,6.3,nan,3.2,0,1,1,7,18.7,10.7,91,56.9
2048,48,9,5.6,8.8,3.4,0,3,3,8,17.2,12.2,82,51.2
2049,49,9,1.5,4.3,3.3,0,2,2,10,14.6,9.6,66,41.2
2050,50,9,2.8,nan,3.4,0,1,1,12,16.5,11.5,90,56.2
2051,51,9,13.1,6.2,4.6,0,2,2,6,14.3,11.9,111,69.4
2052,52,9,3.3,7.1,2.8,0,5,1,9,10.0,7.7,97,60.6
2053,53,9,6,11.7,3.7,0,3,1,9,12.3,8.5,100,62.5
2054,54,9,4.2,7.9,3.1,0,2,1,9,15.2,8.5,96,60
2055,55,9,6.1,5.5,3.4,0,1,1,11,11.5,9.3,102,63.8
2056,56,9,4.5,5.5,2.2,0,1,1,10,14.9,8.8,101,63.1
2057,57,9,2.6,6,1.6,0,0,1,7,7.7,13.9,101,63.1
2058,58,9,2.9,nan,2,0,4,0,10,12.2,4.1,109,68.1
2059,59,9,5.2,6.3,4,0,4,1,4,16.4,7.7,90,56.2
2060,60,9,3.4,11.6,3.4,0,4,1,7,12.1,12.8,107,66.9
2061,61,9,1.5,9.2,3.8,0,5,0,5,13.6,17.8,75,46.9
2062,62,9,5.6,13.1,3,0,4,0,6,19.9,7.0,102,63.8
2063,63,9,7.1,12.6,4.8,0,8,1,12,19.7,9.6,85,53.1
2064,64,9,6.8,nan,3.2,0,0,1,7,19.0,6.3,95,59.4
2065,65,9,6.9,7.3,3.6,0,2,0,4,7.1,6.3,110,68.8
2066,66,9,2,15.3,3.3,0,5,0,8,15.7,12.2,77,48.1
2067,67,9,9.3,9.2,2.3,0,0,2,4,9.3,15.4,132,82.5
2068,68,9,4,6.1,3.7,0,4,1,5,9.9,7.3,92,57.5
2069,69,9,2.7,7.9,3.5,0,5,1,7,20.7,12.3,78,48.8
2070,70,9,3.5,10.9,2.2,0,3,2,7,13.6,10.9,102,63.8
2071,71,9,3,4.8,3.1,0,1,3,6,13.5,4.5,89,55.6
2072,72,9,2.3,13.2,2.6,0,0,2,9,5.6,5.8,102,63.8
2073,73,9,4.3,4.6,2.7,0,6,0,8,18.3,4.7,93,58.1
2074,74,9,4.7,8.2,2.3,0,0,1,5,8.3,4.7,116,72.5
2075,75,9,3.9,6.3,2.2,0,1,3,11,16.9,0.0,90,56.2
2076,76,9,4.7,7.1,2.7,0,3,1,5,15.1,10.1,107,66.9
2077,77,9,4,10.2,4,0,1,1,7,24.1,19.7,88,55
2078,78,9,3,7.6,2.3,0,0,0,5,6.8,7.9,120,75
2079,79,9,3.2,1.9,3.5,0,0,0,12,2.0,0.0,119,74.4
2080,80,9,5.6,7.1,2.3,0,1,0,6,14.3,4.9,123,76.9
2081,81,9,2.1,0,1.8,0,2,0,11,21.8,5.5,107,66.9
2082,82,9,3.3,7.8,2.6,0,3,1,12,27.3,11.2,70,43.8
2083,83,9,6.8,5.1,4.2,0,2,0,5,16.7,13.2,100,62.5
2084,84,9,4.8,3.1,2.6,0,2,1,4,15.8,15.7,88,55
2085,85,9,5.9,8.8,3.9,0,2,2,4,20.1,5.1,92,57.5
2086,86,9,4.3,6,3.1,0,4,0,5,9.7,11.8,101,63.1
2087,87,9,2.4,12.8,2.9,0,3,0,7,18.8,17.0,96,60
2088,88,9,3.5,11.3,3.6,0,6,2,5,21.6,21.1,66,41.2
2089,89,9,4.6,9.7,3.6,0,2,3,12,20.5,21.1,89,55.6
2090,90,9,3.5,11.7,3.3,0,4,0,8,28.0,4.8,101,63.1
2091,91,9,4,11.2,2.4,0,2,1,11,18.7,22.7,99,61.9
2092,92,9,4.7,6.3,2.2,0,1,1,4,15.6,10.7,96,60
2093,93,9,6.6,5.8,4.1,0,5,1,5,17.4,9.1,81,50.6
2094,94,9,3.4,11.7,3,0,1,2,8,7.7,11.6,95,59.4
2095,95,9,7.5,7.5,4.1,0,4,0,5,9.1,4.2,114,71.2
2096,96,9,4.3,11.9,2.8,0,3,0,5,12.4,10.2,111,69.4
2097,97,9,6.9,2.5,4,0,5,0,4,13.3,4.6,91,56.9
2098,98,9,7.4,7,3.8,0,1,1,6,13.3,5.4,118,73.8
2099,99,9,9.6,5.8,2.8,0,1,2,10,9.9,13.4,119,74.4
2100,100,9,7.2,7.5,4.5,0,2,2,11,26.6,14.7,68,42.5
2101,101,9,7.2,11.4,3.3,0,3,0,8,16.6,11.3,106,66.2
2102,102,9,9.5,9.2,3.2,0,0,0,5,17.6,13.6,115,71.9
2103,103,9,1.8,7.1,3.3,0,1,1,8,15.4,15.9,85,53.1
2104,104,9,2.7,11.6,3.3,0,4,1,9,16.6,3.0,89,55.6
2105,105,9,7.1,9.7,3.3,0,4,0,5,22.9,15.4,92,57.5
2106,106,9,1.4,5.4,2,0,3,0,7,12.3,9.9,92,57.5
2107,107,9,4.8,5.7,3.7,0,3,2,11,15.2,13.2,74,46.2
2108,108,9,4.8,5.6,3.4,0,3,0,7,13.3,13.4,101,63.1
2109,109,9,2,4.8,2.4,0,1,1,8,10.1,5.9,91,56.9
2110,110,9,2.7,4.5,3,0,2,1,11,13.7,7.8,81,50.6
2111,111,9,6,7.2,4.7,0,1,2,10,14.2,2.2,86,53.8
2112,112,9,5.7,7.2,3.7,0,0,0,5,21.6,8.8,100,62.5
2113,113,9,3.3,9.7,2.4,0,0,2,9,16.6,14.8,103,64.4
2114,114,9,2.9,10.5,3.4,0,6,1,12,18.4,11.3,75,46.9
2115,115,9,3,6.8,2.3,0,5,1,5,18.8,3.3,95,59.4
2116,116,9,5.6,6.1,2.8,0,1,0,12,12.2,5.1,120,75
2117,117,9,2.1,8,1.7,0,4,3,9,14.4,0.5,100,62.5
2118,118,9,4.5,10.1,2.6,0,0,1,10,14.3,4.1,112,70
2119,119,9,2.1,8.2,3.6,0,2,0,6,15.8,10.1,98,61.2
2120,120,9,6.8,7,3.3,0,3,1,4,14.0,6.0,96,60
2121,121,9,4.9,9.7,2.9,0,1,0,4,5.3,15.9,104,65
2122,122,9,8.2,4,3.4,0,3,1,9,14.1,8.7,105,65.6
2123,123,9,1.3,6.9,3.7,0,3,1,12,18.3,5.7,99,61.9
2124,124,9,1.5,8.6,2,0,1,1,9,21.6,10.1,93,58.1
2125,125,9,3.2,5.7,2.1,0,0,0,7,21.4,14.0,104,65
2126,126,9,8.9,12.8,3.7,0,1,1,10,22.1,13.2,112,70
2127,127,9,2.4,15.9,3.6,0,4,0,12,16.7,11.7,92,57.5
2128,128,9,8.1,3.8,1.1,0,0,0,5,18.7,14.5,119,74.4
2129,129,9,4.8,9.5,3.6,0,4,1,4,14.3,10.4,86,53.8
2130,130,9,4.8,9.2,3.7,0,4,2,12,12.3,10.2,94,58.8
2131,131,9,6.2,6.7,3.6,0,4,2,4,20.3,9.8,83,51.9
2132,132,9,2.6,10.1,1.5,0,3,1,11,22.1,10.6,99,61.9
2133,133,9,3.2,10.2,2.4,0,3,0,5,12.8,6.5,113,70.6
2134,134,9,2.3,7,2.7,0,1,0,5,12.6,6.9,105,65.6
2135,135,9,4.6,0.3,3.9,0,3,3,6,16.7,7.8,71,44.4
2136,136,9,10.5,6,1.9,0,0,1,6,19.2,12.3,125,78.1
2137,137,9,3.6,13.2,3.2,0,3,2,6,6.2,12.7,104,65
2138,138,9,5.7,4,3.4,0,1,2,4,4.6,14.7,95,59.4
2139,139,9,5.3,8.9,3.7,0,3,0,11,12.7,4.4,100,62.5
2140,140,9,4.9,12.7,3.3,0,3,0,11,5.3,10.9,123,76.9
2141,141,9,4,10.1,3.3,0,2,0,10,12.6,7.9,104,65
2142,142,9,8.3,9.4,3.8,0,2,0,12,17.0,14.4,101,63.1
2143,143,9,4.7,3.6,3.6,0,2,1,12,15.3,7.9,83,51.9
2144,144,9,3.5,9.5,4.2,0,5,0,12,20.7,8.3,94,58.8
2145,145,9,7.5,5.1,4.3,0,4,0,7,20.3,14.1,83,51.9
2146,146,9,6.5,10.5,2.6,0,0,0,9,17.9,4.2,116,72.5
2147,147,9,5.2,4.2,3.7,0,2,0,10,20.9,14.6,87,54.4
2148,148,9,4.2,4.9,3.4,0,3,0,9,12.3,17.8,85,53.1
2149,149,9,9.6,12.3,3.3,0,2,2,11,17.5,5.7,125,78.1
2150,150,9,4.5,9.2,3,0,5,0,10,14.4,14.9,100,62.5
2151,151,9,3.3,11.8,2.5,0,0,0,7,22.8,12.7,95,59.4
2152,152,9,6,5.4,3,0,4,2,9,12.0,15.0,85,53.1
2153,153,9,3.9,7.7,1.7,0,2,0,5,7.3,-0.0,114,71.2
2154,154,9,4.5,11.7,3.1,0,5,0,12,19.5,20.0,98,61.2
2155,155,9,3.8,11.2,2.8,0,2,0,12,16.2,14.8,110,68.8
2156,156,9,4.1,9.7,2.9,0,5,0,9,9.1,6.7,106,66.2
2157,157,9,1.9,7,1.7,0,2,0,10,15.1,5.5,87,54.4
2158,158,9,2.9,8.9,3,0,3,1,7,20.8,10.5,94,58.8
2159,159,9,3.1,3.2,3.1,0,3,2,7,13.4,7.3,68,42.5
2160,160,9,3.9,13.3,4.1,0,3,1,8,23.9,11.5,91,56.9
2161,161,9,5.2,6.9,3.3,0,1,0,6,11.2,11.4,106,66.2
2162,162,9,2.7,9.6,1.9,0,3,1,4,19.5,6.7,97,60.6
2163,163,9,11.9,5.9,4.9,0,3,0,7,13.3,13.6,112,70
2164,164,9,4.2,8.8,3.9,0,2,0,10,18.4,12.8,98,61.2
2165,165,9,5.5,13.9,3,0,0,1,6,15.4,15.9,103,64.4
2166,166,9,2.5,10.5,3.3,0,2,0,10,17.5,12.4,86,53.8
2167,167,9,2.8,7,2.8,0,1,1,9,15.8,3.7,97,60.6
2168,168,9,9.7,13,3.5,0,1,2,7,13.4,16.2,103,64.4
2169,169,9,6.2,9.2,2.3,0,1,1,10,20.1,9.5,108,67.5
2170,170,9,4.2,3,3,0,2,0,11,15.5,6.6,87,54.4
2171,171,9,2.2,4.2,2.3,0,0,1,12,17.9,18.9,83,51.9
2172,172,9,9.5,3.3,3.8,0,1,0,10,10.4,18.2,113,70.6
2173,173,9,2.8,8.2,3.1,0,3,0,4,5.8,12.4,85,53.1
2174,174,9,3.6,9.9,2.8,0,2,1,7,16.0,20.0,94,58.8
2175,175,9,4.2,9,3.7,0,1,1,8,28.3,10.6,93,58.1
2176,176,9,5.4,12.8,3.2,0,6,2,4,20.1,8.7,88,55
2177,177,9,4.6,11.7,3.1,0,2,0,7,14.1,5.6,113,70.6
2178,178,9,4.5,10.5,2.4,0,0,0,5,14.7,16.8,114,71.2
2179,179,9,11.2,8.6,3.9,0,3,0,8,15.4,6.2,117,73.1
2180,180,9,4.8,8.4,2.1,0,1,2,5,17.4,11.7,109,68.1
2181,181,9,5.7,6.6,2.1,0,0,1,6,12.2,9.7,103,64.4
2182,182,9,2.1,9.3,2.7,0,5,2,6,23.2,10.0,74,46.2
2183,183,9,6.7,5.3,3.4,0,2,0,12,21.2,16.2,95,59.4
2184,184,9,1.8,3.4,2.1,0,2,0,8,19.1,8.3,97,60.6
2185,185,9,3.2,5.4,3.3,0,3,2,9,14.9,5.2,96,60
2186,186,9,13.1,12.8,2.6,0,0,0,12,16.8,15.5,136,85
2187,187,9,3,10.6,3.3,0,2,0,4,17.3,14.6,107,66.9
2188,188,9,4.5,11,2.6,0,1,1,6,17.4,11.2,112,70
2189,189,9,2.5,6.8,2.8,0,3,1,7,14.2,7.3,90,56.2
2190,190,9,2.5,13.1,2.6,0,3,0,12,12.5,7.4,103,64.4
2191,191,9,7.9,4.4,3.1,0,2,2,10,17.4,11.4,95,59.4
2192,192,9,3.6,nan,3,0,2,2,10,22.2,3.8,99,61.9
2193,193,9,4.4,4.2,3.9,0,2,0,7,27.0,14.8,77,48.1
2194,194,9,3.9,14.9,2.1,0,3,1,11,11.6,7.8,98,61.2
2195,195,9,2.1,2.7,3.1,0,3,0,5,11.3,15.7,77,48.1
2196,196,9,4.2,11.4,3.6,0,3,0,7,17.0,10.6,97,60.6
2197,197,9,7.7,12.6,3,0,3,0,7,15.6,2.3,116,72.5
2198,198,9,3,7.2,2.9,0,1,3,4,19.8,8.8,75,46.9
2199,199,9,5.7,4.7,2.8,0,1,1,4,16.6,7.4,105,65.6
2200,200,9,7.8,8.9,2.7,0,0,0,11,10.3,5.2,139,86.9
2201,201,9,2.4,5.4,3.5,0,9,2,12,24.2,19.3,58,36.2
2202,202,9,7,11.2,3.4,0,2,1,6,8.5,11.3,105,65.6
2203,203,9,1.6,2.7,3.2,0,5,0,4,14.1,8.9,71,44.4
2204,204,9,6.3,12,3.3,0,1,2,5,16.3,11.5,100,62.5
2205,205,9,3.8,nan,2.7,0,2,0,4,15.0,15.2,94,58.8
2206,206,9,2.5,6.8,2.8,0,4,1,11,9.9,10.8,78,48.8
2207,207,9,4.3,10.8,2.2,0,0,3,4,18.4,14.4,88,55
2208,208,9,3.3,4.3,3.5,0,0,0,10,25.3,13.5,91,56.9
2209,209,9,1.8,7.1,2.1,0,2,0,11,18.5,17.8,88,55
2210,210,9,7.6,9.8,3.4,0,2,0,5,16.4,9.1,114,71.2
2211,211,9,7.9,9.1,3.5,0,2,3,6,12.0,18.9,88,55
2212,212,9,2.6,10.5,2.6,0,3,2,6,12.1,13.0,94,58.8
2213,213,9,3.6,5,2.3,0,2,1,10,14.7,7.9,94,58.8
2214,214,9,3.5,3.1,2.3,0,3,1,12,15.6,20.9,86,53.8
2215,215,9,4,5.7,2.7,0,0,1,10,21.0,10.1,106,66.2
2216,216,9,2.3,7.7,2.6,0,2,0,6,21.2,9.1,87,54.4
2217,217,9,7.2,6.5,2.3,0,2,2,10,14.1,20.7,89,55.6
2218,218,9,4.7,6,2.9,0,1,2,10,15.1,16.6,104,65
2219,219,9,2.7,4.7,3.7,0,5,0,7,17.8,9.5,84,52.5
2220,220,9,3.5,0.3,3.7,0,3,0,5,20.6,7.1,89,55.6
2221,221,9,3,9.6,2.3,0,1,2,6,25.9,11.3,88,55
2222,222,9,4.1,9.7,3.2,0,4,2,11,12.2,14.3,82,51.2
2223,223,9,6.3,9.7,3.1,0,2,0,8,14.7,18.1,97,60.6
2224,224,9,6.3,10.4,3.8,0,3,2,5,11.9,14.3,85,53.1
2225,225,9,2.6,8.2,2.7,0,2,0,12,16.4,12.2,91,56.9
2226,226,9,4.8,4.2,3.5,0,1,0,8,16.3,14.3,107,66.9
2227,227,9,2.8,6.6,3.4,0,0,1,7,21.7,9.4,90,56.2
2228,228,9,1.8,5.1,2.7,0,2,1,4,13.4,12.2,99,61.9
2229,229,9,2.6,8,3.4,0,0,1,9,12.0,6.2,105,65.6
2230,230,9,4.5,6.5,4,0,4,2,8,15.4,10.4,86,53.8
2231,231,9,2,11.2,4,0,2,1,5,12.2,9.6,86,53.8
2232,232,9,3.1,8.7,2.5,0,2,0,11,28.9,12.6,89,55.6
2233,233,9,5.7,4.7,3.3,0,5,1,8,3.9,4.6,107,66.9
2234,234,9,3.1,8.2,4,0,2,1,4,18.0,16.5,83,51.9
2235,235,9,3.1,nan,3.3,0,4,0,5,8.5,5.2,77,48.1
2236,236,9,2.7,2.4,2.6,0,3,1,6,24.7,5.9,92,57.5
2237,237,9,1.6,nan,2.1,0,1,2,10,24.8,0.0,90,56.2
2238,238,9,3.9,6.4,3.3,0,3,1,10,14.5,5.5,96,60
2239,239,9,4.6,11.9,2.9,0,3,0,11,14.7,18.7,105,65.6
2240,240,9,4.8,9.9,2.5,0,5,1,9,15.1,15.3,92,57.5
2241,241,9,2.6,7.3,3.1,0,4,1,12,14.1,0.0,89,55.6
2242,242,9,2.7,6.2,3.4,0,3,0,6,23.1,8.1,88,55
2243,243,9,6.8,8,4.6,0,3,1,9,4.9,2.2,93,58.1
2244,244,9,2.7,11,2,0,2,3,9,18.9,1.4,112,70
2245,245,9,3.9,6.1,3.3,0,4,1,7,9.6,0.0,85,53.1
2246,246,9,1.2,12.3,3.5,0,3,0,8,11.8,6.5,103,64.4
2247,247,9,2.6,3.3,2,0,0,0,10,14.9,6.5,99,61.9
2248,248,9,2.6,4.8,3.2,0,1,0,11,17.0,8.5,102,63.8
2249,249,9,2,8.4,2.6,0,3,0,12,2.5,0.0,119,74.4
2250,250,9,9.1,9.2,2.7,0,0,2,6,17.6,9.6,118,73.8
2251,1,10,4.8,8.8,3.8,0,5,2,6,26.1,8.4,81,50.6
2252,2,10,4.1,10.6,3.2,0,2,0,4,6.8,13.7,114,71.2
2253,3,10,3.7,6.5,2.9,0,2,0,5,14.7,13.7,109,68.1
2254,4,10,4.9,4.4,3.2,0,3,3,10,16.6,17.3,66,41.2
2255,5,10,3.7,8.8,3.9,0,6,5,9,15.3,5.8,74,46.2
2256,6,10,6.1,6.5,3.3,0,0,0,6,18.6,20.8,98,61.2
2257,7,10,5,10.7,2.4,0,3,2,7,12.6,3.4,100,62.5
2258,8,10,4.7,10.1,4.5,0,1,1,9,20.9,6.3,82,51.2
2259,9,10,2.3,4.2,2.5,0,1,0,7,24.2,9.1,100,62.5
2260,10,10,1.7,7.4,2.5,0,3,1,7,13.3,17.9,97,60.6
2261,11,10,2.4,6,3,0,2,0,6,23.4,13.2,77,48.1
2262,12,10,5.1,6,3.6,0,2,3,9,12.3,11.8,74,46.2
2263,13,10,4.6,7.4,2.7,0,2,0,12,10.0,2.9,109,68.1
2264,14,10,2.1,10.3,3.5,0,1,0,6,20.0,15.5,89,55.6
2265,15,10,5.1,7.1,2.9,0,5,0,6,24.1,15.1,92,57.5
2266,16,10,3.1,9.1,2.7,0,2,1,8,18.2,13.9,94,58.8
2267,17,10,3.1,5.5,2.9,0,2,0,5,12.8,5.8,104,65
2268,18,10,7.3,12.3,2.7,0,1,1,8,14.7,5.7,120,75
2269,19,10,4.5,nan,3.2,0,5,0,11,15.4,12.4,102,63.8
2270,20,10,4.9,11,2.6,0,2,1,9,9.7,4.6,105,65.6
2271,21,10,4.9,6.2,3.7,0,4,0,5,19.7,11.2,89,55.6
2272,22,10,2,12.7,3.3,0,1,0,5,18.9,3.9,106,66.2
2273,23,10,5,5.7,3.4,0,1,2,4,14.8,6.0,89,55.6
2274,24,10,11.9,9.3,3.7,0,0,4,12,13.4,7.7,109,68.1
2275,25,10,2.5,6.2,2.6,0,3,3,7,20.2,10.9,69,43.1
2276,26,10,6.3,7.9,4,0,0,0,6,11.8,5.6,115,71.9
2277,27,10,6.7,9.6,3.5,0,2,1,11,14.5,10.8,107,66.9
2278,28,10,6.6,13.6,4,0,2,2,6,27.0,10.6,95,59.4
2279,29,10,3.3,5.9,4.1,0,6,0,6,16.9,11.2,70,43.8
2280,30,10,3.7,12.5,3.1,0,0,2,6,15.6,11.8,94,58.8
2281,31,10,2.5,6.5,1.7,0,0,1,7,15.6,8.8,92,57.5
2282,32,10,4.3,6.2,2.9,0,1,1,4,19.2,9.9,101,63.1
2283,33,10,8.3,9.3,3.3,0,3,0,9,17.8,13.6,98,61.2
2284,34,10,3.1,6.3,3.2,0,4,4,7,11.8,2.7,77,48.1
2285,35,10,1.6,11.5,2.8,0,1,2,12,24.5,16.1,82,51.2
2286,36,10,4.5,4.5,4,0,0,2,10,19.9,3.0,101,63.1
2287,37,10,6.7,5.4,3.7,0,2,0,7,11.4,8.8,109,68.1
2288,38,10,3.9,5.3,2.8,0,2,2,10,7.4,15.6,88,55
2289,39,10,9.8,11.5,2.3,0,0,0,11,20.4,13.5,132,82.5
2290,40,10,4.1,7.2,3.9,0,8,1,5,11.3,9.1,81,50.6
2291,41,10,4.5,10.7,4.2,0,1,3,5,23.7,11.8,70,43.8
2292,42,10,2.6,0,2.6,0,2,0,5,7.8,15.8,86,53.8
2293,43,10,3.8,11.8,2.4,0,2,1,4,20.2,12.6,104,65
2294,44,10,6.6,11.6,3.7,0,6,1,6,8.9,6.5,98,61.2
2295,45,10,6.6,10.5,2.1,0,0,2,11,19.1,6.3,114,71.2
2296,46,10,7.9,8.4,4.6,0,1,0,10,17.7,2.9,97,60.6
2297,47,10,6.4,11.7,3.6,0,1,1,7,11.1,10.2,107,66.9
2298,48,10,5.7,10.7,2.2,0,3,0,8,11.1,7.1,123,76.9
2299,49,10,1.5,10.1,1.6,0,0,1,10,19.2,14.7,105,65.6
2300,50,10,2.9,9.7,4.6,0,4,0,12,15.7,10.7,86,53.8
2301,51,10,13.2,8.7,3.4,0,0,1,6,18.2,14.7,130,81.2
2302,52,10,3.4,8.5,2.4,0,3,0,9,23.0,4.7,111,69.4
2303,53,10,6.1,11.7,2.5,0,1,1,9,6.7,13.2,119,74.4
2304,54,10,4.3,6.5,3.7,0,2,0,9,23.4,7.3,97,60.6
2305,55,10,6.2,9.9,4,0,4,3,11,18.5,15.1,75,46.9
2306,56,10,4.6,11.7,2.5,0,1,1,10,8.4,0.8,121,75.6
2307,57,10,2.7,6.9,4.1,0,2,0,7,10.6,12.1,84,52.5
2308,58,10,3,5.8,3.2,0,3,0,10,17.9,4.8,79,49.4
2309,59,10,5.2,8.4,1.9,0,1,0,4,20.9,9.4,113,70.6
2310,60,10,3.5,12.5,3.6,0,5,0,7,15.5,12.1,91,56.9
2311,61,10,1.6,9.7,2.9,0,2,0,5,22.2,6.6,101,63.1
2312,62,10,5.7,10.9,3,0,1,1,6,11.0,7.7,98,61.2
2313,63,10,7.2,10.7,3.1,0,2,0,12,14.8,12.6,116,72.5
2314,64,10,6.9,nan,4.5,0,2,0,7,20.5,6.3,89,55.6
2315,65,10,7,5.5,4.5,0,9,0,4,11.3,11.4,74,46.2
2316,66,10,2,3.8,1.9,0,1,1,8,17.9,8.4,95,59.4
2317,67,10,9.4,8.7,2.8,0,1,0,4,17.7,7.5,133,83.1
2318,68,10,4.1,9.4,2.8,0,1,0,5,15.7,22.8,99,61.9
2319,69,10,2.8,10.3,3.1,0,4,1,7,2.0,13.3,97,60.6
2320,70,10,3.6,7.8,2.9,0,2,0,7,18.5,16.6,93,58.1
2321,71,10,3.1,7.7,2.5,0,3,1,6,15.4,9.2,106,66.2
2322,72,10,2.4,10.7,4.2,0,1,1,9,19.0,11.4,84,52.5
2323,73,10,4.4,9.9,3.5,0,3,2,8,22.6,0.5,86,53.8
2324,74,10,4.8,7.8,3.4,0,3,2,5,10.0,6.4,93,58.1
2325,75,10,4,4.3,3.2,0,2,0,11,17.4,6.3,103,64.4
2326,76,10,4.8,9.7,3.3,0,3,1,5,21.1,1.3,99,61.9
2327,77,10,4.1,9.6,3.7,0,2,0,7,9.2,7.1,90,56.2
2328,78,10,3.1,8.5,2.7,0,1,0,5,16.7,0.8,107,66.9
2329,79,10,3.3,7,3,0,1,0,12,11.3,7.8,109,68.1
2330,80,10,5.6,6.3,2.4,0,2,2,6,18.0,15.9,89,55.6
2331,81,10,2.1,2.3,1.6,0,1,1,11,17.5,14.8,97,60.6
2332,82,10,3.4,6,3.9,0,1,0,12,15.2,13.4,86,53.8
2333,83,10,6.8,1.6,3.3,0,2,0,5,7.3,0.8,125,78.1
2334,84,10,4.9,10.7,2.8,0,2,3,4,19.3,4.9,81,50.6
2335,85,10,6,4.2,3.2,0,2,1,4,7.9,-0.0,110,68.8
2336,86,10,4.4,9.4,3.9,0,3,2,5,9.7,3.6,91,56.9
2337,87,10,2.4,5.1,2.6,0,2,1,7,17.8,4.9,98,61.2
2338,88,10,3.6,1,2.4,0,4,1,5,14.5,13.9,70,43.8
2339,89,10,4.7,7.3,2.3,0,3,2,12,18.1,4.9,99,61.9
2340,90,10,3.6,8.6,3.3,0,4,0,8,19.5,12.9,87,54.4
2341,91,10,4.1,6.3,2.8,0,3,0,11,6.8,8.7,101,63.1
2342,92,10,4.8,6.5,2.8,0,2,4,4,13.7,10.9,82,51.2
2343,93,10,6.7,9.6,3.7,0,4,1,5,20.0,12.9,104,65
2344,94,10,3.5,4.8,3.7,0,5,1,8,15.5,9.6,61,38.1
2345,95,10,7.6,10,3.1,0,0,0,5,12.9,10.8,122,76.2
2346,96,10,4.4,7.5,2.6,0,2,1,5,15.2,7.0,113,70.6
2347,97,10,7,6.5,3.2,0,0,1,4,19.8,8.4,108,67.5
2348,98,10,7.5,6.8,3.5,0,2,1,6,12.4,11.3,113,70.6
2349,99,10,9.7,2.6,2.8,0,0,1,10,13.6,14.4,112,70
2350,100,10,7.3,8.4,3.7,0,2,2,11,22.6,5.6,98,61.2
2351,101,10,7.3,14.7,3,0,3,0,8,23.9,8.7,116,72.5
2352,102,10,9.6,1.8,3.8,0,0,2,5,21.5,11.6,100,62.5
2353,103,10,1.9,5.3,3,0,2,3,8,19.6,12.0,65,40.6
2354,104,10,2.7,10,3.1,0,3,3,9,12.8,13.2,79,49.4
2355,105,10,7.2,9.6,4,0,1,0,5,18.9,18.0,78,48.8
2356,106,10,1.5,7.4,3.4,0,2,2,7,17.7,16.7,85,53.1
2357,107,10,4.9,5.8,3.5,0,1,2,11,17.6,3.1,93,58.1
2358,108,10,4.8,10.2,4,0,3,1,7,20.3,6.8,102,63.8
2359,109,10,2.1,8.1,3,0,1,1,8,20.8,7.7,86,53.8
2360,110,10,2.8,6.3,2.7,0,0,2,11,6.2,10.2,104,65
2361,111,10,6.1,17.3,4.4,0,4,0,10,17.1,0.0,118,73.8
2362,112,10,5.8,5.5,2.6,0,3,1,5,10.6,11.2,102,63.8
2363,113,10,3.3,3.6,3,0,5,0,9,12.3,6.0,94,58.8
2364,114,10,2.9,5.8,3.3,0,3,1,12,20.1,10.0,73,45.6
2365,115,10,3.1,6.3,2.9,0,0,1,5,28.4,6.4,86,53.8
2366,116,10,5.6,6.2,4.4,0,2,1,12,29.7,6.4,95,59.4
2367,117,10,2.2,11.2,2.6,0,1,1,9,16.6,12.1,109,68.1
2368,118,10,4.5,4.9,2.8,0,1,0,10,17.1,12.1,94,58.8
2369,119,10,2.1,9.1,3.4,0,4,0,6,17.0,11.1,95,59.4
2370,120,10,6.9,6,3.8,0,4,1,4,22.2,18.8,85,53.1
2371,121,10,5,6.1,3.5,0,1,2,4,12.8,9.3,100,62.5
2372,122,10,8.3,10.1,2.9,0,4,1,9,24.4,7.5,107,66.9
2373,123,10,1.4,11,3.7,0,1,1,12,15.6,10.3,95,59.4
2374,124,10,1.6,9.8,3.2,0,2,0,9,20.4,9.7,85,53.1
2375,125,10,3.3,10,3.7,0,1,0,7,19.1,7.5,99,61.9
2376,126,10,9,8,2.8,0,0,1,10,21.5,7.1,102,63.8
2377,127,10,2.5,9.9,1.9,0,2,0,12,20.3,14.4,103,64.4
2378,128,10,8.2,13.9,2.5,0,0,0,5,14.3,9.6,122,76.2
2379,129,10,4.9,9.3,2.9,0,2,1,4,14.3,11.8,97,60.6
2380,130,10,4.8,9.2,2.4,0,4,1,12,6.9,2.4,114,71.2
2381,131,10,6.3,2.2,3.6,0,0,0,4,19.0,12.6,100,62.5
2382,132,10,2.7,3.1,1.6,0,2,2,11,16.9,4.3,104,65
2383,133,10,3.3,9.1,3,0,3,1,5,16.8,8.0,99,61.9
2384,134,10,2.4,5.5,2.9,0,4,0,5,22.5,12.2,96,60
2385,135,10,4.7,8,4.7,0,0,1,6,15.7,12.6,94,58.8
2386,136,10,10.6,0,3.7,0,1,2,6,18.1,8.7,107,66.9
2387,137,10,3.7,9.1,3.1,0,3,1,6,11.0,3.1,92,57.5
2388,138,10,5.8,8,4.8,0,4,1,4,14.0,22.2,86,53.8
2389,139,10,5.4,11.3,3.5,0,2,3,11,18.6,16.3,94,58.8
2390,140,10,5,nan,3.1,0,2,2,11,24.8,10.1,97,60.6
2391,141,10,4.1,10.8,2.3,0,3,2,10,23.6,16.6,81,50.6
2392,142,10,8.4,8.5,4.8,0,3,2,12,15.1,7.3,88,55
2393,143,10,4.7,9.3,2.9,0,3,0,12,16.1,10.3,99,61.9
2394,144,10,3.5,8.6,3.7,0,4,2,12,5.3,4.6,95,59.4
2395,145,10,7.6,0,4.1,0,2,0,7,15.4,16.5,92,57.5
2396,146,10,6.6,12.2,2.6,0,1,1,9,22.1,12.8,105,65.6
2397,147,10,5.3,5.3,3.1,0,1,0,10,21.2,9.2,93,58.1
2398,148,10,4.3,9.2,3.6,0,2,0,9,18.9,8.5,96,60
2399,149,10,9.7,6.8,4.8,0,1,1,11,15.4,13.7,106,66.2
2400,150,10,4.6,5.9,3.2,0,2,0,10,15.0,15.8,103,64.4
2401,151,10,3.4,9.6,3.8,0,3,1,7,14.5,18.1,81,50.6
2402,152,10,6.1,6.6,2.5,0,1,2,9,17.1,10.9,112,70
2403,153,10,4,13.8,2.9,0,2,3,5,18.3,8.9,93,58.1
2404,154,10,4.6,8.4,2.9,0,5,0,12,18.5,0.0,94,58.8
2405,155,10,3.9,9.4,2.2,0,0,3,12,14.6,12.4,93,58.1
2406,156,10,4.2,3.8,2.6,0,0,5,9,7.9,12.4,73,45.6
2407,157,10,2,5.1,2.7,0,2,2,10,22.6,11.9,79,49.4
2408,158,10,3,10.1,3.9,0,2,0,7,12.9,9.4,97,60.6
2409,159,10,3.1,8.2,3.6,0,5,0,7,14.7,7.6,74,46.2
2410,160,10,4,12.1,2.7,0,0,0,8,21.0,13.9,104,65
2411,161,10,5.2,7.6,3.3,0,1,1,6,15.3,13.8,95,59.4
2412,162,10,2.8,8.4,3.1,0,3,1,4,20.5,12.2,93,58.1
2413,163,10,12,11.8,3.4,0,0,0,7,16.3,11.1,142,88.8
2414,164,10,4.3,7.7,2.6,0,3,1,10,18.2,11.6,101,63.1
2415,165,10,5.6,7.4,2.8,0,1,0,6,10.1,9.2,106,66.2
2416,166,10,2.6,5,3.9,0,3,0,10,22.0,9.9,84,52.5
2417,167,10,2.9,11.9,3.8,0,0,2,9,18.4,11.1,87,54.4
2418,168,10,9.8,9,3.1,0,0,1,7,15.6,11.8,113,70.6
2419,169,10,6.3,10.6,4,0,1,1,10,15.6,12.9,106,66.2
2420,170,10,4.3,7.4,2.8,0,1,1,11,7.1,12.7,101,63.1
2421,171,10,2.3,8.5,2.7,0,4,1,12,22.7,23.7,67,41.9
2422,172,10,9.6,4.7,4.2,0,0,3,10,10.3,18.4,101,63.1
2423,173,10,2.9,6.4,3.7,0,1,0,4,12.6,13.5,81,50.6
2424,174,10,3.6,2,3,0,4,1,7,6.9,0.0,92,57.5
2425,175,10,4.3,11.7,2.5,0,1,0,8,21.7,15.5,109,68.1
2426,176,10,5.5,8.1,3.1,0,1,0,4,16.1,10.9,94,58.8
2427,177,10,4.7,10.4,3.8,0,3,0,7,23.4,6.5,97,60.6
2428,178,10,4.5,5.2,2.9,0,1,3,5,10.2,5.0,104,65
2429,179,10,11.3,8,3.1,0,1,1,8,7.0,7.6,123,76.9
2430,180,10,4.9,9.1,2.9,0,5,1,5,8.3,10.6,103,64.4
2431,181,10,5.8,6,4.3,0,3,1,6,24.9,6.3,76,47.5
2432,182,10,2.2,3.6,3,0,3,3,6,15.0,5.3,77,48.1
2433,183,10,6.7,9.9,3.5,0,4,0,12,14.3,12.7,97,60.6
2434,184,10,1.9,9.3,2.3,0,2,1,8,15.5,11.5,101,63.1
2435,185,10,3.3,6.1,3.3,0,5,1,9,17.8,12.3,85,53.1
2436,186,10,13.2,17,4.3,0,0,1,12,20.9,5.8,130,81.2
2437,187,10,3.1,5.1,4.3,0,4,2,4,20.8,3.4,83,51.9
2438,188,10,4.6,10.9,2.8,0,1,2,6,12.7,6.3,107,66.9
2439,189,10,2.5,6.7,4.2,0,2,1,7,10.9,12.3,77,48.1
2440,190,10,2.5,7,2.5,0,0,0,12,16.5,18.9,92,57.5
2441,191,10,8,10.7,4.1,0,3,1,10,16.6,0.8,103,64.4
2442,192,10,3.7,10.8,3.8,0,3,0,10,14.6,12.5,80,50
2443,193,10,4.4,6.4,2.9,0,2,0,7,13.7,7.0,91,56.9
2444,194,10,4,9.3,3.4,0,1,1,11,17.6,3.0,97,60.6
2445,195,10,2.2,10.3,2.1,0,1,0,5,16.7,15.1,102,63.8
2446,196,10,4.3,7.3,2.2,0,1,3,7,18.1,14.2,87,54.4
2447,197,10,7.7,2,2.1,0,0,3,7,14.9,14.6,93,58.1
2448,198,10,3.1,6.1,3.6,0,2,1,4,15.2,14.1,87,54.4
2449,199,10,5.8,13.1,3.3,0,2,0,4,10.9,7.4,112,70
2450,200,10,7.8,5.7,3.9,0,0,1,11,18.4,6.2,112,70
2451,201,10,2.5,3.8,3.3,0,4,1,12,18.9,17.2,89,55.6
2452,202,10,7.1,1.5,3.6,0,5,1,6,6.6,9.0,90,56.2
2453,203,10,1.7,10.6,2.9,0,3,2,4,12.7,14.3,81,50.6
2454,204,10,6.4,10.2,3.4,0,1,1,5,6.6,7.9,115,71.9
2455,205,10,3.9,6.9,2.5,0,2,1,4,11.9,1.4,103,64.4
2456,206,10,2.6,13.2,2,0,3,0,11,16.1,2.3,102,63.8
2457,207,10,4.3,10.6,2.4,0,6,0,4,6.7,5.8,108,67.5
2458,208,10,3.4,8,3,0,4,0,10,11.6,14.8,93,58.1
2459,209,10,1.9,8.3,1.2,0,1,0,11,8.2,10.8,121,75.6
2460,210,10,7.7,6.7,3.2,0,0,0,5,15.1,11.8,123,76.9
2461,211,10,8,2.7,3.7,0,2,0,6,21.0,10.6,83,51.9
2462,212,10,2.7,10.5,3.6,0,2,2,6,14.8,18.9,77,48.1
2463,213,10,3.7,5.2,2.9,0,4,0,10,16.1,5.6,95,59.4
2464,214,10,3.6,7.2,2.5,0,1,1,12,14.3,12.1,95,59.4
2465,215,10,4,4.9,3.9,0,2,1,10,12.1,7.5,98,61.2
2466,216,10,2.3,6.2,2.6,0,3,2,6,25.8,10.9,78,48.8
2467,217,10,7.3,6.3,4.2,0,4,1,10,25.0,18.1,80,50
2468,218,10,4.8,10.2,2.4,0,2,0,10,7.7,5.4,117,73.1
2469,219,10,2.8,5.3,3.4,0,2,0,7,22.3,6.7,82,51.2
2470,220,10,3.6,9,3.5,0,6,1,5,22.8,13.1,70,43.8
2471,221,10,3.1,9,3.4,0,1,1,6,11.8,9.6,89,55.6
2472,222,10,4.2,6.1,2,0,1,0,11,18.7,23.1,113,70.6
2473,223,10,6.4,8.1,3.4,0,0,0,8,22.1,11.3,116,72.5
2474,224,10,6.4,5.8,2.7,0,2,1,5,9.1,7.0,110,68.8
2475,225,10,2.6,9.4,4,0,1,2,12,12.5,6.5,80,50
2476,226,10,4.9,6,1.7,0,3,1,8,19.2,0.7,110,68.8
2477,227,10,2.9,6.2,3.1,0,4,0,7,13.1,1.7,108,67.5
2478,228,10,1.8,5.5,1.9,0,4,1,4,17.0,9.1,97,60.6
2479,229,10,2.6,12.4,3.2,0,1,2,9,17.3,15.4,94,58.8
2480,230,10,4.6,2.9,1.5,0,0,1,8,18.4,15.4,106,66.2
2481,231,10,2.1,6.6,2,0,2,0,5,9.9,11.7,99,61.9
2482,232,10,3.2,nan,4.6,0,8,0,11,20.2,7.5,70,43.8
2483,233,10,5.8,11.4,4.2,0,5,0,8,22.5,10.1,87,54.4
2484,234,10,3.2,6.5,3.2,0,2,2,4,21.7,11.0,87,54.4
2485,235,10,3.2,6.5,3.3,0,4,1,5,16.9,10.0,77,48.1
2486,236,10,2.8,9.9,1.6,0,0,1,6,18.6,20.0,97,60.6
2487,237,10,1.7,5.1,2.7,0,0,0,10,8.5,9.4,98,61.2
2488,238,10,4,5.5,3,0,3,1,10,18.0,9.3,93,58.1
2489,239,10,4.7,12,2.9,0,5,0,11,18.9,1.2,98,61.2
2490,240,10,4.9,9.2,3.1,0,2,0,9,17.6,11.2,95,59.4
2491,241,10,2.7,11.4,3.2,0,2,3,12,19.2,11.1,94,58.8
2492,242,10,2.7,nan,1.7,0,2,1,6,13.7,13.2,89,55.6
2493,243,10,6.9,4.8,3.2,0,1,1,9,14.3,5.6,103,64.4
2494,244,10,2.8,11.3,1.7,0,0,0,9,16.7,5.0,122,76.2
2495,245,10,3.9,5.1,2.7,0,4,0,7,9.1,11.8,103,64.4
2496,246,10,1.2,5.3,2.6,0,4,1,8,13.5,1.7,93,58.1
2497,247,10,2.7,8.8,2.5,0,1,1,10,17.3,16.7,89,55.6
2498,248,10,2.6,10.2,2.1,0,4,2,11,16.6,7.5,92,57.5
2499,249,10,2.1,nan,2.2,0,1,0,12,20.4,12.8,129,80.6
2500,250,10,9.2,7.5,3.5,0,0,1,6,13.4,7.4,117,73.1
2501,1,11,4.8,7.4,3.6,0,3,2,6,14.5,4.4,91,56.9
2502,2,11,4.2,8.5,2.7,0,2,0,4,20.2,11.8,103,64.4
2503,3,11,3.8,18.7,3.4,0,5,1,5,12.7,19.0,101,63.1
2504,4,11,5,8,3.1,0,3,0,10,10.3,15.7,91,56.9
2505,5,11,3.7,7.3,1.1,0,0,1,9,19.8,1.8,132,82.5
2506,6,11,6.2,4.3,3.1,0,0,1,6,23.8,15.7,99,61.9
2507,7,11,5.1,9.7,2.8,0,2,0,7,9.5,8.6,108,67.5
2508,8,11,4.8,4.8,2,0,4,1,9,21.1,17.9,89,55.6
2509,9,11,2.4,8.1,2.7,0,4,0,7,12.1,12.2,99,61.9
2510,10,11,1.8,9.3,3,0,4,0,7,15.9,0.0,96,60
2511,11,11,2.5,8.2,2.2,0,2,0,6,20.1,8.7,90,56.2
2512,12,11,5.2,8.2,3.8,0,1,1,9,16.7,15.7,89,55.6
2513,13,11,4.7,11.1,3.5,0,4,0,12,8.1,6.8,114,71.2
2514,14,11,2.1,1.3,2.4,0,4,0,6,12.6,6.1,88,55
2515,15,11,5.2,5.5,3.5,0,3,1,6,11.1,7.0,94,58.8
2516,16,11,3.2,7.3,3.7,0,1,1,8,10.8,0.9,96,60
2517,17,11,3.2,8.9,2.4,0,1,2,5,17.4,11.3,90,56.2
2518,18,11,7.4,5.4,3.8,0,3,0,8,12.8,19.8,99,61.9
2519,19,11,4.6,9.6,3.3,0,1,2,11,18.9,12.8,97,60.6
2520,20,11,5,10.8,3.7,0,1,2,9,22.3,17.9,99,61.9
2521,21,11,5,6.1,2.5,0,3,1,5,13.1,13.8,99,61.9
2522,22,11,2.1,2.8,2.3,0,1,0,5,17.7,15.0,95,59.4
2523,23,11,5.1,9.6,2.6,0,3,2,4,18.5,18.3,97,60.6
2524,24,11,12,11.6,3.6,0,1,2,12,19.6,12.8,111,69.4
2525,25,11,2.6,5.2,3,0,2,2,7,16.6,9.5,84,52.5
2526,26,11,6.4,14.3,1.5,0,0,2,6,20.7,15.3,115,71.9
2527,27,11,6.8,7.2,3.3,0,0,1,11,17.0,14.7,112,70
2528,28,11,6.7,6,3.1,0,2,1,6,10.3,8.4,101,63.1
2529,29,11,3.4,8.5,2.4,0,2,1,6,21.1,7.9,95,59.4
2530,30,11,3.8,3.4,2.1,0,3,1,6,20.2,10.8,95,59.4
2531,31,11,2.6,13.4,2.9,0,1,1,7,14.0,15.1,93,58.1
2532,32,11,4.4,9.1,2.5,0,1,0,4,18.1,15.3,101,63.1
2533,33,11,8.3,8.2,3.8,0,1,1,9,20.7,5.3,100,62.5
2534,34,11,3.2,7.4,2.8,0,1,0,7,17.0,20.1,93,58.1
2535,35,11,1.7,4,3.6,0,4,1,12,19.0,5.3,85,53.1
2536,36,11,4.6,1.8,4,0,4,2,10,21.6,3.0,101,63.1
2537,37,11,6.8,11.1,2.8,0,1,2,7,11.1,5.1,112,70
2538,38,11,4,11.9,3.2,0,5,0,10,7.1,19.5,104,65
2539,39,11,9.8,2.4,2.6,0,1,2,11,17.1,10.8,110,68.8
2540,40,11,4.1,10.6,3.7,0,4,1,5,17.8,4.6,97,60.6
2541,41,11,4.5,6.2,3,0,0,1,5,17.6,16.2,90,56.2
2542,42,11,2.7,10.5,2.2,0,1,1,5,25.5,15.6,92,57.5
2543,43,11,3.8,4.5,2.5,0,1,1,4,8.8,8.6,102,63.8
2544,44,11,6.7,6.6,3.2,0,1,0,6,18.8,13.0,111,69.4
2545,45,11,6.7,12.4,3.4,0,0,0,11,15.7,9.2,103,64.4
2546,46,11,8,5.3,4.3,0,3,0,10,28.1,11.7,82,51.2
2547,47,11,6.4,7.8,3.4,0,0,0,7,26.6,2.3,106,66.2
2548,48,11,5.7,9.5,2.1,0,0,0,8,12.5,4.9,117,73.1
2549,49,11,1.6,8.6,3.1,0,5,2,10,13.6,18.1,75,46.9
2550,50,11,3,7.6,2.1,0,0,1,12,18.3,15.1,111,69.4
2551,51,11,13.2,5,3.3,0,1,0,6,12.3,8.6,134,83.8
2552,52,11,3.5,13.4,3.3,0,1,0,9,15.2,16.3,107,66.9
2553,53,11,6.2,4.9,3.4,0,1,1,9,20.4,13.7,81,50.6
2554,54,11,4.3,9.7,4.4,0,2,1,9,5.9,8.1,93,58.1
2555,55,11,6.2,6.3,3.1,0,2,2,11,16.0,10.4,95,59.4
2556,56,11,4.6,6.9,2.5,0,2,1,10,13.7,10.8,95,59.4
2557,57,11,2.8,8.9,2,0,0,0,7,14.0,9.6,108,67.5
2558,58,11,3.1,5.8,4.2,0,2,1,10,18.4,10.0,103,64.4
2559,59,11,5.3,7.6,2,0,1,0,4,11.0,12.0,109,68.1
2560,60,11,3.6,5.4,3.5,0,2,1,7,18.8,11.8,94,58.8
2561,61,11,1.7,13.2,2.9,0,3,0,5,17.2,16.9,86,53.8
2562,62,11,5.8,6.8,3,0,0,1,6,16.7,13.6,97,60.6
2563,63,11,7.3,9.3,2.5,0,0,1,12,17.7,3.8,124,77.5
2564,64,11,7,11.8,2.7,0,1,0,7,17.8,4.5,117,73.1
2565,65,11,7.1,10,3.7,0,2,0,4,24.0,15.7,85,53.1
2566,66,11,2.1,5.7,2.8,0,2,0,8,18.5,7.3,103,64.4
2567,67,11,9.5,9,3.8,0,1,0,4,12.7,8.6,123,76.9
2568,68,11,4.2,9.1,2.7,0,2,2,5,10.9,7.8,105,65.6
2569,69,11,2.9,11.2,2.8,0,1,0,7,11.9,22.1,99,61.9
2570,70,11,3.6,13.5,3.8,0,1,3,7,11.8,3.9,90,56.2
2571,71,11,3.2,8,3.7,0,6,1,6,27.3,0.0,92,57.5
2572,72,11,2.4,10.6,3.1,0,5,2,9,20.3,9.7,88,55
2573,73,11,4.5,10,2.1,0,0,1,8,10.0,9.2,108,67.5
2574,74,11,4.9,5.1,3.3,0,2,3,5,8.0,9.7,93,58.1
2575,75,11,4.1,9.9,3.4,0,5,0,11,19.4,13.7,87,54.4
2576,76,11,4.9,12.7,2.9,0,1,1,5,18.9,15.4,106,66.2
2577,77,11,4.1,9.5,3.5,0,2,3,7,20.0,4.8,80,50
2578,78,11,3.2,2.8,2.5,0,3,1,5,12.5,5.6,100,62.5
2579,79,11,3.4,5.1,1.8,0,2,0,12,12.8,9.7,114,71.2
2580,80,11,5.7,5.6,2.7,0,1,2,6,17.9,13.5,98,61.2
2581,81,11,2.2,11.3,3.5,0,1,0,11,18.2,20.9,89,55.6
2582,82,11,3.5,6.5,3.1,0,4,0,12,6.4,15.7,86,53.8
2583,83,11,6.9,7.3,4,0,2,2,5,14.4,9.1,96,60
2584,84,11,5,4.9,3.7,0,3,2,4,13.4,7.8,79,49.4
2585,85,11,6.1,10.9,2.2,0,0,1,4,15.3,5.9,123,76.9
2586,86,11,4.5,5.9,4,0,2,2,5,31.4,8.0,81,50.6
2587,87,11,2.5,6.2,3.9,0,0,0,7,18.9,13.6,89,55.6
2588,88,11,3.7,4.3,2.8,0,2,1,5,17.6,14.3,80,50
2589,89,11,4.8,7,4.1,0,5,1,12,19.7,3.9,85,53.1
2590,90,11,3.7,1.4,2.6,0,3,1,8,18.1,8.3,90,56.2
2591,91,11,4.1,nan,2.5,0,2,0,11,10.5,18.2,101,63.1
2592,92,11,4.9,13.7,3.7,0,4,1,4,19.0,14.4,91,56.9
2593,93,11,6.7,9.3,3,0,4,1,5,17.9,10.6,105,65.6
2594,94,11,3.6,7,2.9,0,4,3,8,26.5,12.9,78,48.8
2595,95,11,7.6,6.3,3.4,0,0,1,5,13.6,14.6,95,59.4
2596,96,11,4.5,14.4,3.7,0,7,1,5,19.4,17.9,82,51.2
2597,97,11,7.1,6.2,1.5,0,0,1,4,13.2,12.9,112,70
2598,98,11,7.5,10.7,2.3,0,1,2,6,14.8,4.4,129,80.6
2599,99,11,9.8,10.2,3.5,0,2,1,10,12.2,6.9,109,68.1
2600,100,11,7.3,9,2.7,0,3,0,11,17.0,14.4,97,60.6
2601,101,11,7.4,7.6,1,0,0,2,8,13.6,0.0,124,77.5
2602,102,11,9.7,10.7,3.4,0,0,0,5,25.1,13.4,104,65
2603,103,11,2,9.1,3.6,0,2,0,8,19.2,7.8,97,60.6
2604,104,11,2.8,6.7,1.6,0,1,0,9,9.3,4.1,110,68.8
2605,105,11,7.3,10.2,1.3,0,0,1,5,20.6,10.6,106,66.2
2606,106,11,1.6,3.2,5,0,5,1,7,11.4,12.3,69,43.1
2607,107,11,4.9,10.6,2.9,0,2,0,11,11.9,13.3,97,60.6
2608,108,11,4.9,10.4,1,0,0,0,7,12.1,7.8,136,85
2609,109,11,2.2,10.5,2.4,0,3,3,8,14.4,11.2,86,53.8
2610,110,11,2.9,9,3.1,0,5,3,11,27.7,10.3,76,47.5
2611,111,11,6.2,6,2.5,0,0,0,10,16.5,13.7,120,75
2612,112,11,5.9,9.3,2.1,0,1,1,5,6.6,7.9,124,77.5
2613,113,11,3.4,6,3.3,0,4,0,9,13.6,4.6,88,55
2614,114,11,3,1.2,2.6,0,3,0,12,24.2,20.5,76,47.5
2615,115,11,3.2,10.4,2.8,0,2,0,5,24.7,10.0,108,67.5
2616,116,11,5.7,5.3,3.2,0,1,3,12,3.4,2.7,112,70
2617,117,11,2.3,9.5,3.3,0,1,2,9,4.1,1.9,101,63.1
2618,118,11,4.6,7.2,3.7,0,3,0,10,22.7,9.3,104,65
2619,119,11,2.2,8.1,3.5,0,3,1,6,18.9,10.5,81,50.6
2620,120,11,6.9,6.9,3.1,0,3,1,4,16.3,21.2,82,51.2
2621,121,11,5,5.5,2.3,0,1,1,4,17.1,7.1,111,69.4
2622,122,11,8.4,9.4,3,0,0,2,9,4.9,8.3,104,65
2623,123,11,1.5,7.5,2.6,0,3,0,12,14.6,12.7,98,61.2
2624,124,11,1.7,8.2,3.6,0,2,0,9,18.7,14.9,85,53.1
2625,125,11,3.4,8.3,3,0,5,1,7,20.2,10.6,88,55
2626,126,11,9.1,8.2,3.1,0,1,0,10,12.3,14.3,112,70
2627,127,11,2.6,8.7,3.2,0,4,4,12,14.2,7.6,82,51.2
2628,128,11,8.3,4,3.6,0,1,1,5,13.5,13.0,96,60
2629,129,11,5,5.5,3,0,4,0,4,19.2,17.1,88,55
2630,130,11,4.9,6.6,2.8,0,0,1,12,9.6,10.7,112,70
2631,131,11,6.3,9.3,3.7,0,4,0,4,14.6,10.0,97,60.6
2632,132,11,2.8,2.6,3.4,0,8,2,11,14.5,19.6,50,31.2
2633,133,11,3.4,6.9,3.4,0,1,0,5,18.5,0.0,101,63.1
2634,134,11,2.5,5.8,3,0,3,2,5,22.9,21.3,71,44.4
2635,135,11,4.8,4.7,3.2,0,2,0,6,18.3,6.4,84,52.5
2636,136,11,10.7,4.5,3.1,0,1,1,6,17.6,8.8,109,68.1
2637,137,11,3.8,6.2,2.5,0,0,1,6,7.1,8.0,111,69.4
2638,138,11,5.8,9.8,3.2,0,3,1,4,18.0,12.9,85,53.1
2639,139,11,5.5,11.3,2.4,0,1,1,11,13.8,12.3,118,73.8
2640,140,11,5,0.2,3.7,0,2,1,11,26.3,3.1,97,60.6
2641,141,11,4.2,7.7,3.3,0,2,1,10,13.0,13.6,84,52.5
2642,142,11,8.5,12,2.9,0,1,2,12,21.8,6.1,117,73.1
2643,143,11,4.8,11.4,3.3,0,1,1,12,19.5,9.8,107,66.9
2644,144,11,3.6,3.8,3.1,0,2,0,12,12.7,5.4,114,71.2
2645,145,11,7.7,12.7,3,0,1,0,7,25.6,11.3,114,71.2
2646,146,11,6.7,4.7,3.1,0,2,0,9,15.6,5.7,114,71.2
2647,147,11,5.4,12.3,1.9,0,1,2,10,19.5,9.6,102,63.8
2648,148,11,4.4,9.7,2.8,0,0,1,9,15.3,10.7,107,66.9
2649,149,11,9.8,7.8,2.7,0,1,1,11,21.4,13.5,119,74.4
2650,150,11,4.7,3.5,3.8,0,2,0,10,18.0,4.2,107,66.9
2651,151,11,3.5,6.9,1,0,0,2,7,11.5,5.1,114,71.2
2652,152,11,6.2,9.9,3.1,0,5,1,9,7.3,10.6,106,66.2
2653,153,11,4,9.5,2.8,0,1,0,5,16.5,11.3,100,62.5
2654,154,11,4.7,10.5,3.7,0,6,0,12,12.4,14.2,88,55
2655,155,11,3.9,4.3,3,0,4,0,12,14.9,5.9,94,58.8
2656,156,11,4.3,8.1,2.2,0,1,1,9,23.0,3.7,100,62.5
2657,157,11,2.1,6.2,3,0,3,1,10,13.7,7.9,86,53.8
2658,158,11,3.1,3.4,3.1,0,1,2,7,15.8,6.7,87,54.4
2659,159,11,3.2,8.5,3.2,0,2,2,7,16.0,9.3,90,56.2
2660,160,11,4.1,3.6,4.2,0,3,0,8,18.0,5.3,95,59.4
2661,161,11,5.3,7.6,3.1,0,2,1,6,7.8,16.0,88,55
2662,162,11,2.9,9.4,1.6,0,1,2,4,11.7,7.5,108,67.5
2663,163,11,12.1,9.2,3.3,0,1,1,7,13.8,7.4,136,85
2664,164,11,4.4,7.8,2.2,0,1,0,10,21.5,10.5,110,68.8
2665,165,11,5.7,9.2,2.7,0,0,3,6,13.7,10.7,101,63.1
2666,166,11,2.7,6.5,3.2,0,3,0,10,8.7,12.1,83,51.9
2667,167,11,3,16.1,2.9,0,3,1,9,17.9,11.0,103,64.4
2668,168,11,9.8,7.7,2.7,0,0,2,7,15.0,8.8,107,66.9
2669,169,11,6.3,8.4,2,0,0,0,10,8.8,14.8,125,78.1
2670,170,11,4.4,8.9,2.3,0,0,1,11,15.4,11.5,97,60.6
2671,171,11,2.3,5.8,3.1,0,3,2,12,17.8,7.4,69,43.1
2672,172,11,9.7,13.1,4.1,0,4,0,10,12.0,9.9,114,71.2
2673,173,11,2.9,8.5,3.8,0,1,1,4,5.9,7.0,89,55.6
2674,174,11,3.7,1.9,2.8,0,3,1,7,20.2,12.8,89,55.6
2675,175,11,4.4,9.8,3,0,1,1,8,25.3,22.2,88,55
2676,176,11,5.6,5.7,3.2,0,2,1,4,18.5,6.0,101,63.1
2677,177,11,4.7,6.1,2.9,0,1,0,7,13.1,14.2,93,58.1
2678,178,11,4.6,7.9,3.8,0,1,2,5,16.0,3.4,87,54.4
2679,179,11,11.4,7.1,3.2,0,0,2,8,16.1,12.0,116,72.5
2680,180,11,5,7.7,2.3,0,0,0,5,17.6,5.0,119,74.4
2681,181,11,5.9,11.7,2,0,0,1,6,19.0,7.1,118,73.8
2682,182,11,2.3,11.4,2.8,0,1,1,6,13.5,6.4,94,58.8
2683,183,11,6.8,10,3.6,0,1,1,12,16.4,13.1,104,65
2684,184,11,1.9,6.5,2,0,2,0,8,21.9,18.2,83,51.9
2685,185,11,3.4,2.7,3.5,0,3,2,9,22.3,9.4,82,51.2
2686,186,11,13.3,4.4,2.7,0,1,0,12,18.8,6.1,131,81.9
2687,187,11,3.2,5.8,2.5,0,1,1,4,18.2,15.0,105,65.6
2688,188,11,4.7,0,3.2,0,3,1,6,19.9,10.6,72,45
2689,189,11,2.6,3.1,4,0,4,2,7,22.0,0.0,75,46.9
2690,190,11,2.6,9.1,2.5,0,2,0,12,16.8,10.9,105,65.6
2691,191,11,8,6.7,3,0,0,0,10,13.4,7.2,109,68.1
2692,192,11,3.8,9.6,3.2,0,4,2,10,21.1,12.4,93,58.1
2693,193,11,4.5,11.5,4.6,0,3,0,7,18.3,7.1,97,60.6
2694,194,11,4.1,7.2,3.4,0,1,0,11,18.3,17.1,80,50
2695,195,11,2.2,9.6,2.7,0,1,1,5,17.7,19.8,80,50
2696,196,11,4.4,8.4,2.8,0,1,1,7,13.9,1.4,117,73.1
2697,197,11,7.8,5.3,4.2,0,2,1,7,20.8,10.1,86,53.8
2698,198,11,3.2,7.3,2.3,0,3,0,4,18.6,11.5,93,58.1
2699,199,11,5.9,6.1,3.1,0,0,0,4,17.9,16.7,108,67.5
2700,200,11,7.9,10.8,2.8,0,1,0,11,20.9,4.0,132,82.5
2701,201,11,2.5,6.8,3.9,0,4,0,12,21.9,8.3,80,50
2702,202,11,7.1,7.7,3.3,0,2,1,6,17.2,12.3,102,63.8
2703,203,11,1.8,6.7,3.2,0,1,0,4,20.5,7.3,95,59.4
2704,204,11,6.5,8.9,3.7,0,0,0,5,8.2,7.8,122,76.2
2705,205,11,4,7,2.6,0,3,3,4,18.9,4.4,83,51.9
2706,206,11,2.7,11.1,2.5,0,1,0,11,24.4,18.9,106,66.2
2707,207,11,4.4,6.6,2.2,0,1,1,4,13.9,3.4,109,68.1
2708,208,11,3.4,5.3,2.7,0,0,1,10,13.4,10.3,92,57.5
2709,209,11,2,9.6,3,0,3,0,11,12.3,9.6,95,59.4
2710,210,11,7.8,6.8,3.2,0,0,3,5,13.8,20.9,89,55.6
2711,211,11,8.1,6.3,3.5,0,1,0,6,15.4,7.7,97,60.6
2712,212,11,2.8,9.4,2.7,0,4,0,6,16.6,20.9,85,53.1
2713,213,11,3.8,13.3,3.2,0,0,3,10,10.2,14.0,91,56.9
2714,214,11,3.7,7,3.3,0,6,2,12,16.0,12.1,77,48.1
2715,215,11,4.1,10.6,2.2,0,2,3,10,18.3,3.8,104,65
2716,216,11,2.4,4.7,3.2,0,1,3,6,15.2,15.8,66,41.2
2717,217,11,7.4,8.2,3.7,0,3,1,10,24.2,7.8,95,59.4
2718,218,11,4.8,9.5,3,0,2,1,10,18.3,15.2,100,62.5
2719,219,11,2.9,4.5,2.1,0,1,0,7,21.5,6.7,100,62.5
2720,220,11,3.7,7.8,2.5,0,0,1,5,15.8,12.5,91,56.9
2721,221,11,3.2,6.4,2.3,0,0,0,6,22.1,9.7,98,61.2
2722,222,11,4.3,6.3,2.6,0,0,0,11,11.2,6.6,105,65.6
2723,223,11,6.5,1.4,2.5,0,3,1,8,21.4,14.5,93,58.1
2724,224,11,6.5,8.9,2.9,0,1,2,5,19.8,15.0,91,56.9
2725,225,11,2.7,6.6,3.1,0,3,1,12,18.4,15.0,88,55
2726,226,11,5,8.6,3,0,2,1,8,8.9,1.3,106,66.2
2727,227,11,3,8,2.5,0,2,0,7,13.9,17.0,91,56.9
2728,228,11,1.9,9.7,2.8,0,8,1,4,17.0,18.9,86,53.8
2729,229,11,2.7,8.1,1.5,0,2,0,9,11.2,8.4,107,66.9
2730,230,11,4.7,10.2,3.1,0,3,4,8,17.7,17.3,86,53.8
2731,231,11,2.1,8.1,4.5,0,4,0,5,7.4,7.0,89,55.6
2732,232,11,3.3,9.8,2.3,0,1,1,11,16.2,0.4,119,74.4
2733,233,11,5.8,10.1,2.6,0,0,1,8,5.9,4.7,129,80.6
2734,234,11,3.3,5.5,3.8,0,5,3,4,21.9,17.5,57,35.6
2735,235,11,3.3,8.1,2.3,0,4,1,5,19.3,6.9,93,58.1
2736,236,11,2.9,10.5,2.3,0,1,4,6,15.8,10.5,76,47.5
2737,237,11,1.8,8.6,2.4,0,3,1,10,17.6,11.5,96,60
2738,238,11,4.1,12.2,2.5,0,1,1,10,14.4,7.2,118,73.8
2739,239,11,4.8,5.8,2.4,0,0,1,11,12.7,11.9,108,67.5
2740,240,11,5,7.5,2.7,0,1,1,9,14.4,14.4,89,55.6
2741,241,11,2.8,8.9,3.2,0,3,3,12,5.6,11.3,84,52.5
2742,242,11,2.8,6.6,2.4,0,2,1,6,14.3,4.9,110,68.8
2743,243,11,7,9,2.5,0,2,0,9,6.9,9.8,120,75
2744,244,11,2.9,10.9,2.2,0,3,1,9,16.5,6.3,98,61.2
2745,245,11,4,2.8,3.7,0,6,2,7,13.1,14.1,79,49.4
2746,246,11,1.3,14,1,0,0,0,8,17.9,6.1,122,76.2
2747,247,11,2.7,7.1,2.1,0,0,0,10,13.4,13.8,111,69.4
2748,248,11,2.7,11.3,3.5,0,2,1,11,11.5,6.1,104,65
2749,249,11,2.2,5.7,3.9,0,1,0,12,17.2,8.4,99,61.9
2750,250,11,9.3,8.6,3.2,0,0,1,6,18.0,8.1,115,71.9
2751,1,12,4.9,9.2,3.2,0,1,0,6,17.7,5.9,105,65.6
2752,2,12,4.3,11.2,2.5,0,4,1,4,15.9,0.4,109,68.1
2753,3,12,3.9,10.8,3.6,0,2,1,5,8.1,5.1,97,60.6
2754,4,12,5.1,4.6,3.2,0,3,1,10,22.4,11.5,80,50
2755,5,12,3.8,12.2,3.5,0,3,0,9,17.7,9.6,103,64.4
2756,6,12,6.2,6.1,3.6,0,5,2,6,15.3,18.7,67,41.9
2757,7,12,5.2,9.6,3.1,0,1,0,7,16.4,9.7,101,63.1
2758,8,12,4.8,4.7,2.1,0,2,2,9,18.5,9.3,85,53.1
2759,9,12,2.4,8.9,3.5,0,6,4,7,10.2,0.0,88,55
2760,10,12,1.9,5,2.7,0,5,1,7,17.5,12.2,82,51.2
2761,11,12,2.5,8.2,4.2,0,3,1,6,23.8,16.4,78,48.8
2762,12,12,5.3,4.6,3.3,0,4,1,9,23.6,17.8,79,49.4
2763,13,12,4.8,9.1,4,0,1,0,12,7.4,10.8,109,68.1
2764,14,12,2.2,6.2,2.5,0,4,1,6,19.3,13.2,86,53.8
2765,15,12,5.3,8.4,2.9,0,1,0,6,25.2,19.8,96,60
2766,16,12,3.2,2.4,3.6,0,4,1,8,16.6,10.3,85,53.1
2767,17,12,3.2,8.1,3.1,0,3,2,5,18.7,10.0,98,61.2
2768,18,12,7.5,9.3,3.9,0,6,2,8,24.1,7.0,94,58.8
2769,19,12,4.6,8.8,3,0,4,1,11,19.1,2.6,101,63.1
2770,20,12,5.1,11.4,3.9,0,4,2,9,14.2,4.1,100,62.5
2771,21,12,5.1,7.5,3.4,0,3,2,5,21.0,9.8,90,56.2
2772,22,12,2.2,13.6,2,0,1,2,5,13.8,7.2,114,71.2
2773,23,12,5.2,3.6,2.6,0,1,1,4,16.4,18.4,100,62.5
2774,24,12,12.1,9,4.2,0,2,1,12,11.7,7.7,124,77.5
2775,25,12,2.6,8.9,4,0,3,0,7,21.3,12.5,98,61.2
2776,26,12,6.5,3,3.7,0,1,0,6,14.5,10.7,91,56.9
2777,27,12,6.8,9.9,3.2,0,0,0,11,22.9,8.0,116,72.5
2778,28,12,6.8,13.1,3.2,0,1,0,6,18.0,3.9,117,73.1
2779,29,12,3.5,6.8,3.4,0,1,1,6,9.4,7.1,93,58.1
2780,30,12,3.9,9.9,3.8,0,1,0,6,17.0,11.2,103,64.4
2781,31,12,2.7,5.9,2.1,0,1,1,7,3.3,7.8,110,68.8
2782,32,12,4.5,10.2,3.4,0,0,1,4,18.1,12.6,107,66.9
2783,33,12,8.4,13.5,2.8,0,0,1,9,23.9,14.2,105,65.6
2784,34,12,3.3,9.1,3,0,2,1,7,11.8,7.3,101,63.1
2785,35,12,1.8,14.9,4.1,0,5,2,12,16.1,18.4,78,48.8
2786,36,12,4.7,9.3,2.6,0,1,1,10,23.8,7.9,111,69.4
2787,37,12,6.9,6.3,4,0,2,1,7,14.4,15.7,93,58.1
2788,38,12,4.1,1.4,1.6,0,3,2,10,9.2,7.3,99,61.9
2789,39,12,9.9,13.4,3.4,0,0,0,11,22.7,12.3,127,79.4
2790,40,12,4.2,7.1,3.3,0,8,4,5,26.1,14.5,63,39.4
2791,41,12,4.6,10,3.4,0,4,0,5,14.6,9.5,103,64.4
2792,42,12,2.8,4.3,2.2,0,2,3,5,20.7,0.0,87,54.4
2793,43,12,3.9,9.1,2.9,0,5,0,4,21.5,9.2,99,61.9
2794,44,12,6.7,8.5,3.5,0,1,2,6,12.4,15.0,100,62.5
2795,45,12,6.8,9,2.9,0,1,1,11,13.2,11.9,110,68.8
2796,46,12,8.1,9.8,4.5,0,1,1,10,21.4,10.9,105,65.6
2797,47,12,6.5,0.6,2.8,0,1,2,7,25.4,4.0,91,56.9
2798,48,12,5.8,9.3,2.9,0,2,2,8,19.2,7.4,97,60.6
2799,49,12,1.7,4.8,3.3,0,6,0,10,12.4,12.9,75,46.9
2800,50,12,3.1,6.2,3.7,0,1,0,12,25.7,11.7,93,58.1
2801,51,12,13.3,9.3,3.3,0,0,1,6,13.1,14.7,130,81.2
2802,52,12,3.6,4.9,2.8,0,1,3,9,16.7,11.7,77,48.1
2803,53,12,6.2,11.8,3.1,0,2,0,9,19.0,13.0,104,65
2804,54,12,4.4,8.6,1.7,0,0,0,9,22.7,9.3,119,74.4
2805,55,12,6.3,3.6,3,0,0,1,11,20.0,5.8,104,65
2806,56,12,4.7,8.8,2.8,0,3,1,10,16.2,0.0,105,65.6
2807,57,12,2.8,14.9,3.5,0,2,0,7,19.9,13.3,93,58.1
2808,58,12,3.2,4.1,2,0,0,1,10,17.7,12.4,95,59.4
2809,59,12,5.4,6.3,2,0,0,2,4,21.0,9.6,97,60.6
2810,60,12,3.6,6.1,2.4,0,4,2,7,6.0,6.0,78,48.8
2811,61,12,1.7,6,2.5,0,3,1,5,12.1,10.4,99,61.9
2812,62,12,5.9,12,3.3,0,0,0,6,18.4,9.9,108,67.5
2813,63,12,7.4,9.6,3.7,0,2,3,12,9.0,10.9,100,62.5
2814,64,12,7.1,6.6,4.1,0,2,0,7,19.3,19.2,95,59.4
2815,65,12,7.1,6.4,2.5,0,0,1,4,15.9,2.0,109,68.1
2816,66,12,2.2,nan,1.7,0,2,0,8,13.8,7.0,109,68.1
2817,67,12,9.6,7.5,4.2,0,1,1,4,21.4,3.6,121,75.6
2818,68,12,4.3,5.4,2.7,0,4,0,5,20.9,6.5,108,67.5
2819,69,12,3,8,2.5,0,1,1,7,11.2,13.6,110,68.8
2820,70,12,3.7,10.6,4.3,0,6,2,7,15.4,3.3,74,46.2
2821,71,12,3.3,11.9,4.1,0,5,3,6,11.8,14.1,91,56.9
2822,72,12,2.5,10.1,2.5,0,3,0,9,15.1,12.1,93,58.1
2823,73,12,4.6,8.9,3.2,0,5,0,8,15.3,8.3,101,63.1
2824,74,12,4.9,8.1,3.4,0,5,0,5,11.0,8.2,99,61.9
2825,75,12,4.2,7.2,3.1,0,1,0,11,8.6,6.5,110,68.8
2826,76,12,4.9,10,2.3,0,1,1,5,18.6,13.9,110,68.8
2827,77,12,4.2,11.8,2.6,0,2,0,7,21.4,8.0,97,60.6
2828,78,12,3.2,9.7,3,0,2,1,5,8.2,7.5,113,70.6
2829,79,12,3.5,7.7,3.7,0,2,1,12,19.1,7.2,94,58.8
2830,80,12,5.8,6,3.5,0,1,3,6,11.9,5.6,95,59.4
2831,81,12,2.3,5.2,1,0,2,1,11,16.7,20.8,103,64.4
2832,82,12,3.6,nan,2.7,0,0,2,12,14.0,4.8,89,55.6
2833,83,12,7,6.7,2.9,0,2,1,5,19.0,10.8,109,68.1
2834,84,12,5.1,14,2.7,0,2,4,4,16.7,13.1,91,56.9
2835,85,12,6.1,8.3,3.3,0,1,0,4,20.8,17.3,97,60.6
2836,86,12,4.6,9.3,3.3,0,1,0,5,16.4,6.9,92,57.5
2837,87,12,2.6,9.3,3.6,0,7,2,7,16.5,19.0,66,41.2
2838,88,12,3.8,3.4,1.6,0,2,0,5,13.4,0.0,112,70
2839,89,12,4.8,10.5,2.7,0,1,0,12,10.7,5.4,116,72.5
2840,90,12,3.8,6.8,3.9,0,3,0,8,14.3,7.3,94,58.8
2841,91,12,4.2,nan,2.6,0,0,1,11,18.1,3.0,104,65
2842,92,12,5,10.3,2.4,0,2,1,4,10.1,14.2,99,61.9
2843,93,12,6.8,8.7,2.4,0,0,1,5,14.2,11.5,112,70
2844,94,12,3.7,11.7,2.7,0,5,0,8,14.7,9.7,97,60.6
2845,95,12,7.7,8.3,2.8,0,0,0,5,12.2,7.4,130,81.2
2846,96,12,4.6,2.6,3.5,0,2,0,5,14.0,5.2,98,61.2
2847,97,12,7.2,5.4,3.2,0,0,1,4,15.9,3.8,107,66.9
2848,98,12,7.6,11.9,4.3,0,1,1,6,16.0,10.3,115,71.9
2849,99,12,9.9,7.8,3.6,0,1,1,10,19.0,11.6,117,73.1
2850,100,12,7.4,6,2.8,0,1,0,11,14.5,18.5,105,65.6
2851,101,12,7.5,9.2,3.5,0,2,2,8,10.2,6.7,100,62.5
2852,102,12,9.8,5.7,3.4,0,0,2,5,13.8,15.6,98,61.2
2853,103,12,2,8.9,2.5,0,1,2,8,14.7,9.9,88,55
2854,104,12,2.9,8.4,4.2,0,1,1,9,13.3,13.8,92,57.5
2855,105,12,7.3,5,4.3,0,3,1,5,11.3,13.3,97,60.6
2856,106,12,1.7,4.3,3,0,2,1,7,8.6,9.9,91,56.9
2857,107,12,5,9.8,3.1,0,1,2,11,18.8,13.6,76,47.5
2858,108,12,5,9.7,4,0,2,1,7,14.9,11.8,103,64.4
2859,109,12,2.2,9.9,2.2,0,1,1,8,16.9,10.7,109,68.1
2860,110,12,3,10.4,4,0,3,1,11,11.6,5.5,93,58.1
2861,111,12,6.3,4.3,2.4,0,4,0,10,15.8,6.9,94,58.8
2862,112,12,6,5.9,3.4,0,2,1,5,10.8,8.2,101,63.1
2863,113,12,3.5,nan,2.1,0,4,2,9,15.5,7.3,77,48.1
2864,114,12,3.1,7.1,2.8,0,2,2,12,17.2,17.8,83,51.9
2865,115,12,3.3,7.7,2.3,0,4,1,5,13.0,16.2,89,55.6
2866,116,12,5.8,6.1,2.9,0,0,0,12,17.9,4.5,113,70.6
2867,117,12,2.4,9.6,3,0,3,0,9,8.1,6.2,91,56.9
2868,118,12,4.7,5.1,3,0,1,1,10,14.2,15.4,98,61.2
2869,119,12,2.3,7.2,2.9,0,1,0,6,15.0,2.8,109,68.1
2870,120,12,7,3.6,3.3,0,5,1,4,17.6,13.0,89,55.6
2871,121,12,5.1,12.6,4.4,0,0,1,4,27.5,5.1,107,66.9
2872,122,12,8.5,7.3,4.6,0,2,1,9,16.8,15.7,102,63.8
2873,123,12,1.6,8.5,2.8,0,2,0,12,9.3,5.3,102,63.8
2874,124,12,1.8,10.4,2.5,0,4,3,9,15.3,14.7,82,51.2
2875,125,12,3.5,3.2,2.9,0,3,1,7,4.7,8.5,100,62.5
2876,126,12,9.2,13.1,2.6,0,2,1,10,16.2,11.8,116,72.5
2877,127,12,2.7,11.8,3.2,0,5,1,12,11.3,1.4,89,55.6
2878,128,12,8.4,4.2,3.4,0,1,1,5,20.9,1.2,104,65
2879,129,12,5,7.7,3.1,0,2,0,4,14.8,10.6,97,60.6
2880,130,12,5,8.2,3.5,0,1,3,12,12.4,7.9,102,63.8
2881,131,12,6.4,12.4,3.4,0,0,2,4,13.7,5.7,103,64.4
2882,132,12,2.9,7.9,2.8,0,0,4,11,23.6,4.3,89,55.6
2883,133,12,3.5,4.9,2.4,0,2,1,5,14.7,12.8,95,59.4
2884,134,12,2.5,8.6,2.9,0,5,1,5,23.4,10.9,92,57.5
2885,135,12,4.9,4.6,3.1,0,3,0,6,21.8,11.4,89,55.6
2886,136,12,10.8,8.3,2.5,0,0,1,6,17.5,12.4,129,80.6
2887,137,12,3.9,5.4,3.3,0,2,2,6,14.9,2.1,100,62.5
2888,138,12,5.9,4.2,2.8,0,2,0,4,17.1,7.8,108,67.5
2889,139,12,5.6,7.9,3.9,0,3,0,11,6.7,17.2,96,60
2890,140,12,5.1,10.9,2.5,0,0,3,11,14.2,9.8,103,64.4
2891,141,12,4.3,10.4,3.6,0,5,2,10,23.7,14.2,67,41.9
2892,142,12,8.6,7.7,3.2,0,2,1,12,15.8,19.9,107,66.9
2893,143,12,4.9,11.6,1.7,0,0,0,12,9.0,4.4,120,75
2894,144,12,3.7,3,2.1,0,1,1,12,11.4,9.3,117,73.1
2895,145,12,7.8,8.1,3.8,0,2,1,7,24.3,16.8,102,63.8
2896,146,12,6.8,7.5,4.3,0,3,1,9,21.0,7.5,97,60.6
2897,147,12,5.5,7,3.7,0,2,0,10,16.8,14.8,94,58.8
2898,148,12,4.4,10.5,2.4,0,2,0,9,19.8,5.2,111,69.4
2899,149,12,9.9,6.3,2.6,0,0,1,11,15.9,9.0,112,70
2900,150,12,4.8,3,1.8,0,0,2,10,5.7,9.9,111,69.4
2901,151,12,3.6,6.4,4.1,0,5,1,7,11.7,13.7,78,48.8
2902,152,12,6.3,7.3,1.7,0,0,0,9,21.7,12.9,128,80
2903,153,12,4.1,12.7,3.3,0,4,3,5,14.8,16.6,85,53.1
2904,154,12,4.8,7.8,2.9,0,5,1,12,17.2,12.5,80,50
2905,155,12,4,7.7,3.9,0,0,1,12,15.8,16.1,89,55.6
2906,156,12,4.4,10.4,2.4,0,2,2,9,27.5,10.7,89,55.6
2907,157,12,2.1,12.5,2.4,0,2,0,10,27.6,17.5,86,53.8
2908,158,12,3.2,5.8,3.5,0,0,0,7,27.0,10.8,97,60.6
2909,159,12,3.3,8.6,2.9,0,0,0,7,16.8,13.4,98,61.2
2910,160,12,4.2,12.5,2.4,0,1,1,8,18.6,13.0,102,63.8
2911,161,12,5.4,7.6,2.9,0,5,1,6,6.6,1.6,102,63.8
2912,162,12,2.9,6.2,2.3,0,0,0,4,18.7,0.8,125,78.1
2913,163,12,12.2,4,3.2,0,0,1,7,7.3,7.5,134,83.8
2914,164,12,4.4,7.6,2.5,0,1,0,10,16.7,2.8,108,67.5
2915,165,12,5.8,11.4,2.8,0,2,0,6,13.2,16.1,100,62.5
2916,166,12,2.8,9.9,2.5,0,0,1,10,15.1,15.6,94,58.8
2917,167,12,3.1,7.1,3.3,0,0,0,9,13.3,12.8,94,58.8
2918,168,12,9.9,5.9,2.8,0,2,3,7,14.3,6.7,99,61.9
2919,169,12,6.4,7.2,3.1,0,1,1,10,14.1,16.6,101,63.1
2920,170,12,4.5,6.3,3.2,0,0,1,11,15.7,20.9,89,55.6
2921,171,12,2.4,8.1,2.2,0,0,0,12,22.0,12.7,97,60.6
2922,172,12,9.7,11,4.3,0,1,0,10,8.1,9.6,125,78.1
2923,173,12,3,1.7,4.4,0,1,1,4,17.4,10.9,80,50
2924,174,12,3.8,8.3,3.7,0,7,0,7,21.8,12.4,83,51.9
2925,175,12,4.4,12.6,2.9,0,2,1,8,13.1,9.1,104,65
2926,176,12,5.7,7.7,3.1,0,3,1,4,14.2,11.7,91,56.9
2927,177,12,4.8,10.5,3.7,0,5,1,7,14.1,13.1,92,57.5
2928,178,12,4.7,5.9,3,0,4,1,5,20.2,18.4,98,61.2
2929,179,12,11.5,5.1,4.9,0,1,0,8,20.2,7.3,96,60
2930,180,12,5.1,11.5,2.3,0,1,2,5,14.8,10.9,100,62.5
2931,181,12,5.9,8.1,2.4,0,0,0,6,18.7,5.5,114,71.2
2932,182,12,2.4,nan,3.4,0,5,1,6,28.0,8.5,76,47.5
2933,183,12,6.9,5.5,2.8,0,1,1,12,8.5,14.7,115,71.9
2934,184,12,2,11.1,2.6,0,1,1,8,19.8,8.0,96,60
2935,185,12,3.5,11.7,1.8,0,1,2,9,14.7,0.7,118,73.8
2936,186,12,13.4,7.4,4.2,0,3,0,12,13.3,11.7,122,76.2
2937,187,12,3.3,12,4.4,0,3,1,4,9.6,14.7,97,60.6
2938,188,12,4.8,6.1,2.3,0,1,0,6,10.2,11.5,115,71.9
2939,189,12,2.7,7.4,3.6,0,1,3,7,19.5,11.4,78,48.8
2940,190,12,2.7,0.3,1.8,0,0,2,12,22.8,12.8,89,55.6
2941,191,12,8.1,14.6,2.6,0,0,1,10,16.6,19.6,106,66.2
2942,192,12,3.9,3.2,2.2,0,1,1,10,19.3,7.6,94,58.8
2943,193,12,4.6,3.2,2.5,0,3,0,7,9.1,13.2,85,53.1
2944,194,12,4.1,12.1,4.4,0,3,1,11,14.1,9.0,84,52.5
2945,195,12,2.3,6.5,2.7,0,2,0,5,15.2,4.6,99,61.9
2946,196,12,4.5,8.1,3.7,0,3,0,7,10.5,7.6,100,62.5
2947,197,12,7.9,6.1,3.2,0,1,2,7,9.2,12.4,113,70.6
2948,198,12,3.3,8.2,1.4,0,2,0,4,10.8,10.8,118,73.8
2949,199,12,6,9.6,3.2,0,3,2,4,17.2,12.4,97,60.6
2950,200,12,8,6.7,3.3,0,1,3,11,9.3,4.8,123,76.9
2951,201,12,2.6,9.4,3.7,0,3,1,12,6.4,13.7,80,50
2952,202,12,7.2,11.8,2.8,0,1,3,6,7.3,8.2,98,61.2
2953,203,12,1.8,3.3,2.5,0,3,2,4,13.6,9.4,80,50
2954,204,12,6.6,6.3,4,0,1,1,5,18.4,10.8,98,61.2
2955,205,12,4,13.4,2.8,0,3,0,4,3.4,12.1,102,63.8
2956,206,12,2.7,6.2,2.6,0,3,0,11,13.9,12.1,93,58.1
2957,207,12,4.5,5.4,4.1,0,8,0,4,13.3,9.7,78,48.8
2958,208,12,3.5,12.4,2.7,0,0,0,10,25.9,11.4,96,60
2959,209,12,2.1,6.9,2.9,0,3,0,11,15.8,25.2,84,52.5
2960,210,12,7.8,15.1,3.9,0,1,0,5,18.9,14.5,111,69.4
2961,211,12,8.2,0.5,3.1,0,0,4,6,20.5,15.4,77,48.1
2962,212,12,2.9,9.1,3.5,0,5,2,6,6.9,10.4,74,46.2
2963,213,12,3.9,3.8,2.9,0,2,1,10,20.6,9.2,88,55
2964,214,12,3.7,8,3.4,0,2,1,12,15.6,8.1,98,61.2
2965,215,12,4.2,10,3.7,0,2,2,10,18.5,11.1,89,55.6
2966,216,12,2.5,5.4,2.2,0,1,1,6,33.8,0.8,102,63.8
2967,217,12,7.5,5.2,4.2,0,2,1,10,8.9,6.6,83,51.9
2968,218,12,4.9,11.8,3.2,0,1,1,10,24.1,6.9,104,65
2969,219,12,3,8,1.8,0,2,3,7,11.9,8.3,104,65
2970,220,12,3.8,5.8,3.8,0,7,3,5,17.4,9.1,67,41.9
2971,221,12,3.3,6.9,2.8,0,3,2,6,17.8,18.2,79,49.4
2972,222,12,4.4,8.2,4.3,0,7,0,11,10.6,0.9,94,58.8
2973,223,12,6.5,10,3.6,0,1,1,8,17.7,11.2,85,53.1
2974,224,12,6.6,7.4,2.2,0,0,2,5,19.9,18.5,100,62.5
2975,225,12,2.8,6,3.5,0,6,1,12,9.4,11.9,73,45.6
2976,226,12,5,10.7,2.9,0,3,1,8,20.7,14.8,95,59.4
2977,227,12,3.1,8.9,2.2,0,4,1,7,11.3,16.2,106,66.2
2978,228,12,2,14.3,3.2,0,2,0,4,10.7,7.2,99,61.9
2979,229,12,2.8,7.6,3.4,0,5,1,9,12.6,8.6,87,54.4
2980,230,12,4.8,11.1,1.6,0,1,2,8,20.9,7.6,114,71.2
2981,231,12,2.2,9.8,3.2,0,5,2,5,13.8,2.3,78,48.8
2982,232,12,3.4,12.3,2.3,0,1,0,11,20.8,11.9,96,60
2983,233,12,5.9,11.2,2.8,0,3,2,8,7.9,9.2,119,74.4
2984,234,12,3.4,9,2.9,0,3,6,4,19.7,12.0,72,45
2985,235,12,3.3,6.6,3.6,0,4,0,5,22.2,15.5,76,47.5
2986,236,12,3,7.8,2.1,0,3,0,6,27.9,11.5,88,55
2987,237,12,1.9,9.8,3,0,3,2,10,13.1,5.3,93,58.1
2988,238,12,4.2,6.9,2.7,0,0,3,10,16.4,12.3,106,66.2
2989,239,12,4.8,8.6,3.5,0,2,1,11,17.0,8.5,93,58.1
2990,240,12,5,6.5,3.1,0,1,1,9,26.0,14.9,83,51.9
2991,241,12,2.9,9.4,3.3,0,4,2,12,16.2,14.6,66,41.2
2992,242,12,2.9,8.3,3.3,0,2,2,6,20.8,17.1,82,51.2
2993,243,12,7,11.8,3.7,0,2,1,9,14.3,13.2,107,66.9
2994,244,12,3,11,3.4,0,2,0,9,14.9,3.8,101,63.1
2995,245,12,4.1,8.8,4.8,0,4,3,7,16.2,4.5,73,45.6
2996,246,12,1.4,3.4,2.8,0,4,0,8,16.8,12.4,86,53.8
2997,247,12,2.8,5.9,2.5,0,0,2,10,19.0,13.3,79,49.4
2998,248,12,2.8,11.4,2.9,0,4,0,11,15.8,7.2,100,62.5
2999,249,12,2.2,8.3,2.8,0,2,1,12,20.0,10.7,107,66.9
3000,250,12,9.4,11.5,3.5,0,2,2,6,19.2,8.9,115,71.9
3001,1,13,5,7.6,3.9,0,2,1,6,22.1,11.9,85,53.1
3002,2,13,4.4,7,2.9,0,1,0,4,14.4,13.9,102,63.8
3003,3,13,4,9.1,2.8,0,1,2,5,10.8,7.5,101,63.1
3004,4,13,5.1,3.3,3.2,0,3,2,10,25.1,21.1,67,41.9
3005,5,13,3.9,7.4,3.9,0,4,1,9,17.9,4.4,94,58.8
3006,6,13,6.3,nan,3.6,1,3,0,6,11.1,7.3,92,57.5
3007,7,13,5.3,9.6,2.9,0,3,0,7,23.1,12.8,104,65
3008,8,13,4.9,9.4,3.9,0,0,0,9,13.0,15.8,104,65
3009,9,13,2.5,10,1.6,0,2,1,7,10.7,0.3,121,75.6
3010,10,13,2,6.3,1.7,0,1,1,7,6.2,7.0,108,67.5
3011,11,13,2.6,10,1,0,1,0,6,19.0,20.0,93,58.1
3012,12,13,5.4,8.4,4.6,0,6,1,9,22.1,16.2,74,46.2
3013,13,13,4.9,9,3.1,0,3,2,12,14.3,10.0,89,55.6
3014,14,13,2.3,11.4,3.5,0,2,2,6,21.2,8.7,78,48.8
3015,15,13,5.4,12.8,3,0,0,0,6,18.9,17.7,98,61.2
3016,16,13,3.3,7.2,3.6,0,2,2,8,16.2,13.4,91,56.9
3017,17,13,3.3,nan,3.2,0,2,1,5,20.2,9.9,109,68.1
3018,18,13,7.6,8.6,4.4,0,6,2,8,11.7,6.6,78,48.8
3019,19,13,4.7,3.2,2.5,0,1,3,11,19.0,7.7,79,49.4
3020,20,13,5.2,13.4,2.5,0,2,0,9,2.0,10.7,115,71.9
3021,21,13,5.2,10.9,3.2,0,4,0,5,15.0,12.7,101,63.1
3022,22,13,2.3,8.5,4.1,0,2,0,5,6.3,7.0,97,60.6
3023,23,13,5.3,nan,3.6,0,4,1,4,21.8,4.2,78,48.8
3024,24,13,12.2,13,4.8,0,2,1,12,25.5,16.2,97,60.6
3025,25,13,2.7,7.1,1.7,0,1,2,7,18.6,6.0,103,64.4
3026,26,13,6.6,7,4.4,0,7,0,6,18.4,1.5,85,53.1
3027,27,13,6.9,8.1,2.3,0,1,0,11,21.6,6.6,123,76.9
3028,28,13,6.9,7.7,3,0,5,2,6,9.2,8.4,102,63.8
3029,29,13,3.6,2.6,3.2,0,3,0,6,26.2,10.7,83,51.9
3030,30,13,4,6.5,2.4,0,2,0,6,21.0,5.8,101,63.1
3031,31,13,2.7,8.7,3.6,0,2,2,7,14.6,2.0,86,53.8
3032,32,13,4.5,7.4,2.2,0,1,2,4,22.9,9.1,95,59.4
3033,33,13,8.5,8.1,2.2,0,0,1,9,9.9,13.2,123,76.9
3034,34,13,3.4,8.3,3.4,0,4,1,7,15.0,18.5,74,46.2
3035,35,13,1.8,nan,3,0,2,1,12,23.2,5.3,83,51.9
3036,36,13,4.8,11,3,0,1,0,10,11.4,13.4,115,71.9
3037,37,13,6.9,8.7,3.3,0,1,4,7,10.9,3.9,104,65
3038,38,13,4.2,5.5,2.4,0,5,3,10,11.0,5.7,81,50.6
3039,39,13,10,7.3,3.6,0,2,0,11,24.9,15.2,100,62.5
3040,40,13,4.3,3.7,2.1,0,1,1,5,12.9,11.0,110,68.8
3041,41,13,4.7,3.8,3.3,0,3,2,5,16.5,10.5,91,56.9
3042,42,13,2.8,6.6,4,0,6,0,5,15.4,4.0,70,43.8
3043,43,13,4,8.8,2.7,0,2,1,4,5.0,4.4,109,68.1
3044,44,13,6.8,6.7,3.1,0,1,1,6,17.4,10.0,105,65.6
3045,45,13,6.9,9.7,2.6,0,1,2,11,5.7,11.2,111,69.4
3046,46,13,8.2,5.3,2.9,0,0,1,10,18.1,15.7,101,63.1
3047,47,13,6.6,11,3.3,0,2,0,7,9.4,10.8,109,68.1
3048,48,13,5.9,3,3.4,0,6,0,8,24.7,10.8,92,57.5
3049,49,13,1.8,9.3,1.9,0,1,0,10,20.5,10.6,104,65
3050,50,13,3.2,6,3.2,0,4,3,12,14.9,11.4,83,51.9
3051,51,13,13.4,9.2,3.8,0,1,2,6,23.4,12.3,113,70.6
3052,52,13,3.7,6.1,2.7,0,1,2,9,9.7,8.2,103,64.4
3053,53,13,6.3,9.3,4.1,0,3,2,9,18.8,8.9,89,55.6
3054,54,13,4.5,nan,2.7,1,2,1,9,13.9,5.0,104,65
3055,55,13,6.4,12,3.7,0,4,0,11,20.2,13.7,87,54.4
3056,56,13,4.8,6.9,2.1,0,1,1,10,13.2,8.1,123,76.9
3057,57,13,2.9,8,3.9,0,5,1,7,22.9,11.9,76,47.5
3058,58,13,3.2,8.3,2.5,0,2,2,10,17.3,9.4,102,63.8
3059,59,13,5.5,5.4,3.4,0,3,1,4,20.3,18.6,81,50.6
3060,60,13,3.7,11.5,3.6,0,3,1,7,6.4,9.6,99,61.9
3061,61,13,1.8,6.5,2.7,0,2,0,5,15.5,11.7,77,48.1
3062,62,13,6,5.1,3.3,0,4,2,6,12.7,11.1,100,62.5
3063,63,13,7.5,13.1,3.5,0,2,2,12,16.0,3.7,105,65.6
3064,64,13,7.2,8.9,3.8,0,2,2,7,12.4,7.3,89,55.6
3065,65,13,7.2,nan,3.5,0,3,2,4,21.0,5.6,77,48.1
3066,66,13,2.3,4.1,3.2,0,3,2,8,27.9,11.5,78,48.8
3067,67,13,9.7,5.6,2.6,0,1,0,4,18.0,6.8,144,90
3068,68,13,4.4,8.8,2.6,0,3,0,5,17.7,3.7,108,67.5
3069,69,13,3.1,8.2,2.2,0,0,2,7,15.4,7.4,104,65
3070,70,13,3.8,7.3,3.4,0,3,0,7,13.8,6.5,99,61.9
3071,71,13,3.4,7.5,1.9,0,0,0,6,10.7,7.5,114,71.2
3072,72,13,2.6,7.4,2.8,0,1,0,9,19.2,16.9,87,54.4
3073,73,13,4.6,12.2,2.6,0,0,3,8,16.5,12.0,104,65
3074,74,13,5,10.6,4.5,0,2,1,5,8.0,7.7,101,63.1
3075,75,13,4.3,2.9,3.2,1,1,1,11,16.8,6.9,106,66.2
3076,76,13,5,9.9,3.3,0,3,1,5,12.0,1.1,111,69.4
3077,77,13,4.3,11.2,2.3,0,0,1,7,7.7,17.0,106,66.2
3078,78,13,3.3,11,2.4,0,3,1,5,11.3,12.1,101,63.1
3079,79,13,3.6,11.2,2.2,0,0,1,12,10.9,4.0,121,75.6
3080,80,13,5.9,8.6,4.8,0,3,0,6,25.5,13.1,91,56.9
3081,81,13,2.4,6.4,3.5,0,2,0,11,18.5,9.6,91,56.9
3082,82,13,3.6,11.8,4.1,0,6,1,12,11.7,11.2,71,44.4
3083,83,13,7.1,4,2.6,0,2,2,5,18.7,12.2,99,61.9
3084,84,13,5.2,12.1,4.8,0,3,0,4,9.8,8.0,89,55.6
3085,85,13,6.2,4.2,3.8,0,4,2,4,24.3,11.5,72,45
3086,86,13,4.7,6.1,3.1,0,2,0,5,13.9,10.8,100,62.5
3087,87,13,2.7,8.3,3.2,0,5,0,7,16.0,8.6,86,53.8
3088,88,13,3.9,9.6,2.9,0,2,1,5,23.7,13.9,93,58.1
3089,89,13,4.9,13.1,2.8,0,1,1,12,8.3,16.5,113,70.6
3090,90,13,3.9,9.2,2.9,0,4,1,8,9.1,7.0,93,58.1
3091,91,13,4.3,16.5,3.4,0,3,1,11,12.1,1.9,104,65
3092,92,13,5.1,10.7,2.6,0,1,0,4,21.7,2.3,109,68.1
3093,93,13,6.9,11.9,3.3,0,3,1,5,8.3,9.1,106,66.2
3094,94,13,3.8,15.2,3.9,0,10,0,8,4.6,10.2,70,43.8
3095,95,13,7.8,7.2,3.1,0,2,0,5,11.7,8.9,120,75
3096,96,13,4.7,10,4,0,3,0,5,21.9,13.6,82,51.2
3097,97,13,7.2,6.6,3.3,0,1,2,4,21.6,2.9,102,63.8
3098,98,13,7.7,8.8,2.8,0,1,1,6,10.8,0.0,125,78.1
3099,99,13,10,6,4,0,2,4,10,15.2,12.3,87,54.4
3100,100,13,7.5,7.5,2.6,0,2,2,11,26.3,15.4,83,51.9
3101,101,13,7.5,2.8,3.4,0,4,1,8,8.1,9.8,89,55.6
3102,102,13,9.8,5.7,1.7,0,0,0,5,15.4,4.7,124,77.5
3103,103,13,2.1,8.8,2,0,2,1,8,18.2,13.4,92,57.5
3104,104,13,3,7.9,4.1,0,3,1,9,16.1,13.2,92,57.5
3105,105,13,7.4,6.6,1.8,0,1,1,5,16.7,14.6,102,63.8
3106,106,13,1.7,12.9,2.8,0,7,3,7,16.3,6.8,73,45.6
3107,107,13,5.1,7.3,4.1,1,1,0,11,4.3,10.6,106,66.2
3108,108,13,5.1,8.2,3.7,0,4,3,7,15.7,7.2,69,43.1
3109,109,13,2.3,16.8,3.5,0,5,0,8,16.7,12.9,99,61.9
3110,110,13,3.1,8.4,2.9,0,3,0,11,9.3,8.8,104,65
3111,111,13,6.4,8.3,3.6,0,3,0,10,17.6,4.1,95,59.4
3112,112,13,6.1,9.2,4.1,0,1,1,5,19.0,9.2,96,60
3113,113,13,3.6,2.6,3.5,1,5,2,9,14.8,12.5,82,51.2
3114,114,13,3.2,7,3.5,0,5,0,12,19.2,11.3,75,46.9
3115,115,13,3.4,18.5,2,0,2,0,5,10.5,8.1,119,74.4
3116,116,13,5.9,8.1,4.3,0,2,1,12,11.2,1.1,109,68.1
3117,117,13,2.5,0,4,0,4,1,9,19.2,12.8,71,44.4
3118,118,13,4.8,12,3.5,0,3,1,10,16.3,6.8,98,61.2
3119,119,13,2.4,9.5,3.5,0,2,1,6,8.5,0.0,110,68.8
3120,120,13,7.1,4.8,2.7,0,0,0,4,17.0,8.3,115,71.9
3121,121,13,5.2,8.7,2.8,0,2,0,4,19.8,14.5,105,65.6
3122,122,13,8.5,7.3,2.8,0,0,1,9,6.8,9.3,112,70
3123,123,13,1.7,13.7,2,0,2,2,12,24.1,19.8,85,53.1
3124,124,13,1.9,8.4,1.8,1,3,2,9,14.5,12.0,100,62.5
3125,125,13,3.5,8.5,2.6,0,3,2,7,15.9,9.4,100,62.5
3126,126,13,9.2,10.9,3.9,0,2,0,10,23.9,11.5,103,64.4
3127,127,13,2.8,7.5,3.5,0,7,0,12,8.8,9.8,82,51.2
3128,128,13,8.5,4.6,3.1,0,1,1,5,11.8,8.2,112,70
3129,129,13,5.1,6.9,2.5,0,2,0,4,15.2,9.5,104,65
3130,130,13,5.1,5.5,2.2,0,0,1,12,8.2,8.5,124,77.5
3131,131,13,6.5,7.3,2.7,0,0,2,4,24.2,5.6,107,66.9
3132,132,13,3,7.9,2.1,1,1,0,11,11.8,5.6,115,71.9
3133,133,13,3.5,7.6,2.7,0,1,1,5,14.5,6.5,94,58.8
3134,134,13,2.6,6.7,2.6,0,0,0,5,14.1,15.6,116,72.5
3135,135,13,5,5.4,4.8,0,3,3,6,12.3,14.2,65,40.6
3136,136,13,10.9,15.9,3.6,0,3,2,6,16.7,13.8,102,63.8
3137,137,13,4,8.1,2.1,0,0,1,6,15.1,3.1,118,73.8
3138,138,13,6,6.2,2.1,0,2,1,4,12.3,10.7,116,72.5
3139,139,13,5.6,nan,3.4,0,2,1,11,16.7,5.8,93,58.1
3140,140,13,5.2,7.3,2.4,0,2,0,11,14.7,9.0,110,68.8
3141,141,13,4.4,9,3.1,0,3,1,10,11.0,8.7,105,65.6
3142,142,13,8.7,10.6,4.1,0,1,2,12,7.7,4.9,107,66.9
3143,143,13,5,9.7,3.3,0,4,0,12,18.2,11.6,94,58.8
3144,144,13,3.8,5.6,3.4,0,4,2,12,20.8,4.6,96,60
3145,145,13,7.9,12.2,4,0,0,2,7,17.5,7.8,100,62.5
3146,146,13,6.9,6.2,3.7,0,6,2,9,19.3,15.5,74,46.2
3147,147,13,5.6,7.9,2.6,0,4,0,10,19.8,4.4,100,62.5
3148,148,13,4.5,4.5,2.5,0,2,1,9,6.7,9.6,111,69.4
3149,149,13,10,7.8,4.8,0,2,2,11,22.2,10.5,106,66.2
3150,150,13,4.9,11.2,3.2,0,3,0,10,15.5,5.0,108,67.5
3151,151,13,3.6,13.8,2.8,0,1,1,7,26.7,9.1,92,57.5
3152,152,13,6.4,9.8,3.3,0,1,0,9,11.7,8.4,113,70.6
3153,153,13,4.2,11.5,3.9,0,4,0,5,28.4,14.6,78,48.8
3154,154,13,4.8,11.1,3.7,0,4,0,12,22.3,12.1,84,52.5
3155,155,13,4.1,nan,3.3,0,2,1,12,21.2,4.1,96,60
3156,156,13,4.5,9.7,2.5,0,3,2,9,21.5,14.7,83,51.9
3157,157,13,2.2,7.1,3.4,0,0,0,10,23.0,23.2,71,44.4
3158,158,13,3.3,14.6,2.1,0,2,1,7,16.7,9.9,98,61.2
3159,159,13,3.4,6,2,0,1,3,7,25.7,6.7,76,47.5
3160,160,13,4.3,6.2,2.5,0,2,1,8,17.3,14.2,96,60
3161,161,13,5.5,11.6,4.5,0,0,0,6,6.7,17.1,103,64.4
3162,162,13,3,10.9,3.4,0,2,0,4,11.1,12.2,96,60
3163,163,13,12.2,9.3,2.4,0,0,0,7,15.9,6.3,132,82.5
3164,164,13,4.5,3.5,3.2,0,1,2,10,15.2,7.2,100,62.5
3165,165,13,5.8,5.7,3,0,3,1,6,15.7,5.5,97,60.6
3166,166,13,2.9,6.3,3.6,0,1,1,10,21.1,11.7,93,58.1
3167,167,13,3.2,10.8,4.2,0,5,0,9,7.3,5.3,82,51.2
3168,168,13,10,5.9,2.6,0,0,1,7,19.0,11.1,110,68.8
3169,169,13,6.5,9.9,3.7,0,1,0,10,7.8,6.5,105,65.6
3170,170,13,4.5,9.9,2.6,0,1,0,11,16.7,7.7,121,75.6
3171,171,13,2.5,10.5,3.2,0,4,3,12,14.6,7.6,82,51.2
3172,172,13,9.8,8.3,3.4,0,0,0,10,20.1,12.8,111,69.4
3173,173,13,3.1,7,2.9,0,4,3,4,9.3,7.6,91,56.9
3174,174,13,3.9,2.9,4,0,1,0,7,20.9,4.5,97,60.6
3175,175,13,4.5,6.7,4,1,2,0,8,21.4,12.7,102,63.8
3176,176,13,5.8,10.6,2.4,0,1,0,4,18.0,8.9,119,74.4
3177,177,13,4.9,7.3,2.4,0,2,0,7,15.9,6.7,104,65
3178,178,13,4.8,5.4,1.1,0,0,0,5,18.9,19.7,118,73.8
3179,179,13,11.6,9.6,3.8,0,0,0,8,12.5,11.8,125,78.1
3180,180,13,5.1,6,3.8,0,2,2,5,20.5,9.5,87,54.4
3181,181,13,6,14,3.5,0,3,0,6,21.5,13.3,117,73.1
3182,182,13,2.4,8,2.9,0,6,1,6,22.5,19.3,76,47.5
3183,183,13,7,7.7,3.7,1,1,0,12,12.0,8.9,118,73.8
3184,184,13,2.1,8.9,2.4,0,6,1,8,17.4,11.5,86,53.8
3185,185,13,3.6,11.9,2.7,0,4,1,9,9.5,6.0,96,60
3186,186,13,13.5,3.2,3.3,0,0,1,12,18.6,9.3,123,76.9
3187,187,13,3.4,4.1,2.8,0,3,2,4,16.0,7.1,95,59.4
3188,188,13,4.9,8.9,1.8,0,2,0,6,7.2,11.5,111,69.4
3189,189,13,2.8,9.3,4.3,1,3,0,7,12.2,13.1,89,55.6
3190,190,13,2.8,10.1,2.8,1,3,5,12,15.7,13.2,80,50
3191,191,13,8.2,6.6,3.6,0,1,0,10,13.6,10.2,114,71.2
3192,192,13,3.9,17.5,2.7,0,2,0,10,8.9,3.8,116,72.5
3193,193,13,4.7,3.9,3.3,0,2,0,7,20.1,8.5,87,54.4
3194,194,13,4.2,1.3,1.9,0,2,0,11,14.7,5.7,112,70
3195,195,13,2.4,8.2,3.9,0,6,1,5,13.7,7.5,82,51.2
3196,196,13,4.5,14.1,3.3,1,1,1,7,12.5,14.3,113,70.6
3197,197,13,8,nan,3,0,1,0,7,17.5,16.9,120,75
3198,198,13,3.4,10.9,4,0,4,3,4,24.6,8.3,62,38.8
3199,199,13,6,6.4,3,0,4,0,4,23.2,7.7,104,65
3200,200,13,8.1,11.1,4,0,1,2,11,11.0,11.2,114,71.2
3201,201,13,2.7,8.5,3.6,0,1,0,12,9.5,5.3,110,68.8
3202,202,13,7.3,6.9,3.6,0,3,0,6,15.9,9.5,114,71.2
3203,203,13,1.9,8.7,3.3,0,2,1,4,16.0,11.0,82,51.2
3204,204,13,6.7,6.7,3.6,0,2,1,5,14.5,10.2,103,64.4
3205,205,13,4.1,14.6,3.8,0,6,0,4,18.9,8.3,95,59.4
3206,206,13,2.8,6.7,3.4,1,1,5,11,8.4,14.2,76,47.5
3207,207,13,4.6,8.3,3.4,0,2,0,4,20.2,1.2,110,68.8
3208,208,13,3.6,13.4,2.5,0,0,0,10,18.7,10.8,102,63.8
3209,209,13,2.1,7.1,3,0,1,0,11,16.5,13.9,85,53.1
3210,210,13,7.9,12.4,4.6,0,3,0,5,16.9,13.4,98,61.2
3211,211,13,8.2,9,2.6,0,0,0,6,18.1,18.6,112,70
3212,212,13,2.9,4.6,3.8,0,4,0,6,8.1,9.2,82,51.2
3213,213,13,4,8,3.1,0,3,0,10,20.6,13.7,108,67.5
3214,214,13,3.8,3,2,0,0,1,12,14.0,5.4,111,69.4
3215,215,13,4.3,3.4,2.3,0,1,1,10,18.0,15.6,100,62.5
3216,216,13,2.6,8.4,3.1,1,5,0,6,22.7,15.6,89,55.6
3217,217,13,7.6,13.7,4.1,0,2,1,10,11.9,7.0,101,63.1
3218,218,13,5,10.8,1,0,2,2,10,15.5,8.8,122,76.2
3219,219,13,3.1,7.3,3.3,0,3,3,7,13.9,9.0,83,51.9
3220,220,13,3.9,1.7,2.5,0,3,0,5,21.4,14.1,90,56.2
3221,221,13,3.4,10.6,3.4,0,1,2,6,5.4,8.7,94,58.8
3222,222,13,4.5,14.5,2.7,0,2,0,11,14.7,8.0,113,70.6
3223,223,13,6.6,8.2,3.7,0,4,2,8,14.9,17.7,82,51.2
3224,224,13,6.7,9.5,2.4,0,1,1,5,18.9,10.4,109,68.1
3225,225,13,2.9,3.1,2.4,0,1,2,12,21.9,17.2,74,46.2
3226,226,13,5.1,11.2,3.3,0,0,0,8,15.4,11.8,98,61.2
3227,227,13,3.2,nan,3.2,0,3,3,7,18.3,10.0,73,45.6
3228,228,13,2.1,3.2,2.6,0,2,1,4,6.6,11.2,115,71.9
3229,229,13,2.9,9.9,3.7,0,1,2,9,16.2,7.7,85,53.1
3230,230,13,4.9,6.6,1.1,0,0,0,8,11.3,7.5,121,75.6
3231,231,13,2.3,3.3,2.5,0,1,1,5,21.2,17.5,88,55
3232,232,13,3.4,9.7,2.7,0,3,1,11,13.5,7.6,98,61.2
3233,233,13,6,3.8,3.7,0,2,2,8,2.0,13.1,106,66.2
3234,234,13,3.5,9.4,2.3,1,2,0,4,14.5,14.0,114,71.2
3235,235,13,3.4,7.7,3.4,0,1,0,5,10.5,8.9,101,63.1
3236,236,13,3.1,11,2.4,0,5,3,6,6.1,0.6,93,58.1
3237,237,13,2,10.6,2.6,0,0,2,10,7.6,7.5,106,66.2
3238,238,13,4.3,5.9,3.8,0,4,0,10,12.7,6.9,105,65.6
3239,239,13,4.9,8.3,2.4,0,0,2,11,21.8,14.1,106,66.2
3240,240,13,5.1,13.1,2.2,1,0,0,9,21.0,20.0,113,70.6
3241,241,13,3,9.8,3,0,2,3,12,15.0,9.1,77,48.1
3242,242,13,3,6.6,2.5,0,2,1,6,20.1,15.3,87,54.4
3243,243,13,7.1,0.7,4.1,0,4,1,9,11.5,11.1,96,60
3244,244,13,3.1,0.7,1.9,0,0,1,9,13.0,15.2,97,60.6
3245,245,13,4.2,1,2.9,0,2,1,7,10.2,12.2,92,57.5
3246,246,13,1.5,5.2,3.4,0,2,1,8,6.7,1.3,87,54.4
3247,247,13,2.9,9.9,2.4,0,0,0,10,16.3,11.7,98,61.2
3248,248,13,2.9,7.9,2.4,0,1,0,11,12.4,1.0,122,76.2
3249,249,13,2.3,nan,3.7,0,2,1,12,15.7,7.8,94,58.8
3250,250,13,9.4,7.1,3.1,0,0,1,6,11.7,5.2,133,83.1
3251,1,14,5.1,8.5,4.6,0,7,0,6,15.7,16.0,74,46.2
3252,2,14,4.4,7.7,3.3,0,1,1,4,11.1,10.9,100,62.5
3253,3,14,4.1,6.1,2.9,0,3,0,5,15.8,11.8,111,69.4
3254,4,14,5.2,6.2,3.5,0,6,2,10,8.8,11.1,83,51.9
3255,5,14,4,11.1,3.8,0,2,1,9,19.4,4.0,95,59.4
3256,6,14,6.4,4.3,3.2,1,0,0,6,14.6,2.9,103,64.4
3257,7,14,5.3,4,2.8,0,1,2,7,12.1,10.5,97,60.6
3258,8,14,5,7.2,3.6,0,5,0,9,7.3,7.9,98,61.2
3259,9,14,2.6,7.8,3.8,0,1,3,7,12.3,4.4,86,53.8
3260,10,14,2.1,7.2,2.4,0,4,2,7,21.0,3.3,83,51.9
3261,11,14,2.7,11.6,3.5,0,1,0,6,17.7,5.9,103,64.4
3262,12,14,5.5,6.4,3.8,0,4,2,9,22.1,10.6,78,48.8
3263,13,14,5,16.2,3.3,0,1,1,12,17.7,11.8,110,68.8
3264,14,14,2.4,11.9,2.3,0,2,0,6,10.5,10.8,105,65.6
3265,15,14,5.5,11.6,2.9,1,4,0,6,16.6,19.0,104,65
3266,16,14,3.4,7.2,2.8,0,2,2,8,12.8,6.4,88,55
3267,17,14,3.4,10.9,3.2,0,1,0,5,23.6,14.6,98,61.2
3268,18,14,7.7,11,4.2,0,2,1,8,10.2,10.2,102,63.8
3269,19,14,4.8,6.1,3.9,0,1,1,11,18.9,11.3,99,61.9
3270,20,14,5.2,6,3.2,0,3,1,9,20.2,8.2,94,58.8
3271,21,14,5.3,nan,2.8,0,0,0,5,9.0,11.0,107,66.9
3272,22,14,2.4,4.9,2,0,0,0,5,25.1,14.6,104,65
3273,23,14,5.4,12.9,3.1,0,5,3,4,14.1,11.3,88,55
3274,24,14,12.3,4.8,2.5,0,0,1,12,18.4,6.3,130,81.2
3275,25,14,2.8,8.5,2.3,0,2,0,7,24.5,7.4,113,70.6
3276,26,14,6.7,8,3.4,0,0,0,6,15.7,11.6,100,62.5
3277,27,14,7,5.5,2.4,0,0,2,11,8.1,11.8,109,68.1
3278,28,14,7,3.8,3.2,0,3,1,6,5.2,3.7,105,65.6
3279,29,14,3.6,9.3,2.7,0,2,1,6,22.1,12.5,87,54.4
3280,30,14,4.1,14.1,2.2,0,0,1,6,8.9,13.8,104,65
3281,31,14,2.8,10.9,3.7,1,5,1,7,11.6,7.5,104,65
3282,32,14,4.6,10.3,2.6,0,2,1,4,15.0,12.4,117,73.1
3283,33,14,8.6,5.4,3.1,0,5,2,9,17.2,13.9,93,58.1
3284,34,14,3.4,3.5,1.8,0,1,0,7,17.6,9.8,107,66.9
3285,35,14,1.9,5,4.7,0,4,1,12,15.0,8.9,79,49.4
3286,36,14,4.8,8.7,2.8,0,1,0,10,18.2,7.3,124,77.5
3287,37,14,7,7,5,0,2,3,7,10.2,10.2,88,55
3288,38,14,4.2,6,3.1,1,1,0,10,15.1,4.8,100,62.5
3289,39,14,10.1,7.5,3.2,0,1,0,11,11.1,7.8,124,77.5
3290,40,14,4.4,0,2,0,4,3,5,17.2,1.3,95,59.4
3291,41,14,4.8,7.8,3.1,0,2,1,5,19.0,13.9,104,65
3292,42,14,2.9,10.3,2.9,0,4,1,5,19.6,11.2,85,53.1
3293,43,14,4.1,6.1,3.8,0,5,0,4,21.6,9.2,87,54.4
3294,44,14,6.9,9.3,3.2,0,2,2,6,10.2,13.7,101,63.1
3295,45,14,7,5.5,3.1,1,3,1,11,27.1,14.8,95,59.4
3296,46,14,8.3,9.4,3.4,0,1,2,10,24.8,6.5,99,61.9
3297,47,14,6.7,11.9,3.5,0,0,1,7,18.4,8.2,115,71.9
3298,48,14,6,6.4,3.1,0,0,1,8,20.9,4.7,121,75.6
3299,49,14,1.9,13.1,2.7,0,0,1,10,9.5,4.2,95,59.4
3300,50,14,3.3,10.5,3.2,1,1,2,12,11.2,4.7,112,70
3301,51,14,13.5,7.9,3.6,0,0,1,6,12.2,8.9,127,79.4
3302,52,14,3.7,8.5,2.4,0,1,0,9,19.1,9.2,108,67.5
3303,53,14,6.4,10.9,2.3,0,0,0,9,12.3,5.4,114,71.2
3304,54,14,4.6,3.7,2.6,1,2,0,9,17.1,12.4,121,75.6
3305,55,14,6.5,10.3,3.7,0,2,1,11,25.5,12.3,88,55
3306,56,14,4.9,14.2,2.8,0,0,0,10,20.3,10.9,111,69.4
3307,57,14,3,9.5,3.2,0,3,0,7,17.9,12.2,93,58.1
3308,58,14,3.3,7.4,2.4,0,3,0,10,11.6,7.6,97,60.6
3309,59,14,5.6,11.8,2,0,1,2,4,15.8,15.8,93,58.1
3310,60,14,3.8,12,2.6,0,1,4,7,20.6,6.6,98,61.2
3311,61,14,1.9,9.2,3.3,1,1,1,5,18.8,4.9,106,66.2
3312,62,14,6,8.4,3.3,0,4,0,6,16.9,13.7,95,59.4
3313,63,14,7.5,3,3.1,0,0,3,12,16.0,18.3,88,55
3314,64,14,7.2,8,2.9,0,0,3,7,8.0,14.9,95,59.4
3315,65,14,7.3,10.1,3.8,0,3,1,4,11.5,14.5,98,61.2
3316,66,14,2.4,7.5,2.9,0,6,1,8,28.5,11.2,67,41.9
3317,67,14,9.8,11.2,3.3,0,0,0,4,9.0,2.5,128,80
3318,68,14,4.4,9.7,2.4,1,3,2,5,13.2,12.4,122,76.2
3319,69,14,3.1,9.7,3.9,0,2,0,7,20.1,17.6,97,60.6
3320,70,14,3.9,13.8,3.4,0,3,0,7,7.1,13.7,113,70.6
3321,71,14,3.4,10.7,2.7,0,1,2,6,14.9,6.5,106,66.2
3322,72,14,2.7,8,2.5,0,2,1,9,19.2,3.9,101,63.1
3323,73,14,4.7,6.9,3.4,0,2,2,8,15.4,4.9,93,58.1
3324,74,14,5.1,8.3,1.9,0,1,0,5,26.9,0.0,127,79.4
3325,75,14,4.3,4.6,3.4,1,4,1,11,7.3,9.2,98,61.2
3326,76,14,5.1,10,3.2,0,4,1,5,22.1,17.7,91,56.9
3327,77,14,4.4,8.6,2.4,0,2,2,7,15.3,9.6,97,60.6
3328,78,14,3.4,4.3,3.2,0,2,2,5,20.6,12.0,82,51.2
3329,79,14,3.7,6.8,3,0,0,4,12,15.0,12.4,99,61.9
3330,80,14,6,10.4,3,0,3,2,6,11.9,7.8,100,62.5
3331,81,14,2.5,8.5,2.9,0,4,1,11,15.2,16.9,95,59.4
3332,82,14,3.7,6.5,2.5,0,1,0,12,10.5,22.3,88,55
3333,83,14,7.2,9.2,3.5,0,2,2,5,17.9,8.2,104,65
3334,84,14,5.3,9.2,3.3,0,3,0,4,15.0,5.2,112,70
3335,85,14,6.3,7.6,2.3,0,1,1,4,18.0,11.8,115,71.9
3336,86,14,4.7,5.3,3,0,2,0,5,20.7,8.2,102,63.8
3337,87,14,2.8,7.6,3.3,0,3,2,7,17.6,5.0,84,52.5
3338,88,14,4,8.9,3.6,0,2,1,5,17.6,16.1,90,56.2
3339,89,14,5,1,4.3,0,3,0,12,14.8,18.4,72,45
3340,90,14,4,2.1,3.4,1,2,1,8,13.6,11.7,93,58.1
3341,91,14,4.4,3,3,0,2,0,11,20.9,4.1,100,62.5
3342,92,14,5.1,7.4,2.5,0,1,1,4,25.8,7.6,93,58.1
3343,93,14,7,9.9,3.4,0,2,0,5,15.1,10.7,108,67.5
3344,94,14,3.9,8,3.6,0,2,2,8,17.7,9.3,81,50.6
3345,95,14,7.9,11.8,2.9,0,0,0,5,8.6,5.5,135,84.4
3346,96,14,4.7,5.2,2.4,0,3,1,5,22.2,14.9,95,59.4
3347,97,14,7.3,6.6,3.3,0,2,0,4,17.1,10.9,117,73.1
3348,98,14,7.8,5.3,3.3,0,3,3,6,23.0,13.2,102,63.8
3349,99,14,10.1,4.1,4.1,0,2,2,10,9.4,3.6,109,68.1
3350,100,14,7.6,6.1,4.4,0,3,1,11,18.7,13.2,73,45.6
3351,101,14,7.6,11.7,4,0,6,0,8,18.7,14.9,91,56.9
3352,102,14,9.9,6,1.9,0,0,2,5,22.9,15.6,104,65
3353,103,14,2.2,9.1,2.3,0,1,1,8,16.5,18.1,92,57.5
3354,104,14,3.1,7,3.6,0,3,1,9,10.8,11.0,90,56.2
3355,105,14,7.5,6.4,2.8,0,3,0,5,22.5,20.1,99,61.9
3356,106,14,1.8,7.7,3,0,2,0,7,19.7,12.5,93,58.1
3357,107,14,5.2,nan,3.8,1,3,1,11,20.8,17.7,99,61.9
3358,108,14,5.2,5.7,4,0,4,0,7,9.6,12.7,99,61.9
3359,109,14,2.4,11.6,1.6,0,0,0,8,21.9,8.0,116,72.5
3360,110,14,3.1,9.2,3.3,1,4,0,11,21.1,9.5,103,64.4
3361,111,14,6.5,5.8,2,1,0,1,10,20.2,17.4,107,66.9
3362,112,14,6.2,9.2,3.1,0,0,0,5,18.9,19.2,102,63.8
3363,113,14,3.7,5.5,2.3,1,2,1,9,20.2,14.7,100,62.5
3364,114,14,3.3,10.2,2.4,0,2,1,12,11.6,9.7,100,62.5
3365,115,14,3.5,6.4,2.6,0,2,1,5,16.9,16.6,93,58.1
3366,116,14,6,8.1,2.9,0,4,2,12,4.1,0.0,99,61.9
3367,117,14,2.5,5.4,2.7,0,1,0,9,17.0,0.9,112,70
3368,118,14,4.9,10.1,1.8,0,0,0,10,8.8,13.6,116,72.5
3369,119,14,2.5,6.8,1,0,1,2,6,20.3,7.1,115,71.9
3370,120,14,7.2,7.7,3,0,1,1,4,17.3,15.4,96,60
3371,121,14,5.3,8.8,4.9,0,4,1,4,11.5,6.6,99,61.9
3372,122,14,8.6,7,3,0,1,0,9,16.3,16.0,101,63.1
3373,123,14,1.8,10.8,3.1,0,5,0,12,16.3,8.7,80,50
3374,124,14,1.9,7,2.8,1,1,0,9,23.6,13.0,103,64.4
3375,125,14,3.6,5.6,2.9,0,3,1,7,2.0,12.5,100,62.5
3376,126,14,9.3,8.2,4.2,0,2,1,10,22.6,15.3,102,63.8
3377,127,14,2.8,8.3,2.1,0,1,2,12,14.7,15.5,109,68.1
3378,128,14,8.5,10.7,3.3,0,2,0,5,12.3,13.2,106,66.2
3379,129,14,5.2,9.3,4.7,0,7,3,4,9.0,9.3,77,48.1
3380,130,14,5.2,7.8,3.7,0,4,2,12,22.6,2.1,91,56.9
3381,131,14,6.6,4.4,3.1,0,2,1,4,10.4,6.9,105,65.6
3382,132,14,3,7.2,3.4,1,3,1,11,9.8,8.6,99,61.9
3383,133,14,3.6,12.9,2.4,0,3,0,5,20.9,13.9,108,67.5
3384,134,14,2.7,5.7,2.4,0,3,3,5,17.2,7.1,85,53.1
3385,135,14,5.1,2.7,3.3,0,1,2,6,12.6,14.5,86,53.8
3386,136,14,11,11.9,3.3,0,2,2,6,14.4,7.2,126,78.8
3387,137,14,4.1,8.2,3.3,0,1,0,6,10.6,8.8,104,65
3388,138,14,6.1,2.3,2.6,0,3,0,4,18.8,8.7,113,70.6
3389,139,14,5.7,9.2,2.8,0,2,1,11,20.9,8.2,104,65
3390,140,14,5.3,8,4,0,3,0,11,18.0,7.7,97,60.6
3391,141,14,4.5,6.3,3.3,0,1,1,10,19.2,4.3,90,56.2
3392,142,14,8.8,5.6,3,0,1,1,12,21.5,5.9,123,76.9
3393,143,14,5.1,0.4,3.4,0,5,1,12,15.8,8.3,82,51.2
3394,144,14,3.9,12.2,3,0,2,2,12,6.5,4.2,111,69.4
3395,145,14,7.9,6.3,3,0,2,2,7,21.2,14.7,89,55.6
3396,146,14,7,10.3,3.6,0,2,2,9,28.3,14.7,89,55.6
3397,147,14,5.6,8.3,3.8,0,5,0,10,14.1,14.4,79,49.4
3398,148,14,4.6,10.7,3,1,6,2,9,14.0,14.1,96,60
3399,149,14,10,11.9,2.6,0,1,0,11,17.2,11.7,130,81.2
3400,150,14,4.9,3.9,4.2,0,4,1,10,12.6,5.8,95,59.4
3401,151,14,3.7,6.9,2.6,0,2,1,7,12.4,9.4,92,57.5
3402,152,14,6.5,7.4,3,0,0,0,9,19.6,9.4,120,75
3403,153,14,4.3,9.8,3.5,0,2,1,5,24.9,9.7,106,66.2
3404,154,14,4.9,13.8,2.9,0,2,1,12,19.5,18.4,93,58.1
3405,155,14,4.2,8.2,2.5,0,3,1,12,10.9,14.6,100,62.5
3406,156,14,4.6,4.9,3,0,3,2,9,9.6,9.2,83,51.9
3407,157,14,2.3,9.6,2,0,3,1,10,19.1,11.7,88,55
3408,158,14,3.3,8.4,3.9,0,7,1,7,21.0,12.6,77,48.1
3409,159,14,3.5,8.1,3.4,0,4,0,7,18.9,15.2,89,55.6
3410,160,14,4.4,6.4,3.5,0,2,1,8,15.4,13.4,95,59.4
3411,161,14,5.6,9.6,3.4,0,0,0,6,12.8,9.3,111,69.4
3412,162,14,3.1,13.1,2.1,0,3,2,4,9.7,3.9,102,63.8
3413,163,14,12.3,nan,4.9,0,2,0,7,17.2,15.1,126,78.8
3414,164,14,4.6,12,2.5,0,1,2,10,20.0,5.6,103,64.4
3415,165,14,5.9,10.4,2.9,0,3,1,6,22.6,13.3,93,58.1
3416,166,14,2.9,5.7,2.1,0,2,1,10,9.7,13.0,91,56.9
3417,167,14,3.3,10.3,2.2,0,2,1,9,26.0,7.7,91,56.9
3418,168,14,10.1,3.6,3.5,0,0,0,7,19.1,10.5,115,71.9
3419,169,14,6.6,0,3.8,0,0,2,10,21.0,10.7,99,61.9
3420,170,14,4.6,15.1,2.5,0,2,2,11,9.7,5.5,102,63.8
3421,171,14,2.6,5.8,3.1,0,3,0,12,10.8,16.5,84,52.5
3422,172,14,9.9,12.4,3.8,0,3,2,10,17.0,10.1,98,61.2
3423,173,14,3.2,9,2.8,0,1,3,4,21.1,17.6,79,49.4
3424,174,14,4,6.5,4.4,1,2,0,7,22.5,5.2,109,68.1
3425,175,14,4.6,5.8,2.6,1,3,0,8,20.5,6.9,105,65.6
3426,176,14,5.9,6,2.6,0,1,4,4,18.0,11.1,79,49.4
3427,177,14,5,8.6,2.1,0,0,1,7,8.9,7.6,120,75
3428,178,14,4.9,6.4,2.4,0,1,0,5,19.1,5.5,121,75.6
3429,179,14,11.6,7.5,4.1,0,0,0,8,10.1,7.8,126,78.8
3430,180,14,5.2,6.2,1.2,0,1,1,5,24.3,11.9,111,69.4
3431,181,14,6.1,6.1,3.2,0,0,1,6,14.4,9.0,106,66.2
3432,182,14,2.5,9.6,2.5,0,2,0,6,22.8,8.8,105,65.6
3433,183,14,7.1,7.1,3.5,1,1,0,12,20.0,3.5,114,71.2
3434,184,14,2.2,7,2.3,0,4,2,8,15.3,11.9,85,53.1
3435,185,14,3.6,4.2,2.2,0,2,0,9,13.2,9.7,102,63.8
3436,186,14,13.6,nan,4,0,0,1,12,9.2,15.8,106,66.2
3437,187,14,3.5,11.2,3.5,0,0,0,4,14.9,17.1,102,63.8
3438,188,14,4.9,9.1,3.1,0,4,0,6,17.7,5.9,100,62.5
3439,189,14,2.9,5.9,3.3,1,1,0,7,18.1,4.1,98,61.2
3440,190,14,2.9,3.9,3,1,1,2,12,13.8,13.3,93,58.1
3441,191,14,8.3,5.2,3.8,0,1,0,10,15.8,12.1,105,65.6
3442,192,14,4,11.5,3.8,1,3,2,10,19.0,8.2,85,53.1
3443,193,14,4.8,11.3,3,0,2,0,7,7.1,5.3,100,62.5
3444,194,14,4.3,9.4,3,0,4,0,11,15.6,14.1,108,67.5
3445,195,14,2.5,8.3,3.4,0,4,0,5,13.8,18.6,78,48.8
3446,196,14,4.6,9.8,2.9,1,2,2,7,9.2,0.0,111,69.4
3447,197,14,8.1,10.5,3.4,0,2,0,7,9.4,9.8,106,66.2
3448,198,14,3.5,7.2,3.1,0,2,0,4,7.2,17.0,99,61.9
3449,199,14,6.1,nan,3,1,0,0,4,22.9,11.2,131,81.9
3450,200,14,8.2,7.5,2.1,0,1,0,11,2.8,1.8,149,93.1
3451,201,14,2.8,14.6,3.1,0,3,2,12,16.4,11.8,74,46.2
3452,202,14,7.4,7.5,3.4,0,1,2,6,27.5,10.5,93,58.1
3453,203,14,2,10.5,3,0,2,0,4,13.6,5.5,97,60.6
3454,204,14,6.7,6.8,3.2,0,2,0,5,14.7,0.8,116,72.5
3455,205,14,4.2,7,2.6,0,0,0,4,19.9,16.3,100,62.5
3456,206,14,2.9,4.6,2.2,1,1,0,11,16.6,2.4,111,69.4
3457,207,14,4.7,11,3.3,0,3,1,4,16.3,11.7,94,58.8
3458,208,14,3.7,5.8,3.3,0,2,2,10,9.6,13.3,89,55.6
3459,209,14,2.2,nan,3.2,0,7,3,11,22.4,8.6,69,43.1
3460,210,14,8,2.3,4.1,0,0,0,5,21.7,2.4,111,69.4
3461,211,14,8.3,5.8,3.5,0,1,2,6,29.9,11.0,80,50
3462,212,14,3,9.2,3.6,1,4,0,6,10.7,18.0,87,54.4
3463,213,14,4.1,10.5,3.4,0,2,0,10,11.3,12.6,99,61.9
3464,214,14,3.9,12.7,3.3,0,2,2,12,15.1,7.9,91,56.9
3465,215,14,4.4,11,2.8,0,4,1,10,10.6,14.6,99,61.9
3466,216,14,2.7,11.7,2.4,1,1,0,6,20.9,17.3,106,66.2
3467,217,14,7.7,10.8,2.6,0,3,1,10,15.1,14.1,98,61.2
3468,218,14,5.1,7.7,3.3,0,2,1,10,25.5,5.1,101,63.1
3469,219,14,3.1,7.1,3.3,0,6,1,7,17.4,4.1,99,61.9
3470,220,14,3.9,12.6,2.8,0,1,0,5,16.7,10.8,110,68.8
3471,221,14,3.5,8.9,2.7,0,5,1,6,22.8,11.2,82,51.2
3472,222,14,4.6,10.8,4.2,0,3,2,11,22.1,14.4,82,51.2
3473,223,14,6.7,4.4,3,0,1,3,8,13.9,4.2,92,57.5
3474,224,14,6.8,13,2.7,0,2,0,5,13.7,5.5,109,68.1
3475,225,14,3,7.5,2.8,0,5,1,12,16.9,11.7,83,51.9
3476,226,14,5.2,3,2.9,0,5,1,8,19.4,7.5,91,56.9
3477,227,14,3.2,7.2,2.8,0,2,0,7,14.3,5.2,109,68.1
3478,228,14,2.2,5.8,2.3,0,0,0,4,7.3,1.8,108,67.5
3479,229,14,3,13.2,2.4,0,2,0,9,13.3,11.5,101,63.1
3480,230,14,4.9,nan,3.5,0,2,2,8,21.2,9.4,91,56.9
3481,231,14,2.4,10,2.5,0,3,0,5,18.3,12.6,87,54.4
3482,232,14,3.5,13.5,2.2,0,5,0,11,16.5,14.1,97,60.6
3483,233,14,6.1,7.2,2.9,0,1,2,8,20.1,4.6,124,77.5
3484,234,14,3.6,9.4,4.9,1,4,1,4,9.3,9.2,89,55.6
3485,235,14,3.5,8.1,1.9,0,0,0,5,16.8,13.3,119,74.4
3486,236,14,3.1,8.8,3.6,0,9,0,6,21.0,2.7,86,53.8
3487,237,14,2.1,5.6,3.3,0,3,1,10,29.1,14.3,74,46.2
3488,238,14,4.3,12.4,3.7,0,5,2,10,10.8,0.0,98,61.2
3489,239,14,5,9.9,2.6,0,3,1,11,18.2,6.5,101,63.1
3490,240,14,5.2,7.2,3.2,1,1,0,9,22.7,8.7,97,60.6
3491,241,14,3,5.6,3.1,0,1,2,12,14.3,10.7,99,61.9
3492,242,14,3.1,9.5,2.9,0,3,1,6,13.2,7.5,103,64.4
3493,243,14,7.2,8,1.6,0,0,2,9,20.9,12.9,103,64.4
3494,244,14,3.2,9,2.9,0,1,1,9,5.3,7.2,91,56.9
3495,245,14,4.3,7.7,3.3,0,2,3,7,18.7,7.9,89,55.6
3496,246,14,1.6,14.3,3.3,0,2,2,8,17.4,7.4,85,53.1
3497,247,14,3,nan,2.8,0,1,1,10,25.9,12.1,88,55
3498,248,14,3,9.4,1.8,0,3,0,11,13.1,10.3,111,69.4
3499,249,14,2.4,15.6,2.5,0,2,1,12,25.6,5.4,102,63.8
3500,250,14,9.5,10,2.2,0,0,2,6,14.3,17.1,114,71.2
3501,1,15,5.2,5,4.1,0,2,0,6,14.8,3.8,91,56.9
3502,2,15,4.5,11.1,2.4,0,4,1,4,27.4,8.4,92,57.5
3503,3,15,4.2,7.3,2.9,0,2,0,5,12.6,17.8,99,61.9
3504,4,15,5.3,7,4.2,0,4,3,10,9.4,4.2,94,58.8
3505,5,15,4.1,8.6,3,0,2,0,9,13.2,2.6,110,68.8
3506,6,15,6.5,7.2,3.8,1,4,1,6,22.0,12.7,94,58.8
3507,7,15,5.4,11,2.4,0,1,0,7,18.4,9.5,108,67.5
3508,8,15,5.1,6,2.7,0,2,1,9,10.3,7.3,97,60.6
3509,9,15,2.7,10.7,3.2,0,5,1,7,12.2,4.4,91,56.9
3510,10,15,2.1,9.3,2.6,0,1,0,7,10.4,19.0,113,70.6
3511,11,15,2.8,16.1,2,0,2,2,6,14.4,7.6,108,67.5
3512,12,15,5.6,2.2,2.9,0,5,1,9,18.8,3.1,85,53.1
3513,13,15,5,6.3,3.3,0,2,2,12,15.3,13.6,102,63.8
3514,14,15,2.5,6.4,2.3,0,3,0,6,7.6,13.2,96,60
3515,15,15,5.5,5.3,4.3,1,2,0,6,23.7,9.0,93,58.1
3516,16,15,3.5,11.4,1.6,0,1,0,8,14.8,3.9,124,77.5
3517,17,15,3.5,6.8,3.4,0,3,1,5,24.9,15.0,79,49.4
3518,18,15,7.7,9.5,3.4,0,0,0,8,16.9,7.6,121,75.6
3519,19,15,4.9,10.6,2.4,0,1,3,11,18.0,0.0,113,70.6
3520,20,15,5.3,7.2,3,0,2,2,9,19.6,18.8,89,55.6
3521,21,15,5.4,5,3.2,0,1,1,5,23.0,8.6,97,60.6
3522,22,15,2.4,8.2,3.6,0,1,1,5,14.3,11.8,109,68.1
3523,23,15,5.5,1.7,3.1,0,0,0,4,16.5,16.4,100,62.5
3524,24,15,12.3,9.8,3.2,0,1,0,12,29.1,7.9,118,73.8
3525,25,15,2.9,5.7,4.1,1,2,0,7,19.3,13.0,102,63.8
3526,26,15,6.8,2.7,3.9,0,2,2,6,18.9,7.3,89,55.6
3527,27,15,7.1,11.4,4.3,0,1,0,11,10.8,3.2,102,63.8
3528,28,15,7,6.5,3.7,0,0,0,6,10.7,9.2,105,65.6
3529,29,15,3.7,8.3,3.1,0,2,1,6,23.2,17.4,70,43.8
3530,30,15,4.1,7.5,4.9,0,3,0,6,15.9,7.1,89,55.6
3531,31,15,2.9,5.9,2.5,1,4,2,7,13.6,9.4,92,57.5
3532,32,15,4.7,8.4,2.2,0,4,1,4,13.3,11.6,114,71.2
3533,33,15,8.7,11.1,2.9,0,0,2,9,22.6,9.0,119,74.4
3534,34,15,3.5,4.8,3.5,0,2,0,7,17.9,5.1,99,61.9
3535,35,15,2,7.9,3.1,0,2,1,12,7.1,9.8,103,64.4
3536,36,15,4.9,15.5,3.3,0,0,0,10,12.0,7.2,128,80
3537,37,15,7.1,5.1,2.3,0,1,0,7,9.4,0.0,126,78.8
3538,38,15,4.3,11.7,3.6,1,4,1,10,14.3,11.9,100,62.5
3539,39,15,10.2,9.2,1,0,0,0,11,9.9,8.1,155,96.9
3540,40,15,4.5,6.4,3.7,0,4,1,5,13.0,9.5,90,56.2
3541,41,15,4.9,6.8,3.2,0,2,0,5,11.4,15.3,95,59.4
3542,42,15,3,3,3.8,0,0,0,5,15.7,7.4,92,57.5
3543,43,15,4.2,5.8,3.1,0,4,1,4,12.9,11.3,91,56.9
3544,44,15,7,9.6,4,0,1,1,6,2.0,1.9,110,68.8
3545,45,15,7,9.2,3.6,1,2,3,11,28.6,13.9,91,56.9
3546,46,15,8.3,9.2,3.3,0,0,1,10,22.9,19.6,106,66.2
3547,47,15,6.8,14.4,2.7,0,2,0,7,18.8,10.5,97,60.6
3548,48,15,6.1,12,2.3,0,1,1,8,17.1,7.8,109,68.1
3549,49,15,2,10.2,2,0,1,1,10,10.8,7.7,99,61.9
3550,50,15,3.3,3.5,3,1,3,0,12,25.4,11.8,95,59.4
3551,51,15,13.6,11.8,3.3,0,1,0,6,27.6,7.8,123,76.9
3552,52,15,3.8,10.9,3.6,0,3,2,9,15.9,10.8,91,56.9
3553,53,15,6.5,10,3.8,0,5,1,9,21.9,14.6,88,55
3554,54,15,4.7,8,1.9,1,0,2,9,17.2,12.5,114,71.2
3555,55,15,6.6,12,3.5,0,1,0,11,8.8,2.0,114,71.2
3556,56,15,5,10.1,3.9,0,5,1,10,14.0,14.3,87,54.4
3557,57,15,3.1,8.4,2.8,0,2,2,7,17.5,14.8,87,54.4
3558,58,15,3.4,7.7,4.1,0,4,0,10,13.0,12.9,89,55.6
3559,59,15,5.7,9.6,3.6,0,0,0,4,15.7,12.1,106,66.2
3560,60,15,3.9,13.2,3.6,0,1,1,7,15.9,11.1,98,61.2
3561,61,15,2,3.6,2.7,1,2,1,5,19.3,18.0,82,51.2
3562,62,15,6.1,5.2,3.2,0,3,1,6,14.4,16.4,104,65
3563,63,15,7.6,11.6,2.2,0,1,1,12,14.6,10.0,101,63.1
3564,64,15,7.3,10.4,3.6,0,2,1,7,14.5,16.4,96,60
3565,65,15,7.4,9.5,3.1,0,1,0,4,12.5,12.4,103,64.4
3566,66,15,2.5,5.6,2.5,0,3,3,8,20.6,9.3,82,51.2
3567,67,15,9.8,9.1,3.7,0,3,0,4,5.7,3.7,113,70.6
3568,68,15,4.5,4.4,2.4,1,0,0,5,18.3,5.3,132,82.5
3569,69,15,3.2,7.7,2.3,0,7,1,7,19.5,3.0,99,61.9
3570,70,15,4,0,2.7,0,1,3,7,15.8,9.4,79,49.4
3571,71,15,3.5,10.3,2.9,0,4,0,6,2.0,4.0,105,65.6
3572,72,15,2.8,8.6,2.6,1,1,0,9,12.8,6.7,118,73.8
3573,73,15,4.8,5.4,1.9,0,4,1,8,18.4,11.5,86,53.8
3574,74,15,5.2,6.4,1.9,0,0,0,5,9.1,8.6,124,77.5
3575,75,15,4.4,11.8,3.4,1,6,2,11,14.8,4.6,87,54.4
3576,76,15,5.2,6,2.9,0,1,0,5,22.9,3.4,108,67.5
3577,77,15,4.5,4.8,2.1,0,1,0,7,21.4,13.9,98,61.2
3578,78,15,3.5,3.4,2.6,0,1,1,5,9.2,4.6,106,66.2
3579,79,15,3.7,6.1,2,0,7,3,12,6.1,13.0,87,54.4
3580,80,15,6.1,7.7,3.3,0,1,0,6,15.0,11.5,105,65.6
3581,81,15,2.6,8.5,2.6,1,2,1,11,13.6,11.2,110,68.8
3582,82,15,3.8,3.8,2.3,0,1,1,12,19.5,17.3,93,58.1
3583,83,15,7.3,6.4,3.5,0,0,5,5,17.0,11.9,74,46.2
3584,84,15,5.3,10,2.9,0,0,1,4,19.7,8.6,103,64.4
3585,85,15,6.4,7.9,1.9,0,1,0,4,24.9,13.1,120,75
3586,86,15,4.8,7.5,1.6,0,1,0,5,17.7,10.1,124,77.5
3587,87,15,2.9,8,1.4,0,1,1,7,15.1,8.7,109,68.1
3588,88,15,4,4.4,3.1,0,2,2,5,15.6,16.3,86,53.8
3589,89,15,5.1,7.7,3,0,3,3,12,14.1,9.0,88,55
3590,90,15,4,7.2,4.8,1,1,0,8,24.3,12.2,89,55.6
3591,91,15,4.5,6.7,2.9,0,0,1,11,17.3,14.5,83,51.9
3592,92,15,5.2,11,2.7,0,1,1,4,17.5,7.3,102,63.8
3593,93,15,7.1,6.4,3.4,0,0,1,5,18.1,12.0,99,61.9
3594,94,15,3.9,13.6,2.5,0,3,0,8,16.8,19.3,92,57.5
3595,95,15,8,9.5,4.1,1,2,0,5,8.4,10.7,121,75.6
3596,96,15,4.8,9.1,2.2,0,0,1,5,17.4,9.9,111,69.4
3597,97,15,7.4,4.7,2.8,0,0,0,4,15.9,9.5,114,71.2
3598,98,15,7.9,8.3,3.7,0,1,0,6,15.3,8.2,124,77.5
3599,99,15,10.1,12.6,4.5,0,0,1,10,12.9,12.3,116,72.5
3600,100,15,7.7,5,2.3,0,0,0,11,23.0,13.8,113,70.6
3601,101,15,7.7,10.1,3.8,0,3,0,8,12.8,9.8,101,63.1
3602,102,15,10,5.7,3.1,0,2,1,5,28.3,15.3,94,58.8
3603,103,15,2.3,8.5,3.2,0,2,0,8,10.2,14.9,83,51.9
3604,104,15,3.2,3.7,3,0,2,1,9,18.0,5.8,90,56.2
3605,105,15,7.6,5.9,5,0,7,1,5,22.6,15.0,61,38.1
3606,106,15,1.9,4.5,2.4,0,1,2,7,12.4,1.3,88,55
3607,107,15,5.3,9,3.1,1,1,0,11,19.9,13.8,108,67.5
3608,108,15,5.3,7.3,2.8,1,3,0,7,26.6,17.1,93,58.1
3609,109,15,2.5,4,4.6,0,3,2,8,6.8,14.7,64,40
3610,110,15,3.2,4.3,2.8,1,5,0,11,20.3,10.5,89,55.6
3611,111,15,6.5,3.6,3.4,1,4,1,10,3.7,11.4,102,63.8
3612,112,15,6.2,9.9,2.3,0,1,0,5,10.1,14.9,122,76.2
3613,113,15,3.8,10,3.2,1,4,2,9,23.4,15.2,98,61.2
3614,114,15,3.4,nan,4.1,0,5,1,12,14.6,11.1,73,45.6
3615,115,15,3.5,10.9,3.5,0,0,2,5,13.8,10.1,93,58.1
3616,116,15,6.1,5.5,3.4,0,1,2,12,7.5,7.9,107,66.9
3617,117,15,2.6,8.6,2.7,0,4,1,9,14.6,14.4,91,56.9
3618,118,15,5,2.9,2.4,0,2,2,10,25.2,3.0,97,60.6
3619,119,15,2.6,10.8,2.4,0,2,0,6,5.8,7.6,109,68.1
3620,120,15,7.3,3.5,4.6,0,2,0,4,13.1,17.7,87,54.4
3621,121,15,5.4,9.4,1.4,1,1,0,4,19.6,10.3,145,90.6
3622,122,15,8.7,4.6,2.4,0,0,0,9,25.0,11.6,120,75
3623,123,15,1.8,9.5,3.5,0,2,1,12,17.1,5.3,80,50
3624,124,15,2,12.8,3.2,1,0,0,9,10.8,10.4,109,68.1
3625,125,15,3.7,2.4,2.5,0,2,1,7,26.6,8.1,91,56.9
3626,126,15,9.4,8.6,3.4,0,1,1,10,24.7,12.2,108,67.5
3627,127,15,2.9,6.1,2.9,0,3,1,12,19.3,6.9,88,55
3628,128,15,8.6,4.3,3.9,0,3,0,5,12.0,5.8,103,64.4
3629,129,15,5.3,9,3,0,0,0,4,17.0,2.5,106,66.2
3630,130,15,5.3,9,3.6,0,3,1,12,14.0,14.0,99,61.9
3631,131,15,6.7,10.4,3.2,0,4,0,4,18.0,8.9,103,64.4
3632,132,15,3.1,6.1,3.2,1,3,0,11,23.0,10.7,101,63.1
3633,133,15,3.7,6.7,1.7,0,1,1,5,19.0,8.8,111,69.4
3634,134,15,2.8,11.2,2.4,0,2,2,5,9.3,4.1,102,63.8
3635,135,15,5.1,6.8,4.6,0,5,1,6,25.5,7.5,68,42.5
3636,136,15,11,11.2,2.7,0,0,1,6,18.3,6.5,124,77.5
3637,137,15,4.1,9.6,3.8,0,3,0,6,16.3,3.8,108,67.5
3638,138,15,6.2,3.8,2.7,0,2,3,4,23.5,11.8,91,56.9
3639,139,15,5.8,9.7,2.9,0,1,0,11,12.5,8.7,102,63.8
3640,140,15,5.4,8.1,2.9,0,3,1,11,11.1,12.8,118,73.8
3641,141,15,4.5,12.2,2.3,0,1,0,10,15.0,16.0,106,66.2
3642,142,15,8.8,13.8,3.7,0,0,1,12,7.2,12.1,121,75.6
3643,143,15,5.2,5.8,2.7,0,3,2,12,20.2,12.2,81,50.6
3644,144,15,4,11.4,2.5,0,1,1,12,24.9,13.0,118,73.8
3645,145,15,8,4,2.3,0,1,0,7,9.9,12.3,104,65
3646,146,15,7,13.6,2.4,0,1,0,9,14.2,8.3,128,80
3647,147,15,5.7,8,3.7,0,1,0,10,17.5,9.0,110,68.8
3648,148,15,4.7,7.8,3.2,1,0,1,9,16.4,12.5,112,70
3649,149,15,10.1,5,1.5,0,0,1,11,15.8,13.4,124,77.5
3650,150,15,5,7.2,3.3,0,2,1,10,8.1,6.6,103,64.4
3651,151,15,3.8,2.1,2.6,0,2,1,7,23.1,13.9,67,41.9
3652,152,15,6.5,14.9,3.3,0,5,3,9,9.4,9.8,104,65
3653,153,15,4.4,8.9,2.6,0,4,1,5,5.0,13.0,98,61.2
3654,154,15,5,6.4,3.6,0,5,1,12,22.5,9.3,82,51.2
3655,155,15,4.3,nan,2.9,0,5,1,12,13.7,6.4,92,57.5
3656,156,15,4.6,2,3.2,0,1,0,9,18.7,1.5,106,66.2
3657,157,15,2.4,6.3,2.7,1,1,0,10,19.4,12.3,94,58.8
3658,158,15,3.4,10,2.4,0,3,1,7,18.6,14.3,91,56.9
3659,159,15,3.6,6.2,3.6,0,5,3,7,22.3,18.7,68,42.5
3660,160,15,4.4,6.5,2.2,0,6,0,8,19.1,7.6,86,53.8
3661,161,15,5.7,10.1,2.9,0,2,0,6,18.6,6.4,116,72.5
3662,162,15,3.2,8.8,2.7,0,2,1,4,15.5,9.4,93,58.1
3663,163,15,12.4,7.2,4.9,0,5,3,7,21.1,14.2,97,60.6
3664,164,15,4.7,8.6,3.3,0,2,1,10,21.8,14.1,78,48.8
3665,165,15,6,2.7,2.2,0,1,0,6,19.1,8.7,100,62.5
3666,166,15,3,6.8,2.8,0,2,1,10,11.4,14.2,86,53.8
3667,167,15,3.3,9.3,3.4,0,1,1,9,20.4,11.2,82,51.2
3668,168,15,10.2,3.1,2.3,0,0,2,7,14.2,7.3,106,66.2
3669,169,15,6.7,7.9,4.3,1,3,2,10,12.6,5.8,99,61.9
3670,170,15,4.7,10.4,3.3,0,0,2,11,13.6,18.7,92,57.5
3671,171,15,2.7,9.8,3.2,0,2,2,12,14.2,15.1,73,45.6
3672,172,15,10,10.1,3.1,0,2,1,10,23.7,7.7,126,78.8
3673,173,15,3.3,9,2.3,0,4,1,4,19.2,5.8,109,68.1
3674,174,15,4.1,9.3,2.9,1,2,2,7,23.6,9.1,111,69.4
3675,175,15,4.7,10.5,3,1,3,2,8,5.5,6.6,123,76.9
3676,176,15,5.9,7.3,3,0,4,2,4,13.2,8.1,106,66.2
3677,177,15,5.1,11.3,3.2,0,1,0,7,11.7,12.5,100,62.5
3678,178,15,5,11,3.9,1,0,0,5,13.5,14.1,112,70
3679,179,15,11.7,6.1,3.4,0,0,0,8,11.1,9.8,126,78.8
3680,180,15,5.3,9.2,2.2,0,0,0,5,22.8,6.6,113,70.6
3681,181,15,6.2,2.3,3.6,0,1,2,6,13.6,6.9,94,58.8
3682,182,15,2.6,5.7,3.7,0,5,0,6,20.9,1.6,83,51.9
3683,183,15,7.2,9.1,2.8,1,2,0,12,16.9,16.5,130,81.2
3684,184,15,2.3,10.1,2.6,0,2,1,8,24.2,10.6,108,67.5
3685,185,15,3.7,10.4,3.2,0,6,2,9,9.4,7.4,79,49.4
3686,186,15,13.6,2.2,3.6,0,0,2,12,23.3,10.0,110,68.8
3687,187,15,3.5,8,3.1,0,3,0,4,19.6,5.3,105,65.6
3688,188,15,5,5.9,3.6,0,4,1,6,13.7,19.0,78,48.8
3689,189,15,3,6.5,3.1,1,7,1,7,22.0,5.3,83,51.9
3690,190,15,3,7.3,3.1,1,4,1,12,19.3,12.3,88,55
3691,191,15,8.4,6.5,3.4,0,2,2,10,13.9,8.6,105,65.6
3692,192,15,4.1,7.7,2.4,1,3,1,10,12.4,14.0,105,65.6
3693,193,15,4.9,2.6,2.3,0,3,1,7,11.8,9.2,99,61.9
3694,194,15,4.4,11,2.5,0,2,3,11,24.0,0.6,102,63.8
3695,195,15,2.6,6.1,3.1,0,1,0,5,16.7,9.6,94,58.8
3696,196,15,4.7,10.4,3.3,1,2,2,7,21.2,7.0,98,61.2
3697,197,15,8.2,11,3.1,0,1,1,7,14.4,12.5,104,65
3698,198,15,3.5,7.9,3.5,0,2,0,4,13.2,17.0,92,57.5
3699,199,15,6.2,11,3.1,1,1,0,4,19.8,1.0,128,80
3700,200,15,8.3,6,3.3,0,1,1,11,4.9,2.3,127,79.4
3701,201,15,2.9,8.4,2.9,0,1,2,12,15.2,9.0,86,53.8
3702,202,15,7.5,9.8,3.6,0,0,1,6,20.1,12.1,93,58.1
3703,203,15,2.1,4.3,3.5,0,1,0,4,20.6,17.1,74,46.2
3704,204,15,6.8,12.1,2.8,0,1,1,5,14.8,8.9,114,71.2
3705,205,15,4.3,11.1,3.6,0,3,1,4,19.3,13.0,88,55
3706,206,15,3,5.5,1.8,1,2,1,11,16.7,4.9,119,74.4
3707,207,15,4.8,9.9,2.4,0,3,1,4,17.3,8.7,112,70
3708,208,15,3.8,3.9,2.3,1,1,0,10,12.7,15.0,106,66.2
3709,209,15,2.3,3.7,1.2,1,1,0,11,15.7,8.4,110,68.8
3710,210,15,8.1,8.5,3.8,0,3,1,5,24.4,15.8,90,56.2
3711,211,15,8.4,9.7,1.5,0,1,2,6,19.9,9.8,121,75.6
3712,212,15,3.1,14.1,3.8,1,1,2,6,11.0,15.6,95,59.4
3713,213,15,4.1,6.3,2.7,0,2,2,10,16.3,7.9,98,61.2
3714,214,15,4,6.3,3.5,0,5,1,12,5.7,11.3,86,53.8
3715,215,15,4.5,9.9,4.4,0,2,1,10,16.2,9.7,90,56.2
3716,216,15,2.8,4.9,2.6,1,1,2,6,26.2,10.3,96,60
3717,217,15,7.7,9,3.2,0,1,0,10,10.6,10.4,117,73.1
3718,218,15,5.2,6.8,2.7,0,3,1,10,9.8,10.4,107,66.9
3719,219,15,3.2,9.8,2.5,0,2,2,7,17.5,2.5,104,65
3720,220,15,4,7.5,3,0,2,2,5,8.0,15.6,94,58.8
3721,221,15,3.5,8.5,3.4,0,0,1,6,16.9,6.0,81,50.6
3722,222,15,4.6,7.8,3.7,0,2,0,11,18.9,7.2,97,60.6
3723,223,15,6.8,6.4,3.3,0,0,1,8,13.0,9.6,106,66.2
3724,224,15,6.8,1.8,3.7,0,1,2,5,14.8,11.6,93,58.1
3725,225,15,3.1,6.8,2.4,0,2,1,12,19.4,16.6,96,60
3726,226,15,5.3,nan,2.9,0,2,0,8,24.7,8.1,107,66.9
3727,227,15,3.3,6.4,3.5,0,1,1,7,16.9,1.0,97,60.6
3728,228,15,2.3,4.9,2.7,0,1,0,4,14.7,5.3,109,68.1
3729,229,15,3.1,10.9,3.2,0,1,0,9,15.6,2.4,96,60
3730,230,15,5,3.5,3.9,0,0,0,8,14.4,6.7,113,70.6
3731,231,15,2.5,6.6,4,0,5,2,5,15.7,11.4,71,44.4
3732,232,15,3.6,7.8,2.1,0,0,2,11,20.0,18.5,93,58.1
3733,233,15,6.2,9.5,3.1,0,1,2,8,11.6,8.5,110,68.8
3734,234,15,3.6,5.2,1.9,1,1,2,4,16.5,15.7,102,63.8
3735,235,15,3.6,nan,2.6,0,4,3,5,11.7,5.9,75,46.9
3736,236,15,3.2,13.1,2.4,0,1,1,6,10.8,12.1,107,66.9
3737,237,15,2.1,14.3,2.1,0,0,1,10,17.0,9.3,102,63.8
3738,238,15,4.4,nan,2.2,0,1,0,10,16.3,10.0,121,75.6
3739,239,15,5.1,6.3,3.7,0,4,1,11,12.7,5.0,85,53.1
3740,240,15,5.3,2.1,3.5,1,5,2,9,16.7,17.5,62,38.8
3741,241,15,3.1,5.4,3.5,0,5,0,12,19.9,6.8,72,45
3742,242,15,3.2,9.1,2.7,0,0,3,6,16.9,15.0,94,58.8
3743,243,15,7.3,8.6,2.7,0,1,2,9,19.4,8.9,108,67.5
3744,244,15,3.2,10.7,2.5,1,1,0,9,14.3,15.4,114,71.2
3745,245,15,4.4,8.1,3.7,0,2,0,7,19.4,9.4,91,56.9
3746,246,15,1.7,7.4,2.1,0,7,1,8,19.2,12.2,79,49.4
3747,247,15,3.1,10.2,4.5,0,6,2,10,18.0,10.8,71,44.4
3748,248,15,3.1,7.8,1.7,0,2,2,11,12.0,10.1,97,60.6
3749,249,15,2.5,5.5,2.8,0,2,0,12,11.0,2.7,119,74.4
3750,250,15,9.6,15.5,3.3,0,2,1,6,17.3,11.0,120,75
3751,1,16,5.3,13.4,5,0,2,0,6,17.8,7.6,89,55.6
3752,2,16,4.6,7.7,3.8,0,5,3,4,5.2,4.3,80,50
3753,3,16,4.2,7,4.6,0,4,1,5,15.8,14.1,85,53.1
3754,4,16,5.4,9.2,2.6,0,2,0,10,26.6,13.0,108,67.5
3755,5,16,4.2,4.2,3.5,0,2,1,9,10.0,6.2,108,67.5
3756,6,16,6.6,7,2.8,1,0,1,6,14.4,18.7,111,69.4
3757,7,16,5.5,13.2,3.1,0,0,0,7,20.2,11.1,104,65
3758,8,16,5.2,7.7,3.5,0,2,1,9,15.9,13.9,103,64.4
3759,9,16,2.8,7.6,3.1,0,2,0,7,21.3,10.3,98,61.2
3760,10,16,2.2,10.8,2.4,0,2,1,7,8.0,3.9,106,66.2
3761,11,16,2.9,2.2,1.6,0,2,1,6,19.5,18.0,97,60.6
3762,12,16,5.6,5.3,4,0,4,2,9,20.5,15.8,75,46.9
3763,13,16,5.1,9.7,3.7,0,1,0,12,14.5,8.7,106,66.2
3764,14,16,2.6,7.5,2.3,0,2,2,6,18.1,13.5,90,56.2
3765,15,16,5.6,6.2,3.4,1,4,3,6,24.8,11.9,76,47.5
3766,16,16,3.6,7.5,3.2,0,2,2,8,18.3,11.4,97,60.6
3767,17,16,3.6,7.6,3.1,0,4,0,5,12.7,2.5,84,52.5
3768,18,16,7.8,7.3,2.6,0,1,0,8,20.0,5.9,116,72.5
3769,19,16,5,9,3.5,0,1,2,11,16.7,15.0,90,56.2
3770,20,16,5.4,9.3,3.5,0,1,0,9,18.2,10.8,97,60.6
3771,21,16,5.4,6.1,2.8,0,2,1,5,17.1,11.7,97,60.6
3772,22,16,2.5,6.7,2.9,0,2,0,5,11.1,0.3,114,71.2
3773,23,16,5.5,9,3.7,0,3,0,4,24.4,20.2,88,55
3774,24,16,12.4,9.7,3.7,0,0,4,12,19.9,19.0,91,56.9
3775,25,16,3,5.9,3,1,3,1,7,10.2,8.9,100,62.5
3776,26,16,6.8,3.3,3.7,0,4,2,6,14.4,8.8,85,53.1
3777,27,16,7.2,7.1,2.3,0,0,3,11,14.9,12.3,114,71.2
3778,28,16,7.1,11.1,3.4,0,2,1,6,19.8,16.0,115,71.9
3779,29,16,3.8,8.1,4.6,0,4,0,6,20.9,15.9,76,47.5
3780,30,16,4.2,8.4,3.1,0,2,2,6,13.6,20.8,85,53.1
3781,31,16,3,8.9,2.9,1,1,0,7,28.5,6.3,109,68.1
3782,32,16,4.8,nan,3.2,0,2,4,4,18.9,5.8,82,51.2
3783,33,16,8.8,12.7,3.7,0,3,2,9,18.9,8.1,96,60
3784,34,16,3.6,7.1,2.8,0,3,2,7,24.4,7.2,79,49.4
3785,35,16,2.1,4.2,2.3,0,1,0,12,10.8,7.7,117,73.1
3786,36,16,5,2,3.2,1,1,1,10,16.7,8.8,112,70
3787,37,16,7.2,7.2,2.6,0,1,1,7,18.9,8.2,115,71.9
3788,38,16,4.4,4.3,4.5,1,6,1,10,24.2,15.6,73,45.6
3789,39,16,10.3,8,3.8,1,1,0,11,20.3,14.2,129,80.6
3790,40,16,4.6,7.8,2.7,0,5,2,5,16.1,0.0,106,66.2
3791,41,16,5,11.8,2.5,0,4,1,5,15.5,8.7,97,60.6
3792,42,16,3.1,8.8,2,1,2,3,5,13.7,13.8,100,62.5
3793,43,16,4.3,8.3,3.5,0,2,0,4,19.2,9.6,92,57.5
3794,44,16,7.1,2.6,3.1,0,0,1,6,21.7,7.8,100,62.5
3795,45,16,7.1,6.7,3.9,1,3,0,11,17.2,16.6,99,61.9
3796,46,16,8.4,3,2.9,0,2,0,10,20.5,4.2,112,70
3797,47,16,6.9,9.1,3.4,0,1,2,7,24.3,9.7,96,60
3798,48,16,6.2,7.3,4,0,4,3,8,8.7,8.5,94,58.8
3799,49,16,2,10.2,2.5,0,2,0,10,11.8,7.7,100,62.5
3800,50,16,3.4,9.7,3.2,1,4,2,12,13.4,11.4,102,63.8
3801,51,16,13.7,10.8,3.9,1,1,0,6,18.3,8.2,135,84.4
3802,52,16,3.9,1.9,3.6,0,1,4,9,9.2,11.5,94,58.8
3803,53,16,6.6,7.7,2.7,1,0,0,9,25.6,12.4,111,69.4
3804,54,16,4.8,4.6,3.2,1,1,1,9,13.9,8.5,124,77.5
3805,55,16,6.7,9.9,3.8,0,1,0,11,18.5,15.4,97,60.6
3806,56,16,5.1,13,4.1,0,5,1,10,11.1,9.6,80,50
3807,57,16,3.2,9.7,1,0,1,0,7,10.9,3.1,110,68.8
3808,58,16,3.5,nan,2.8,0,3,1,10,17.2,7.7,107,66.9
3809,59,16,5.7,7.5,2.7,1,2,1,4,17.1,11.1,114,71.2
3810,60,16,4,7.6,2.9,1,1,2,7,6.7,11.3,100,62.5
3811,61,16,2.1,10.6,3,1,0,1,5,22.1,13.0,103,64.4
3812,62,16,6.2,2.3,2.1,0,0,1,6,12.2,6.2,122,76.2
3813,63,16,7.7,8.8,1.9,1,0,0,12,31.5,7.8,134,83.8
3814,64,16,7.4,10.5,3.6,0,2,0,7,27.2,18.2,109,68.1
3815,65,16,7.5,16.3,2.8,0,0,0,4,16.2,4.8,121,75.6
3816,66,16,2.5,10.3,3.3,0,3,0,8,15.4,13.0,94,58.8
3817,67,16,9.9,7.4,4.3,0,1,0,4,16.5,3.0,131,81.9
3818,68,16,4.6,5.8,2.2,1,2,0,5,23.2,7.5,120,75
3819,69,16,3.3,6,3.5,0,5,0,7,9.4,10.4,80,50
3820,70,16,4.1,3.5,3.3,0,3,1,7,6.6,6.2,91,56.9
3821,71,16,3.6,5.3,2.4,0,2,1,6,10.6,10.2,107,66.9
3822,72,16,2.9,nan,3,1,3,1,9,16.5,12.2,102,63.8
3823,73,16,4.9,7.6,1.6,0,1,1,8,20.0,17.2,105,65.6
3824,74,16,5.3,7.8,2.2,0,2,2,5,13.8,7.4,121,75.6
3825,75,16,4.5,8,3.7,1,3,2,11,20.0,9.1,100,62.5
3826,76,16,5.3,7.1,3.1,0,2,2,5,7.1,2.9,108,67.5
3827,77,16,4.6,13.3,2.6,0,5,5,7,7.2,14.7,70,43.8
3828,78,16,3.6,10.9,4.1,0,3,4,5,18.9,17.3,81,50.6
3829,79,16,3.8,14.8,2.3,0,1,0,12,13.0,9.7,108,67.5
3830,80,16,6.1,13.4,3.1,0,0,3,6,3.6,5.6,115,71.9
3831,81,16,2.6,12.1,2.7,1,2,1,11,16.6,7.5,107,66.9
3832,82,16,3.9,6.8,3.7,0,2,1,12,23.1,11.2,75,46.9
3833,83,16,7.3,0,4.1,0,5,1,5,14.0,0.0,90,56.2
3834,84,16,5.4,7.4,2.2,0,3,3,4,12.3,10.3,101,63.1
3835,85,16,6.5,11,1.5,0,0,2,4,13.3,4.5,126,78.8
3836,86,16,4.9,nan,2.4,0,2,2,5,15.8,0.0,96,60
3837,87,16,2.9,nan,2.2,0,2,1,7,10.8,7.3,92,57.5
3838,88,16,4.1,7.9,2.9,0,2,1,5,17.5,6.7,83,51.9
3839,89,16,5.2,0,2.5,0,5,2,12,5.9,10.3,98,61.2
3840,90,16,4.1,12.6,1.9,1,1,1,8,13.7,6.6,115,71.9
3841,91,16,4.6,7.5,3.8,0,1,1,11,20.2,10.1,87,54.4
3842,92,16,5.3,9.2,3.4,0,3,0,4,19.6,18.2,92,57.5
3843,93,16,7.2,13.2,4,0,3,1,5,16.3,3.4,104,65
3844,94,16,4,10.1,2.9,0,3,0,8,14.5,7.2,86,53.8
3845,95,16,8.1,6.9,4.5,1,1,0,5,15.5,11.2,113,70.6
3846,96,16,4.9,7.8,2.1,0,0,0,5,7.2,16.8,107,66.9
3847,97,16,7.5,6.9,2.7,0,3,0,4,14.5,1.3,120,75
3848,98,16,8,7,2.3,0,1,0,6,20.3,9.2,130,81.2
3849,99,16,10.2,7.9,2.9,0,1,2,10,9.3,13.1,111,69.4
3850,100,16,7.8,8.7,3,0,2,2,11,13.7,2.0,101,63.1
3851,101,16,7.8,4,4.3,0,1,2,8,22.1,17.6,74,46.2
3852,102,16,10.1,3.4,3.9,1,2,0,5,23.6,15.0,112,70
3853,103,16,2.4,7,1.7,0,1,1,8,16.0,11.1,92,57.5
3854,104,16,3.2,0.6,2.5,0,5,0,9,12.3,15.5,88,55
3855,105,16,7.7,11.2,2.1,0,1,0,5,11.4,20.0,102,63.8
3856,106,16,2,8.9,2,0,1,1,7,17.5,11.5,96,60
3857,107,16,5.4,7.7,4.3,1,5,1,11,24.9,6.9,97,60.6
3858,108,16,5.3,2.5,2,1,2,1,7,16.0,4.7,117,73.1
3859,109,16,2.6,5.3,2.1,0,2,0,8,14.6,8.9,105,65.6
3860,110,16,3.3,6.1,2.6,1,2,2,11,16.7,11.5,103,64.4
3861,111,16,6.6,9.2,2.7,1,0,1,10,17.9,10.4,113,70.6
3862,112,16,6.3,5.2,3.5,0,2,1,5,13.4,2.2,92,57.5
3863,113,16,3.8,4.7,2.1,1,2,1,9,21.7,17.1,100,62.5
3864,114,16,3.4,7.9,3.4,0,0,1,12,18.5,12.1,90,56.2
3865,115,16,3.6,8.7,2.5,0,2,2,5,12.9,5.2,109,68.1
3866,116,16,6.1,11.8,4.1,0,6,2,12,8.3,10.9,96,60
3867,117,16,2.7,6,2.2,0,0,0,9,19.9,14.0,115,71.9
3868,118,16,5,8.3,2.5,0,2,0,10,18.4,0.0,110,68.8
3869,119,16,2.6,7.2,1.7,0,1,1,6,11.8,10.5,109,68.1
3870,120,16,7.4,10,3.7,0,3,2,4,23.2,6.2,87,54.4
3871,121,16,5.5,11.6,4,1,3,1,4,10.9,9.1,117,73.1
3872,122,16,8.8,10.3,2.4,1,0,0,9,11.6,10.0,138,86.2
3873,123,16,1.9,7.7,3.7,0,3,1,12,12.9,13.4,79,49.4
3874,124,16,2.1,8.8,3,1,7,0,9,8.8,9.8,86,53.8
3875,125,16,3.8,9.3,3.7,1,3,0,7,20.0,3.8,96,60
3876,126,16,9.5,3.7,4.2,0,2,2,10,8.1,9.2,92,57.5
3877,127,16,3,10.4,3.3,0,3,1,12,11.9,13.8,82,51.2
3878,128,16,8.7,9.7,3.9,0,1,1,5,8.8,17.0,97,60.6
3879,129,16,5.4,8,3.3,0,1,0,4,17.0,6.4,100,62.5
3880,130,16,5.3,11.1,3,0,1,1,12,11.7,10.8,120,75
3881,131,16,6.8,9.7,3.9,0,10,1,4,11.9,5.2,91,56.9
3882,132,16,3.2,9.7,3,1,1,0,11,6.4,7.0,131,81.9
3883,133,16,3.8,10.3,4.1,0,2,2,5,9.1,6.5,92,57.5
3884,134,16,2.9,0,3.5,0,6,1,5,20.1,13.0,64,40
3885,135,16,5.2,14,3.4,0,4,1,6,11.0,11.4,108,67.5
3886,136,16,11.1,8.8,2.2,0,0,1,6,16.3,3.7,134,83.8
3887,137,16,4.2,7.3,2.7,0,2,0,6,12.1,7.8,101,63.1
3888,138,16,6.3,10,3,0,2,1,4,14.7,8.5,115,71.9
3889,139,16,5.9,3.9,3.5,0,1,0,11,20.7,18.4,108,67.5
3890,140,16,5.5,7.6,3.2,0,2,1,11,16.8,4.4,107,66.9
3891,141,16,4.6,7.7,2.9,0,1,0,10,14.0,18.6,105,65.6
3892,142,16,8.9,11.3,2.4,0,1,2,12,18.0,19.2,112,70
3893,143,16,5.2,12.8,3.3,0,2,3,12,15.0,9.7,92,57.5
3894,144,16,4,1.7,2.7,0,0,1,12,12.9,5.8,110,68.8
3895,145,16,8.1,8.9,2.8,0,1,3,7,16.0,8.6,98,61.2
3896,146,16,7.1,8.9,4.1,0,5,1,9,13.3,8.0,99,61.9
3897,147,16,5.8,nan,3.3,0,3,0,10,16.9,11.1,97,60.6
3898,148,16,4.8,7.4,1.3,1,0,1,9,14.6,1.7,134,83.8
3899,149,16,10.2,4,2.5,0,0,2,11,10.1,8.8,119,74.4
3900,150,16,5.1,13.1,3.5,0,4,1,10,9.5,14.9,102,63.8
3901,151,16,3.9,11.8,2.8,0,1,0,7,6.7,5.0,119,74.4
3902,152,16,6.6,3.2,2.3,0,0,0,9,5.8,6.9,124,77.5
3903,153,16,4.5,13.2,2.8,0,0,2,5,11.1,3.7,101,63.1
3904,154,16,5.1,9.5,2.7,0,4,4,12,19.9,14.8,70,43.8
3905,155,16,4.4,7.6,1.7,0,0,1,12,13.7,13.5,101,63.1
3906,156,16,4.7,7.9,3.4,0,5,4,9,21.1,12.9,63,39.4
3907,157,16,2.5,6.3,3.7,1,5,0,10,17.8,10.9,84,52.5
3908,158,16,3.5,2.9,3.3,0,4,2,7,7.3,10.0,75,46.9
3909,159,16,3.6,8.8,3.9,0,4,1,7,20.3,13.1,80,50
3910,160,16,4.5,8.1,2.8,0,1,1,8,19.3,9.3,104,65
3911,161,16,5.7,11.1,3.7,0,3,1,6,12.6,12.8,91,56.9
3912,162,16,3.3,7.4,3.9,0,1,3,4,17.1,9.6,86,53.8
3913,163,16,12.5,5.6,4.3,0,1,1,7,7.8,10.6,131,81.9
3914,164,16,4.8,7.3,2.9,1,2,4,10,15.0,11.1,101,63.1
3915,165,16,6.1,6.5,3.5,0,0,2,6,12.6,13.4,87,54.4
3916,166,16,3.1,7.5,1.7,0,0,1,10,10.4,19.8,93,58.1
3917,167,16,3.4,5.9,3.6,0,3,0,9,13.5,11.3,93,58.1
3918,168,16,10.3,5.3,3,0,0,3,7,19.8,19.7,90,56.2
3919,169,16,6.8,6.3,2.7,1,0,0,10,13.5,12.0,126,78.8
3920,170,16,4.8,7.6,4,0,3,0,11,13.0,5.3,81,50.6
3921,171,16,2.8,8.3,3.3,0,1,0,12,14.5,16.0,95,59.4
3922,172,16,10.1,6.2,4.4,1,3,1,10,15.9,9.1,116,72.5
3923,173,16,3.4,5.5,2.5,0,0,0,4,13.3,7.4,116,72.5
3924,174,16,4.1,7.7,3.1,1,0,2,7,14.8,8.7,115,71.9
3925,175,16,4.8,10.1,2.5,1,5,0,8,12.7,8.8,110,68.8
3926,176,16,6,11.3,3.9,0,3,2,4,20.3,9.2,99,61.9
3927,177,16,5.2,8.4,3.1,1,3,0,7,8.9,6.3,117,73.1
3928,178,16,5,6.2,3.8,1,3,0,5,18.4,15.2,104,65
3929,179,16,11.8,4.9,3.8,1,1,1,8,20.6,8.2,128,80
3930,180,16,5.4,7.7,2,0,2,1,5,18.6,8.8,106,66.2
3931,181,16,6.3,6.4,4.1,0,1,1,6,17.2,8.1,88,55
3932,182,16,2.7,9.1,1.1,0,0,2,6,15.2,13.0,99,61.9
3933,183,16,7.2,7.8,5,1,1,3,12,20.6,9.8,97,60.6
3934,184,16,2.4,4.9,2.5,0,3,2,8,8.6,11.4,87,54.4
3935,185,16,3.8,9.2,2.8,0,3,2,9,8.3,2.8,104,65
3936,186,16,13.7,8.3,4.2,0,0,1,12,13.4,2.5,125,78.1
3937,187,16,3.6,6.3,3,0,1,1,4,21.7,12.1,98,61.2
3938,188,16,5.1,10.4,3.2,0,3,0,6,16.5,14.9,108,67.5
3939,189,16,3,10.7,3.8,1,3,2,7,11.8,6.0,91,56.9
3940,190,16,3,9.8,2.7,1,2,0,12,13.6,15.8,114,71.2
3941,191,16,8.5,8.6,4.1,0,0,1,10,13.7,11.7,105,65.6
3942,192,16,4.2,10.5,3.2,1,2,3,10,12.6,9.9,98,61.2
3943,193,16,4.9,7.8,3.4,0,2,1,7,19.6,7.1,101,63.1
3944,194,16,4.5,9.1,3.6,0,1,0,11,10.1,5.1,98,61.2
3945,195,16,2.7,2.5,1,0,1,5,5,25.8,16.1,77,48.1
3946,196,16,4.8,9.2,4,1,1,2,7,19.1,5.4,105,65.6
3947,197,16,8.2,9.1,3.7,0,2,1,7,25.5,10.8,87,54.4
3948,198,16,3.6,12.1,2.5,0,2,0,4,13.3,13.8,109,68.1
3949,199,16,6.3,7.4,3,1,3,1,4,11.6,0.0,126,78.8
3950,200,16,8.3,10.4,3.2,0,3,0,11,6.1,1.0,124,77.5
3951,201,16,3,4.4,3.1,0,1,0,12,13.3,10.0,96,60
3952,202,16,7.6,11.1,3.5,0,0,0,6,19.4,12.0,112,70
3953,203,16,2.2,8.9,3.2,0,4,0,4,21.3,11.1,94,58.8
3954,204,16,6.9,4.4,3.6,0,1,0,5,6.9,5.1,121,75.6
3955,205,16,4.4,9.7,2.9,0,4,3,4,17.8,24.1,71,44.4
3956,206,16,3.1,7.8,3,1,4,1,11,15.9,9.9,94,58.8
3957,207,16,4.8,11.3,3.3,0,3,0,4,8.1,8.0,107,66.9
3958,208,16,3.9,11.7,2.2,1,0,1,10,20.4,8.0,112,70
3959,209,16,2.4,9.2,2.1,1,0,1,11,13.8,11.8,107,66.9
3960,210,16,8.2,8.8,3.9,0,3,1,5,19.3,16.8,83,51.9
3961,211,16,8.5,5.4,2.9,0,1,0,6,15.4,16.8,108,67.5
3962,212,16,3.2,15.9,2.3,1,1,0,6,13.9,5.4,115,71.9
3963,213,16,4.2,10,4.7,0,7,0,10,16.5,9.8,76,47.5
3964,214,16,4.1,5.7,3.3,0,2,1,12,14.6,11.7,93,58.1
3965,215,16,4.5,4.8,4,0,2,1,10,13.9,12.2,89,55.6
3966,216,16,2.8,4.6,3.2,1,2,1,6,15.9,13.4,83,51.9
3967,217,16,7.8,4.4,2.9,0,1,3,10,16.6,11.4,102,63.8
3968,218,16,5.3,8,3,0,1,1,10,23.1,5.6,106,66.2
3969,219,16,3.3,11.1,2.8,0,1,1,7,19.7,19.4,88,55
3970,220,16,4.1,6.6,2.7,0,1,2,5,19.4,12.5,102,63.8
3971,221,16,3.6,7.9,2.8,0,3,2,6,9.9,5.2,87,54.4
3972,222,16,4.7,5.2,4.3,0,2,0,11,18.3,7.1,84,52.5
3973,223,16,6.9,2.2,3.4,0,0,2,8,8.5,3.5,107,66.9
3974,224,16,6.9,2.9,3.3,0,1,2,5,10.7,14.7,89,55.6
3975,225,16,3.1,3.6,3.4,0,1,2,12,11.8,4.1,87,54.4
3976,226,16,5.4,10.2,3.7,0,6,0,8,22.8,9.8,87,54.4
3977,227,16,3.4,11.6,3.4,0,2,1,7,23.7,14.8,82,51.2
3978,228,16,2.3,10,3.1,0,4,0,4,12.1,4.8,114,71.2
3979,229,16,3.1,11,4.2,0,6,2,9,8.7,11.4,73,45.6
3980,230,16,5.1,8.2,2.1,0,0,0,8,16.2,6.8,110,68.8
3981,231,16,2.6,11,2.2,0,3,0,5,18.7,13.9,97,60.6
3982,232,16,3.7,9.5,3.3,0,1,2,11,17.4,7.9,90,56.2
3983,233,16,6.3,7.7,2.2,0,1,2,8,6.7,8.5,108,67.5
3984,234,16,3.7,10.1,3.6,1,5,1,4,11.7,10.9,96,60
3985,235,16,3.7,10.1,3.5,1,2,1,5,19.6,14.1,87,54.4
3986,236,16,3.3,6.3,2.4,0,3,1,6,19.5,11.2,90,56.2
3987,237,16,2.2,3.9,2.8,0,2,2,10,5.0,6.9,85,53.1
3988,238,16,4.5,13,2.4,0,2,1,10,12.4,6.0,118,73.8
3989,239,16,5.2,8.5,2.9,0,1,1,11,18.5,11.9,95,59.4
3990,240,16,5.4,5.3,3.9,1,3,2,9,21.1,5.1,90,56.2
3991,241,16,3.2,5.1,2.6,0,4,2,12,20.8,9.8,77,48.1
3992,242,16,3.2,14.8,3.5,0,3,3,6,18.6,11.0,87,54.4
3993,243,16,7.4,9.7,4.2,0,1,0,9,13.9,6.4,99,61.9
3994,244,16,3.3,6.6,1.9,1,2,1,9,5.4,13.8,115,71.9
3995,245,16,4.4,6.4,3.9,0,3,0,7,13.4,14.7,95,59.4
3996,246,16,1.8,6.5,2.4,0,4,2,8,18.9,3.0,91,56.9
3997,247,16,3.2,8.5,3.2,0,3,0,10,23.0,16.0,93,58.1
3998,248,16,3.1,3.9,2.3,0,0,3,11,16.6,6.6,102,63.8
3999,249,16,2.6,2.5,2.2,0,3,2,12,16.8,10.8,90,56.2
4000,250,16,9.7,7.8,3.3,0,1,0,6,17.9,7.9,118,73.8
4001,1,17,5.3,5.7,2.9,1,1,1,6,16.3,16.8,98,61.2
4002,2,17,4.7,4.5,2.4,0,1,2,4,14.6,11.0,101,63.1
4003,3,17,4.3,6.5,2.7,0,2,0,5,22.3,4.8,110,68.8
4004,4,17,5.5,8.2,2.3,0,0,1,10,13.5,7.4,101,63.1
4005,5,17,4.2,2.2,3.1,0,3,0,9,22.9,3.2,96,60
4006,6,17,6.7,9.2,2.8,1,0,2,6,15.2,11.3,114,71.2
4007,7,17,5.6,15,3.6,0,1,2,7,22.1,11.7,103,64.4
4008,8,17,5.3,4.4,2.6,0,3,1,9,10.9,14.9,89,55.6
4009,9,17,2.9,5.1,2.1,0,1,2,7,17.3,8.0,101,63.1
4010,10,17,2.3,11.6,4.2,1,3,4,7,14.3,6.5,73,45.6
4011,11,17,3,7.7,2.4,0,3,1,6,13.0,11.3,78,48.8
4012,12,17,5.7,9.3,3.6,0,4,2,9,15.6,13.4,95,59.4
4013,13,17,5.2,14.4,3.3,1,3,1,12,17.8,4.7,123,76.9
4014,14,17,2.6,6.8,2.7,0,1,0,6,12.8,11.7,96,60
4015,15,17,5.7,9.3,4.1,1,2,1,6,9.0,5.6,104,65
4016,16,17,3.7,12.8,2.1,0,1,0,8,17.5,13.5,104,65
4017,17,17,3.7,12.6,2.6,0,3,2,5,12.7,5.2,108,67.5
4018,18,17,7.9,8.8,3.5,1,3,2,8,19.1,14.6,106,66.2
4019,19,17,5.1,8.2,2.6,0,3,0,11,20.0,12.9,106,66.2
4020,20,17,5.5,7,3.7,1,2,4,9,13.7,5.6,100,62.5
4021,21,17,5.5,11.2,1.9,0,1,1,5,25.4,9.8,112,70
4022,22,17,2.6,9.5,1.1,0,1,0,5,16.6,7.5,115,71.9
4023,23,17,5.6,7.7,3.4,0,1,0,4,17.3,7.0,93,58.1
4024,24,17,12.5,7.8,3.9,0,0,1,12,10.0,8.3,112,70
4025,25,17,3.1,9.7,2.4,1,2,1,7,14.4,10.5,110,68.8
4026,26,17,6.9,8.8,3.5,0,2,0,6,16.0,13.0,100,62.5
4027,27,17,7.3,5.1,3.9,0,4,1,11,22.2,12.3,85,53.1
4028,28,17,7.2,10.2,1.7,0,1,0,6,17.4,8.1,127,79.4
4029,29,17,3.9,12.6,2.4,0,2,1,6,9.0,12.7,110,68.8
4030,30,17,4.3,10.2,2.7,0,2,0,6,16.5,10.0,107,66.9
4031,31,17,3.1,5.6,4.5,1,2,1,7,20.9,14.2,84,52.5
4032,32,17,4.9,8.3,3,0,2,2,4,24.2,3.1,92,57.5
4033,33,17,8.8,9.3,3.4,0,1,0,9,21.1,0.0,112,70
4034,34,17,3.7,8.7,2.8,0,1,1,7,22.4,13.8,88,55
4035,35,17,2.2,8.1,3.7,0,4,2,12,16.5,4.4,75,46.9
4036,36,17,5.1,10.8,3.8,1,3,0,10,14.3,5.4,123,76.9
4037,37,17,7.3,9.7,2.9,0,0,0,7,18.3,4.8,134,83.8
4038,38,17,4.5,6.2,3.2,1,3,2,10,7.9,15.1,104,65
4039,39,17,10.3,9.1,3,1,1,0,11,17.5,14.9,118,73.8
4040,40,17,4.6,9,3,0,1,1,5,12.7,11.1,100,62.5
4041,41,17,5,6.9,2.6,0,1,1,5,17.8,13.4,104,65
4042,42,17,3.2,4.1,3,1,0,1,5,23.4,12.6,99,61.9
4043,43,17,4.3,8.5,3.2,1,1,1,4,14.7,9.5,102,63.8
4044,44,17,7.2,10.4,2.4,0,0,0,6,4.4,14.7,122,76.2
4045,45,17,7.2,7.2,3.6,1,2,0,11,16.8,8.2,102,63.8
4046,46,17,8.5,11.7,4.7,0,3,1,10,24.6,15.3,81,50.6
4047,47,17,6.9,13.5,3.2,0,2,2,7,20.3,5.0,97,60.6
4048,48,17,6.2,8.7,3,0,0,0,8,17.1,9.8,117,73.1
4049,49,17,2.1,8,1.5,0,2,1,10,18.5,15.0,83,51.9
4050,50,17,3.5,4.2,3.6,1,3,1,12,10.1,17.5,92,57.5
4051,51,17,13.7,8.9,3.3,1,2,0,6,20.4,5.3,130,81.2
4052,52,17,4,9.5,2.3,0,1,0,9,13.5,9.3,102,63.8
4053,53,17,6.7,9.8,4.2,1,5,2,9,25.4,12.0,100,62.5
4054,54,17,4.8,8.2,4.2,1,3,1,9,15.4,7.8,112,70
4055,55,17,6.7,4.3,2.9,0,2,1,11,13.1,11.0,101,63.1
4056,56,17,5.1,6,3.4,0,1,1,10,12.9,5.9,98,61.2
4057,57,17,3.3,7.2,3.4,0,1,0,7,15.2,7.2,99,61.9
4058,58,17,3.6,9.8,2.8,0,3,0,10,13.3,13.9,106,66.2
4059,59,17,5.8,9,4.1,1,0,3,4,19.5,7.2,110,68.8
4060,60,17,4.1,6.6,3.5,1,1,0,7,18.4,12.9,102,63.8
4061,61,17,2.2,6.6,2.4,1,1,0,5,12.8,9.9,109,68.1
4062,62,17,6.3,7.6,3.4,0,4,1,6,27.0,6.9,87,54.4
4063,63,17,7.8,5.9,4.6,1,5,0,12,15.2,12.9,105,65.6
4064,64,17,7.5,8.8,4.1,0,2,1,7,23.5,15.7,84,52.5
4065,65,17,7.6,nan,2.3,0,0,2,4,26.3,7.7,104,65
4066,66,17,2.6,nan,2,0,2,1,8,14.9,13.7,98,61.2
4067,67,17,10,6.6,3.9,0,0,1,4,13.4,19.8,111,69.4
4068,68,17,4.7,10,3,1,0,0,5,17.7,5.4,120,75
4069,69,17,3.4,12.7,3.7,0,1,1,7,18.4,14.1,93,58.1
4070,70,17,4.1,4,3.9,0,3,2,7,5.7,3.6,85,53.1
4071,71,17,3.7,10,2.7,0,1,1,6,23.4,8.1,112,70
4072,72,17,2.9,0.8,2.7,1,1,2,9,21.2,12.9,100,62.5
4073,73,17,5,1.9,2.7,0,2,0,8,13.5,1.1,102,63.8
4074,74,17,5.4,9.6,3.2,1,1,4,5,6.1,4.2,120,75
4075,75,17,4.6,8.6,4,1,1,0,11,17.4,7.2,109,68.1
4076,76,17,5.4,12.6,3.7,0,4,0,5,17.3,7.9,96,60
4077,77,17,4.6,5.4,3,0,2,2,7,20.8,14.7,78,48.8
4078,78,17,3.7,2.4,3.2,0,1,0,5,14.7,12.5,106,66.2
4079,79,17,3.9,10,2.6,0,3,2,12,18.3,9.5,93,58.1
4080,80,17,6.2,5.8,2.2,0,0,2,6,21.4,9.1,114,71.2
4081,81,17,2.7,9.7,3.2,1,4,5,11,18.3,9.7,81,50.6
4082,82,17,4,7.2,3.3,0,3,3,12,13.8,13.0,69,43.1
4083,83,17,7.4,8.6,2.4,0,2,2,5,23.0,5.8,105,65.6
4084,84,17,5.5,6.1,2.3,0,2,0,4,22.6,13.4,114,71.2
4085,85,17,6.6,nan,3.8,0,1,0,4,16.4,6.4,110,68.8
4086,86,17,5,4.8,4,0,5,1,5,30.8,10.7,84,52.5
4087,87,17,3,8.1,3.7,0,1,1,7,10.4,11.5,92,57.5
4088,88,17,4.2,4.1,2.3,0,1,0,5,16.7,6.3,107,66.9
4089,89,17,5.3,12.7,3.7,0,0,1,12,5.3,7.4,107,66.9
4090,90,17,4.2,4.8,3.6,1,3,0,8,19.4,10.0,98,61.2
4091,91,17,4.6,8.2,2.2,0,1,1,11,17.3,7.8,88,55
4092,92,17,5.4,6.9,2.4,0,4,1,4,25.9,3.6,96,60
4093,93,17,7.2,7.2,3.6,1,3,2,5,16.0,11.1,88,55
4094,94,17,4.1,6.2,3.2,0,1,2,8,10.8,15.2,79,49.4
4095,95,17,8.1,3.6,4.1,1,1,2,5,12.6,5.9,110,68.8
4096,96,17,5,9.4,2.7,1,0,1,5,6.1,5.3,119,74.4
4097,97,17,7.6,7,3.9,0,0,0,4,18.3,5.0,116,72.5
4098,98,17,8,9.4,3.7,0,4,0,6,5.6,8.0,106,66.2
4099,99,17,10.3,7.3,4.2,0,2,0,10,18.0,10.5,102,63.8
4100,100,17,7.8,8.5,4.4,0,5,3,11,8.4,21.7,71,44.4
4101,101,17,7.9,11,3.6,0,2,1,8,15.5,15.4,102,63.8
4102,102,17,10.2,6.5,2.8,1,2,0,5,23.9,14.1,129,80.6
4103,103,17,2.5,9.3,1.8,0,0,0,8,17.1,14.3,113,70.6
4104,104,17,3.3,11.3,3.3,0,4,2,9,9.6,3.7,95,59.4
4105,105,17,7.8,6,2.8,0,1,0,5,19.4,8.5,99,61.9
4106,106,17,2.1,7.4,2.9,0,2,0,7,17.7,7.1,88,55
4107,107,17,5.4,6.4,4.3,1,1,1,11,20.6,17.6,92,57.5
4108,108,17,5.4,5.8,2.5,1,2,0,7,11.4,9.9,107,66.9
4109,109,17,2.7,2.9,3.2,0,3,2,8,18.0,4.0,83,51.9
4110,110,17,3.4,0.2,2.6,1,3,0,11,2.0,7.5,106,66.2
4111,111,17,6.7,5.7,4.1,1,7,1,10,13.9,10.2,87,54.4
4112,112,17,6.4,8.1,4.2,0,5,0,5,12.2,9.8,99,61.9
4113,113,17,3.9,8,3.9,1,6,3,9,21.7,13.5,69,43.1
4114,114,17,3.5,6,1.4,0,3,3,12,20.1,10.9,74,46.2
4115,115,17,3.7,7.8,2.5,0,2,1,5,10.1,13.9,95,59.4
4116,116,17,6.2,5.6,2.5,0,2,0,12,9.4,6.0,115,71.9
4117,117,17,2.8,12.7,2.4,0,3,0,9,15.2,7.7,110,68.8
4118,118,17,5.1,7.1,3,0,3,2,10,13.4,10.8,101,63.1
4119,119,17,2.7,10,2.8,0,3,0,6,10.1,4.4,111,69.4
4120,120,17,7.4,8,3.3,0,3,0,4,14.3,8.4,104,65
4121,121,17,5.5,10.9,2.7,1,0,3,4,16.1,8.7,126,78.8
4122,122,17,8.9,12.4,2.6,1,1,2,9,14.9,7.7,119,74.4
4123,123,17,2,6.4,3.7,0,4,1,12,14.9,7.9,81,50.6
4124,124,17,2.2,nan,1.9,1,2,0,9,19.5,9.2,107,66.9
4125,125,17,3.9,5.4,1.7,1,0,2,7,27.5,13.1,108,67.5
4126,126,17,9.6,6.6,3.2,1,0,0,10,11.2,20.7,120,75
4127,127,17,3.1,4.5,3.6,0,3,1,12,7.0,12.9,83,51.9
4128,128,17,8.8,5.5,4.8,0,6,0,5,21.4,13.6,84,52.5
4129,129,17,5.5,8.9,1,0,0,1,4,12.6,12.3,121,75.6
4130,130,17,5.4,6.8,2.9,0,2,1,12,12.4,3.7,108,67.5
4131,131,17,6.8,9.4,3,0,2,1,4,12.8,11.1,104,65
4132,132,17,3.3,8.4,3.7,1,6,1,11,16.3,11.6,82,51.2
4133,133,17,3.9,7.9,2,0,0,1,5,25.1,12.5,102,63.8
4134,134,17,3,5.6,2.7,0,2,0,5,22.3,13.0,87,54.4
4135,135,17,5.3,6.1,4.5,0,3,3,6,21.0,12.1,74,46.2
4136,136,17,11.2,12.6,3.5,0,0,0,6,9.5,9.0,127,79.4
4137,137,17,4.3,3.4,4,0,4,1,6,9.1,9.1,87,54.4
4138,138,17,6.3,1.4,2.3,0,1,1,4,2.0,3.8,111,69.4
4139,139,17,6,7.2,3.2,0,2,2,11,12.3,9.0,94,58.8
4140,140,17,5.5,7.8,2.9,0,4,1,11,20.7,16.1,95,59.4
4141,141,17,4.7,5.7,3.6,0,2,3,10,22.0,14.7,68,42.5
4142,142,17,9,5.8,2.2,0,0,0,12,13.9,9.3,127,79.4
4143,143,17,5.3,nan,3.8,0,2,0,12,11.5,15.7,103,64.4
4144,144,17,4.1,4.4,3.4,0,1,1,12,14.3,16.4,99,61.9
4145,145,17,8.2,8,3.1,0,1,1,7,15.6,7.3,98,61.2
4146,146,17,7.2,5.3,4.1,1,0,4,9,21.5,9.3,78,48.8
4147,147,17,5.9,10.6,1.8,0,1,0,10,20.7,18.4,114,71.2
4148,148,17,4.9,6.2,3.4,1,1,0,9,9.5,11.6,105,65.6
4149,149,17,10.3,6.8,3.5,1,0,1,11,16.4,7.8,129,80.6
4150,150,17,5.2,7.7,3.3,0,4,0,10,18.0,2.7,107,66.9
4151,151,17,4,5.8,4.1,0,6,0,7,15.6,13.8,74,46.2
4152,152,17,6.7,9.2,3.7,0,2,1,9,19.5,12.3,100,62.5
4153,153,17,4.5,5.8,4.3,0,1,1,5,30.8,6.1,85,53.1
4154,154,17,5.2,11.2,2.5,1,1,2,12,18.0,11.8,102,63.8
4155,155,17,4.4,2.6,3.2,0,0,1,12,14.0,4.8,112,70
4156,156,17,4.8,8.6,2.1,0,1,1,9,15.3,14.1,95,59.4
4157,157,17,2.6,6.5,2.5,1,2,0,10,20.6,9.2,91,56.9
4158,158,17,3.6,8.2,3.1,0,0,0,7,19.4,16.3,99,61.9
4159,159,17,3.7,8.8,3.4,0,1,1,7,17.4,14.2,94,58.8
4160,160,17,4.6,3.3,1.7,0,2,2,8,13.3,11.1,88,55
4161,161,17,5.8,7.2,3.9,0,3,0,6,19.3,11.4,87,54.4
4162,162,17,3.4,6.6,3.2,0,5,1,4,20.2,6.6,97,60.6
4163,163,17,12.6,10.4,4.3,0,4,1,7,15.7,4.3,121,75.6
4164,164,17,4.9,7.1,2.5,1,3,1,10,20.1,7.7,110,68.8
4165,165,17,6.2,2.4,3.5,1,1,3,6,17.0,10.7,89,55.6
4166,166,17,3.2,6.7,3.3,0,2,0,10,17.6,14.8,103,64.4
4167,167,17,3.5,nan,4.2,0,7,0,9,12.6,7.1,78,48.8
4168,168,17,10.3,8.4,3.1,0,1,0,7,16.8,13.4,124,77.5
4169,169,17,6.8,14.7,3.7,1,2,1,10,11.7,14.0,114,71.2
4170,170,17,4.9,5.2,3.6,1,4,0,11,16.5,10.6,105,65.6
4171,171,17,2.8,5.3,2.5,0,0,0,12,12.4,6.8,97,60.6
4172,172,17,10.2,12,2.6,1,2,1,10,10.4,7.4,141,88.1
4173,173,17,3.4,5.2,1.7,0,2,1,4,18.3,15.6,95,59.4
4174,174,17,4.2,5.9,3.5,1,4,0,7,19.1,6.5,93,58.1
4175,175,17,4.9,6,2.9,1,2,2,8,12.5,15.0,93,58.1
4176,176,17,6.1,6.7,4.7,0,3,1,4,21.6,19.9,86,53.8
4177,177,17,5.2,12.3,3.1,1,2,0,7,20.6,16.1,109,68.1
4178,178,17,5.1,7.5,3.7,1,4,3,5,10.7,13.8,99,61.9
4179,179,17,11.9,4.6,4.5,1,2,2,8,10.2,12.4,105,65.6
4180,180,17,5.5,6.8,3.8,0,2,0,5,15.6,14.3,98,61.2
4181,181,17,6.4,10.3,2.8,0,3,0,6,13.5,6.9,110,68.8
4182,182,17,2.8,4.5,2.8,0,2,1,6,18.4,15.2,83,51.9
4183,183,17,7.3,5.3,2.8,1,3,1,12,14.7,13.4,109,68.1
4184,184,17,2.4,12.8,3.5,0,1,1,8,4.3,9.2,104,65
4185,185,17,3.9,10.5,4.1,0,4,1,9,12.9,14.3,91,56.9
4186,186,17,13.8,3.8,3.8,0,0,0,12,14.9,8.3,123,76.9
4187,187,17,3.7,0.9,2.4,0,0,0,4,18.0,8.3,107,66.9
4188,188,17,5.2,12.1,4.6,0,7,5,6,12.0,9.6,66,41.2
4189,189,17,3.1,11.6,3.6,1,1,0,7,26.3,7.4,100,62.5
4190,190,17,3.1,12.4,3,1,3,0,12,10.3,14.7,93,58.1
4191,191,17,8.5,8.7,2.7,0,2,1,10,21.3,1.9,116,72.5
4192,192,17,4.3,6.9,3,1,1,2,10,13.1,12.5,111,69.4
4193,193,17,5,8.3,3.6,0,3,1,7,20.2,10.1,93,58.1
4194,194,17,4.6,7.8,2.7,0,1,1,11,16.8,8.3,100,62.5
4195,195,17,2.7,7.5,1.8,1,2,1,5,20.0,5.0,116,72.5
4196,196,17,4.9,7.3,3.1,1,1,1,7,14.3,9.1,109,68.1
4197,197,17,8.3,8.9,3.5,0,1,0,7,14.5,16.8,97,60.6
4198,198,17,3.7,4.3,2.9,0,3,3,4,24.7,14.0,74,46.2
4199,199,17,6.4,14.6,3.6,1,6,2,4,13.4,4.8,110,68.8
4200,200,17,8.4,nan,3.3,0,3,1,11,15.9,11.6,116,72.5
4201,201,17,3,5.5,3.7,0,5,0,12,17.1,6.8,82,51.2
4202,202,17,7.6,4.2,3.5,0,3,1,6,24.7,15.4,86,53.8
4203,203,17,2.3,10.4,3.1,0,1,0,4,12.7,8.7,93,58.1
4204,204,17,7,1.8,1.8,0,4,2,5,15.2,6.9,114,71.2
4205,205,17,4.5,5.7,3.3,0,5,2,4,15.7,13.3,71,44.4
4206,206,17,3.2,4,4,1,2,0,11,14.4,10.3,101,63.1
4207,207,17,4.9,10,2.8,0,2,1,4,16.5,13.7,102,63.8
4208,208,17,3.9,9.1,2.9,1,3,0,10,10.9,7.1,99,61.9
4209,209,17,2.5,6,2.9,1,4,2,11,14.3,4.3,81,50.6
4210,210,17,8.3,10.7,2.5,0,2,2,5,25.5,10.5,98,61.2
4211,211,17,8.6,10.8,3.2,0,1,0,6,22.7,19.8,108,67.5
4212,212,17,3.3,6.1,2.8,1,5,0,6,18.2,21.2,89,55.6
4213,213,17,4.3,9,2.7,0,7,1,10,16.6,17.6,89,55.6
4214,214,17,4.2,10,2.7,0,3,0,12,12.4,7.3,111,69.4
4215,215,17,4.6,11.8,1.9,0,0,1,10,23.1,3.0,111,69.4
4216,216,17,2.9,6.6,2.9,1,3,0,6,21.2,6.5,77,48.1
4217,217,17,7.9,13.4,2.9,0,1,2,10,16.7,6.9,113,70.6
4218,218,17,5.3,6.7,3.7,0,1,0,10,18.7,6.3,113,70.6
4219,219,17,3.4,8.3,2.7,0,5,0,7,13.9,17.5,86,53.8
4220,220,17,4.2,2.6,2.8,0,2,1,5,22.7,12.8,97,60.6
4221,221,17,3.7,5.9,3.1,0,3,1,6,10.6,13.2,82,51.2
4222,222,17,4.8,11.1,3.8,1,3,0,11,25.2,7.4,101,63.1
4223,223,17,7,3.1,4.3,0,0,2,8,15.1,6.7,89,55.6
4224,224,17,7,5,3.8,0,3,0,5,15.8,12.2,95,59.4
4225,225,17,3.2,10.6,4.1,0,6,2,12,6.8,13.1,74,46.2
4226,226,17,5.5,3.6,3.3,0,2,0,8,11.9,10.0,107,66.9
4227,227,17,3.5,5.9,2.4,0,2,0,7,9.8,4.9,106,66.2
4228,228,17,2.4,10.1,3.7,0,3,1,4,10.7,10.3,97,60.6
4229,229,17,3.2,9.7,4.2,0,5,1,9,17.5,14.0,70,43.8
4230,230,17,5.2,4.8,3.2,0,3,1,8,17.3,2.3,107,66.9
4231,231,17,2.6,12.3,2.5,0,1,1,5,18.5,8.1,96,60
4232,232,17,3.8,13.3,3,1,6,2,11,16.3,11.7,100,62.5
4233,233,17,6.3,6.5,3.1,0,3,2,8,3.5,2.1,125,78.1
4234,234,17,3.8,9.2,2.5,1,1,0,4,11.3,16.1,119,74.4
4235,235,17,3.8,8.9,3.1,1,2,0,5,28.4,15.5,94,58.8
4236,236,17,3.4,10,2.7,0,6,2,6,14.0,9.9,77,48.1
4237,237,17,2.3,4.8,3.6,0,3,0,10,24.3,10.3,84,52.5
4238,238,17,4.6,11.1,3.6,0,7,1,10,10.5,6.3,102,63.8
4239,239,17,5.3,11.2,2.3,0,3,1,11,14.2,5.4,112,70
4240,240,17,5.5,5.8,3.3,1,1,1,9,25.0,9.8,92,57.5
4241,241,17,3.3,13.9,4.3,0,5,4,12,24.6,15.0,59,36.9
4242,242,17,3.3,7.8,2.9,0,3,1,6,14.8,13.0,95,59.4
4243,243,17,7.5,7.1,2.2,0,1,0,9,14.5,13.2,116,72.5
4244,244,17,3.4,4.6,2.8,1,3,2,9,14.8,15.4,99,61.9
4245,245,17,4.5,4.7,2.6,1,4,1,7,19.9,10.1,92,57.5
4246,246,17,1.8,2.8,3.7,0,9,2,8,22.1,19.2,50,31.2
4247,247,17,3.2,4.6,3.3,0,2,0,10,15.0,5.4,97,60.6
4248,248,17,3.2,2.2,2.9,0,2,1,11,17.4,4.4,95,59.4
4249,249,17,2.7,3.6,4.4,0,5,1,12,21.5,0.3,81,50.6
4250,250,17,9.8,3.5,4.3,0,1,0,6,19.9,10.1,99,61.9
4251,1,18,5.4,6.2,1.4,1,0,0,6,21.7,12.2,110,68.8
4252,2,18,4.8,9.9,3.8,0,2,1,4,7.0,10.5,103,64.4
4253,3,18,4.4,8.7,2.8,0,1,2,5,4.5,12.3,93,58.1
4254,4,18,5.6,7.8,3,0,2,0,10,18.9,6.2,100,62.5
4255,5,18,4.3,3.8,2.9,0,2,1,9,17.7,10.8,84,52.5
4256,6,18,6.7,11.4,3.2,1,2,3,6,12.4,7.1,112,70
4257,7,18,5.7,11.8,2.3,0,1,0,7,18.2,3.6,112,70
4258,8,18,5.3,8.3,2.6,0,3,1,9,15.7,6.1,100,62.5
4259,9,18,2.9,10.1,3.3,1,3,1,7,21.0,6.0,102,63.8
4260,10,18,2.4,6,1.8,1,1,2,7,13.0,12.5,120,75
4261,11,18,3,6.3,3.5,0,3,1,6,14.9,13.4,75,46.9
4262,12,18,5.8,10.5,2.2,0,3,1,9,24.0,16.2,92,57.5
4263,13,18,5.3,3.4,4.3,1,4,2,12,15.3,4.1,85,53.1
4264,14,18,2.7,6.9,4,0,3,1,6,20.3,16.6,75,46.9
4265,15,18,5.8,4.9,3.2,1,2,1,6,15.1,16.8,101,63.1
4266,16,18,3.7,9.7,2.4,0,2,1,8,10.9,0.0,109,68.1
4267,17,18,3.7,6.6,2.8,0,1,2,5,17.3,7.9,90,56.2
4268,18,18,8,14.3,3.5,1,1,0,8,15.6,11.4,129,80.6
4269,19,18,5.1,10.4,3.2,1,1,2,11,16.6,10.7,115,71.9
4270,20,18,5.6,5.3,3.3,1,1,1,9,14.6,6.9,109,68.1
4271,21,18,5.6,5.6,4.3,0,3,4,5,5.1,6.6,84,52.5
4272,22,18,2.7,4.3,4.1,0,1,0,5,13.7,7.2,90,56.2
4273,23,18,5.7,3.8,4.9,0,5,3,4,20.6,11.0,66,41.2
4274,24,18,12.6,12.1,3,0,0,0,12,13.9,14.5,137,85.6
4275,25,18,3.1,7.3,3.4,1,4,0,7,13.4,5.5,105,65.6
4276,26,18,7,7.3,2.7,0,2,2,6,20.4,13.7,104,65
4277,27,18,7.3,9.1,4.9,0,2,0,11,10.3,4.5,108,67.5
4278,28,18,7.3,8.2,3.6,1,1,0,6,9.3,7.1,116,72.5
4279,29,18,4,7.2,2.5,0,2,0,6,17.8,16.2,92,57.5
4280,30,18,4.4,7.5,2.9,0,4,2,6,11.7,12.0,97,60.6
4281,31,18,3.2,10.8,4.1,1,5,1,7,11.8,14.0,89,55.6
4282,32,18,5,11.6,3.5,1,1,3,4,13.0,1.8,113,70.6
4283,33,18,8.9,8.5,3.3,0,1,1,9,18.3,7.9,112,70
4284,34,18,3.8,6.5,3.9,0,3,0,7,17.2,14.7,85,53.1
4285,35,18,2.3,10.9,3.5,0,6,0,12,15.8,8.8,91,56.9
4286,36,18,5.2,0.6,1.8,1,1,2,10,22.9,3.7,116,72.5
4287,37,18,7.4,5.6,3.1,0,1,1,7,10.2,7.8,124,77.5
4288,38,18,4.6,8.1,2.2,1,1,3,10,18.6,8.1,101,63.1
4289,39,18,10.4,9.9,2.9,1,1,4,11,14.1,17.8,114,71.2
4290,40,18,4.7,7,4.7,0,2,1,5,9.1,13.4,99,61.9
4291,41,18,5.1,8.1,2.7,0,0,2,5,11.5,10.7,110,68.8
4292,42,18,3.3,7.3,3.5,1,2,3,5,14.1,15.7,90,56.2
4293,43,18,4.4,7.4,3.3,1,5,1,4,20.6,13.1,85,53.1
4294,44,18,7.2,10.2,3.4,0,1,1,6,25.7,11.2,115,71.9
4295,45,18,7.3,9.4,2.9,1,0,2,11,13.4,16.9,114,71.2
4296,46,18,8.6,11.9,3.4,0,1,1,10,14.0,11.0,113,70.6
4297,47,18,7,nan,2.9,0,2,1,7,24.2,10.9,98,61.2
4298,48,18,6.3,9.5,2.9,0,2,0,8,14.8,8.2,113,70.6
4299,49,18,2.2,10.1,3.2,0,3,1,10,18.0,3.0,88,55
4300,50,18,3.6,8.5,2.3,1,1,2,12,19.4,11.7,98,61.2
4301,51,18,13.8,9.8,4.1,1,0,0,6,23.2,13.9,135,84.4
4302,52,18,4.1,7.8,3.7,0,2,1,9,2.0,11.7,102,63.8
4303,53,18,6.7,9.1,3.5,1,3,2,9,6.4,14.1,96,60
4304,54,18,4.9,4.3,4.4,1,0,2,9,14.4,8.2,93,58.1
4305,55,18,6.8,6.1,2.4,1,0,0,11,19.9,0.3,131,81.9
4306,56,18,5.2,8.7,4.2,0,8,1,10,8.1,8.1,78,48.8
4307,57,18,3.3,13.9,2.7,0,3,0,7,4.8,12.5,89,55.6
4308,58,18,3.7,10.1,1.9,0,1,0,10,17.3,7.4,117,73.1
4309,59,18,5.9,11.2,4.1,1,3,3,4,20.3,15.2,83,51.9
4310,60,18,4.1,10.3,3.3,1,3,5,7,10.6,17.9,87,54.4
4311,61,18,2.2,nan,3.3,1,4,0,5,10.3,11.7,101,63.1
4312,62,18,6.4,10.9,3.8,0,4,0,6,10.1,9.6,105,65.6
4313,63,18,7.9,6.1,3.7,1,1,1,12,10.3,8.1,117,73.1
4314,64,18,7.6,8.1,3.7,0,4,1,7,19.8,12.3,83,51.9
4315,65,18,7.6,7.2,2.8,0,2,0,4,10.8,8.5,122,76.2
4316,66,18,2.7,6,3.1,1,1,0,8,18.7,6.7,105,65.6
4317,67,18,10.1,5.6,3.6,1,1,1,4,2.0,6.4,139,86.9
4318,68,18,4.8,8.6,3.4,1,2,0,5,10.9,10.8,115,71.9
4319,69,18,3.5,6.1,3.4,1,4,0,7,12.7,13.2,90,56.2
4320,70,18,4.2,8.4,2.9,1,1,1,7,11.3,8.3,125,78.1
4321,71,18,3.8,5.6,1.6,0,1,1,6,10.7,9.4,117,73.1
4322,72,18,3,5.9,2.8,1,1,1,9,19.0,1.6,108,67.5
4323,73,18,5.1,7.1,3.2,0,3,1,8,7.8,13.8,91,56.9
4324,74,18,5.4,9.5,2.8,1,3,0,5,13.9,4.8,125,78.1
4325,75,18,4.7,9,2.6,1,0,0,11,16.7,3.3,129,80.6
4326,76,18,5.4,9.7,2.9,0,1,2,5,23.6,3.7,107,66.9
4327,77,18,4.7,3.2,3.5,0,3,3,7,14.4,12.6,76,47.5
4328,78,18,3.7,4.1,2.3,0,4,1,5,15.1,6.9,102,63.8
4329,79,18,4,5.4,2.9,0,0,0,12,4.1,0.1,117,73.1
4330,80,18,6.3,nan,2.2,0,2,0,6,7.9,9.7,127,79.4
4331,81,18,2.8,6.9,3.7,1,1,0,11,5.3,13.0,99,61.9
4332,82,18,4.1,12,2.6,0,2,0,12,21.3,5.3,101,63.1
4333,83,18,7.5,5.6,2.5,0,2,1,5,17.6,12.4,101,63.1
4334,84,18,5.6,10.2,2.4,1,2,3,4,20.6,9.6,113,70.6
4335,85,18,6.6,3.8,2.1,0,0,0,4,12.4,17.0,103,64.4
4336,86,18,5.1,10.7,3.3,1,6,1,5,19.8,18.7,94,58.8
4337,87,18,3.1,7.8,2.8,0,4,1,7,23.1,2.4,98,61.2
4338,88,18,4.3,6.1,1.7,0,0,3,5,20.7,12.4,89,55.6
4339,89,18,5.3,9.2,2.7,0,1,0,12,18.7,10.4,103,64.4
4340,90,18,4.3,7.2,2.6,1,3,4,8,16.2,11.9,92,57.5
4341,91,18,4.7,5.9,1.6,0,0,2,11,7.6,10.5,109,68.1
4342,92,18,5.5,14.7,3.3,0,4,5,4,24.4,9.9,75,46.9
4343,93,18,7.3,10,3.8,1,4,0,5,15.8,10.9,100,62.5
4344,94,18,4.2,6.7,3.1,0,1,0,8,20.7,7.6,92,57.5
4345,95,18,8.2,5.8,3.6,1,0,1,5,7.3,12.8,123,76.9
4346,96,18,5.1,2.9,3.3,1,1,0,5,7.2,8.9,123,76.9
4347,97,18,7.7,11.9,4.8,0,6,1,4,21.8,12.5,94,58.8
4348,98,18,8.1,10.1,3,0,2,0,6,11.3,5.8,128,80
4349,99,18,10.4,6.4,3.6,0,2,2,10,23.7,7.8,102,63.8
4350,100,18,7.9,7.2,4.6,0,3,1,11,17.1,7.0,87,54.4
4351,101,18,8,9.1,2.5,0,1,2,8,9.8,14.4,99,61.9
4352,102,18,10.3,4.2,1.9,1,0,2,5,20.8,6.1,127,79.4
4353,103,18,2.5,6.7,3,0,2,0,8,12.8,17.6,96,60
4354,104,18,3.4,4.1,2.3,0,3,0,9,19.8,5.3,95,59.4
4355,105,18,7.8,7.1,4.7,0,6,0,5,18.2,13.4,81,50.6
4356,106,18,2.2,6.4,3,0,4,2,7,9.2,17.5,77,48.1
4357,107,18,5.5,4.1,3.8,1,1,1,11,19.4,15.0,92,57.5
4358,108,18,5.5,3.3,3.1,1,4,1,7,24.1,8.1,111,69.4
4359,109,18,2.7,8.4,2.7,0,2,3,8,16.3,3.7,95,59.4
4360,110,18,3.5,9.6,3.1,1,1,2,11,16.6,4.9,99,61.9
4361,111,18,6.8,8.8,4.6,1,2,0,10,20.8,12.5,110,68.8
4362,112,18,6.5,5.7,3.8,0,4,0,5,17.7,17.1,93,58.1
4363,113,18,4,12.5,2.3,1,0,2,9,16.1,7.0,119,74.4
4364,114,18,3.6,12.3,3,0,2,0,12,14.5,9.3,86,53.8
4365,115,18,3.8,6.7,1.4,0,0,0,5,15.0,0.0,124,77.5
4366,116,18,6.3,10.3,3,0,1,0,12,17.8,2.7,125,78.1
4367,117,18,2.9,2.7,2.6,1,0,0,9,10.6,8.3,115,71.9
4368,118,18,5.2,4.8,3.1,0,3,2,10,22.3,16.2,91,56.9
4369,119,18,2.8,12.5,3.2,0,2,1,6,15.5,12.6,96,60
4370,120,18,7.5,13.8,2.5,0,1,1,4,9.1,8.6,130,81.2
4371,121,18,5.6,5.9,1.8,1,0,0,4,18.6,6.0,136,85
4372,122,18,9,10.1,4.7,1,1,0,9,15.3,8.0,115,71.9
4373,123,18,2.1,8.6,1.9,0,2,2,12,17.6,13.9,102,63.8
4374,124,18,2.3,12.7,4,1,4,0,9,15.4,11.5,94,58.8
4375,125,18,4,9.4,2.6,1,0,3,7,15.3,0.5,108,67.5
4376,126,18,9.7,11.2,2.8,1,2,0,10,20.2,9.0,123,76.9
4377,127,18,3.2,7.5,3.5,0,0,1,12,14.0,2.9,109,68.1
4378,128,18,8.9,11,3.6,0,1,0,5,7.5,9.0,112,70
4379,129,18,5.5,5.1,3.8,0,2,1,4,12.1,13.8,87,54.4
4380,130,18,5.5,3.5,2.6,0,0,1,12,18.5,7.6,112,70
4381,131,18,6.9,nan,4,0,2,0,4,18.1,12.9,109,68.1
4382,132,18,3.4,3.5,3.3,1,2,2,11,18.1,12.4,81,50.6
4383,133,18,4,9.2,2.3,0,0,1,5,11.5,13.5,116,72.5
4384,134,18,3,9.1,3.8,0,3,1,5,8.0,5.7,93,58.1
4385,135,18,5.4,9.1,3.5,0,4,1,6,12.4,19.6,86,53.8
4386,136,18,11.3,8.6,4.1,0,1,2,6,7.8,8.7,103,64.4
4387,137,18,4.4,12.3,1.9,0,0,1,6,14.8,9.7,117,73.1
4388,138,18,6.4,4.8,3.3,0,1,0,4,14.0,9.8,102,63.8
4389,139,18,6.1,7.6,2.9,1,1,0,11,10.5,9.8,122,76.2
4390,140,18,5.6,6.2,3.9,0,3,1,11,15.9,12.2,89,55.6
4391,141,18,4.8,9,2,0,1,1,10,17.5,11.8,109,68.1
4392,142,18,9.1,8.2,3.5,0,1,1,12,27.9,8.5,102,63.8
4393,143,18,5.4,5.9,3.7,0,6,0,12,8.7,5.9,87,54.4
4394,144,18,4.2,9,2.1,0,1,0,12,21.3,20.3,111,69.4
4395,145,18,8.3,4.9,3.1,0,1,3,7,21.9,9.0,94,58.8
4396,146,18,7.3,9.3,3.8,1,2,0,9,12.2,12.8,116,72.5
4397,147,18,6,10.4,3.5,0,2,1,10,20.8,7.1,84,52.5
4398,148,18,4.9,5.3,4.3,1,5,1,9,14.8,9.9,85,53.1
4399,149,18,10.4,12.3,3.3,1,1,1,11,15.7,8.1,134,83.8
4400,150,18,5.3,12.1,3,0,2,4,10,21.8,10.1,97,60.6
4401,151,18,4.1,2.3,2.4,0,2,2,7,19.8,0.0,87,54.4
4402,152,18,6.8,6.9,4.3,0,3,1,9,20.3,12.5,84,52.5
4403,153,18,4.6,10.7,2.7,0,2,1,5,12.3,3.6,110,68.8
4404,154,18,5.3,7.7,2.3,1,0,0,12,10.1,12.9,117,73.1
4405,155,18,4.5,8.8,2.9,0,3,1,12,14.0,4.9,100,62.5
4406,156,18,4.9,16.3,3.3,0,3,0,9,24.4,8.9,95,59.4
4407,157,18,2.6,7.6,3,1,1,0,10,12.7,13.1,90,56.2
4408,158,18,3.7,4.7,2.6,0,1,1,7,12.2,7.1,92,57.5
4409,159,18,3.8,9.6,3.9,0,1,0,7,19.0,10.2,88,55
4410,160,18,4.7,7.7,3,0,3,0,8,10.4,4.5,103,64.4
4411,161,18,5.9,6.9,2.8,0,1,0,6,14.1,4.4,101,63.1
4412,162,18,3.4,10.7,4.4,0,0,1,4,10.9,10.7,107,66.9
4413,163,18,12.7,7.1,4,0,1,0,7,8.9,4.2,124,77.5
4414,164,18,4.9,nan,3.4,1,1,1,10,16.9,10.7,99,61.9
4415,165,18,6.3,6.2,3.4,1,2,0,6,17.1,15.0,88,55
4416,166,18,3.3,9.9,3.6,0,6,2,10,17.0,10.9,87,54.4
4417,167,18,3.6,4.8,1.7,0,3,0,9,12.9,11.3,88,55
4418,168,18,10.4,11.6,3.1,0,0,0,7,8.6,7.0,126,78.8
4419,169,18,6.9,5.5,2.5,1,2,1,10,10.8,9.0,124,77.5
4420,170,18,5,12.3,3.5,1,0,0,11,20.3,15.1,115,71.9
4421,171,18,2.9,4.6,3,0,3,1,12,19.5,9.9,67,41.9
4422,172,18,10.2,12.5,3.3,1,1,1,10,10.0,5.4,145,90.6
4423,173,18,3.5,12.8,2.6,0,4,0,4,19.8,6.5,86,53.8
4424,174,18,4.3,6.9,2.3,1,2,1,7,6.7,7.7,114,71.2
4425,175,18,4.9,9.1,2.8,1,1,0,8,19.5,11.1,113,70.6
4426,176,18,6.2,4.6,4.6,0,3,0,4,14.5,3.0,106,66.2
4427,177,18,5.3,6.5,3,1,2,1,7,15.2,9.3,103,64.4
4428,178,18,5.2,nan,2.1,1,1,1,5,8.5,8.5,137,85.6
4429,179,18,12,6.6,3.7,1,0,1,8,17.8,0.7,142,88.8
4430,180,18,5.6,7.6,4.1,0,3,0,5,7.9,7.8,107,66.9
4431,181,18,6.4,6.6,4.2,0,3,1,6,18.2,11.0,106,66.2
4432,182,18,2.9,13.2,3.7,0,3,2,6,16.0,4.4,90,56.2
4433,183,18,7.4,9.4,3.5,1,0,0,12,14.0,7.0,124,77.5
4434,184,18,2.5,6.7,2.5,0,2,0,8,14.5,10.9,104,65
4435,185,18,4,7.5,2.7,0,2,0,9,17.5,17.3,93,58.1
4436,186,18,13.9,6.1,3.2,0,1,1,12,22.9,4.8,120,75
4437,187,18,3.8,6,3.3,0,1,0,4,8.1,6.7,111,69.4
4438,188,18,5.3,9.8,1.2,0,0,3,6,10.5,9.4,118,73.8
4439,189,18,3.2,8.5,2.9,1,3,1,7,25.6,14.1,82,51.2
4440,190,18,3.2,7.1,3.2,1,3,0,12,13.4,0.1,101,63.1
4441,191,18,8.6,9.4,3.7,0,1,1,10,19.1,10.7,114,71.2
4442,192,18,4.4,3.7,2.1,1,1,1,10,24.2,16.3,111,69.4
4443,193,18,5.1,5.7,3.6,0,1,2,7,17.0,13.3,79,49.4
4444,194,18,4.6,9.5,1.2,1,0,1,11,16.5,3.0,137,85.6
4445,195,18,2.8,0,1.8,1,3,1,5,11.4,9.3,96,60
4446,196,18,5,nan,3.7,1,2,1,7,10.2,10.9,107,66.9
4447,197,18,8.4,1.8,3.7,0,1,1,7,18.6,16.3,106,66.2
4448,198,18,3.8,9.9,1.4,0,1,1,4,15.6,12.5,117,73.1
4449,199,18,6.5,12.3,2.8,1,1,2,4,16.1,10.0,127,79.4
4450,200,18,8.5,5.1,3.8,0,2,1,11,10.1,8.9,113,70.6
4451,201,18,3.1,6.2,3.1,0,5,0,12,8.4,8.3,85,53.1
4452,202,18,7.7,11.1,3.1,0,1,0,6,18.1,8.7,118,73.8
4453,203,18,2.3,11.1,1.1,0,0,0,4,7.5,11.5,110,68.8
4454,204,18,7.1,1.7,3.2,0,2,1,5,10.9,8.9,114,71.2
4455,205,18,4.5,7.9,3.7,0,1,2,4,23.7,19.1,78,48.8
4456,206,18,3.2,5.3,2.8,1,1,1,11,14.9,12.6,113,70.6
4457,207,18,5,3.7,2.9,0,3,1,4,22.8,1.5,105,65.6
4458,208,18,4,nan,3.3,1,3,2,10,10.7,10.9,93,58.1
4459,209,18,2.6,5,2.8,1,4,0,11,20.6,10.8,100,62.5
4460,210,18,8.3,9.3,4,0,2,1,5,14.3,14.4,98,61.2
4461,211,18,8.7,6.8,3.8,0,2,0,6,19.4,15.9,94,58.8
4462,212,18,3.4,6.3,2.6,1,1,1,6,16.9,8.4,103,64.4
4463,213,18,4.4,11,3.8,0,4,1,10,9.1,23.1,86,53.8
4464,214,18,4.2,5.3,3,0,0,0,12,12.3,5.8,99,61.9
4465,215,18,4.7,9.6,4.3,0,3,2,10,12.6,4.7,87,54.4
4466,216,18,3,6.9,3.1,1,3,2,6,8.1,13.0,86,53.8
4467,217,18,8,8.1,2.8,0,3,2,10,16.2,19.0,102,63.8
4468,218,18,5.4,6.9,2.1,0,0,2,10,13.7,5.6,110,68.8
4469,219,18,3.5,7.5,2.4,0,2,1,7,9.6,10.9,91,56.9
4470,220,18,4.3,8,1.9,0,0,1,5,18.6,15.1,107,66.9
4471,221,18,3.8,8.8,3.2,0,1,0,6,20.2,10.5,99,61.9
4472,222,18,4.9,10,2.8,1,0,0,11,17.4,8.8,119,74.4
4473,223,18,7,9.4,1.8,0,1,2,8,11.3,9.3,126,78.8
4474,224,18,7.1,4.9,4.1,0,6,0,5,21.8,14.3,77,48.1
4475,225,18,3.3,2.9,3.3,0,3,0,12,19.1,14.4,89,55.6
4476,226,18,5.5,9.3,2.7,0,3,2,8,17.4,15.4,97,60.6
4477,227,18,3.6,10.2,2.4,0,1,0,7,12.0,11.4,108,67.5
4478,228,18,2.5,13.2,3.2,0,1,2,4,16.5,10.0,98,61.2
4479,229,18,3.3,5.9,2.4,0,1,0,9,21.2,10.5,105,65.6
4480,230,18,5.3,6.1,3.3,0,3,0,8,10.6,9.8,109,68.1
4481,231,18,2.7,8.2,2.6,0,4,1,5,23.7,7.8,101,63.1
4482,232,18,3.9,5.5,1.7,1,0,0,11,15.0,11.7,114,71.2
4483,233,18,6.4,10.3,4,0,1,0,8,13.8,12.5,116,72.5
4484,234,18,3.9,8.5,2.1,1,2,0,4,11.8,15.4,121,75.6
4485,235,18,3.8,9.2,3.4,1,6,1,5,17.3,3.9,93,58.1
4486,236,18,3.5,10,3.2,0,2,0,6,8.0,10.7,98,61.2
4487,237,18,2.4,6.5,2.4,0,2,1,10,11.1,5.2,103,64.4
4488,238,18,4.7,1.1,2.1,0,1,1,10,9.5,7.9,105,65.6
4489,239,18,5.3,7.2,4.3,0,1,1,11,16.6,11.5,93,58.1
4490,240,18,5.5,8.1,3.5,1,2,0,9,22.0,13.8,106,66.2
4491,241,18,3.4,9.1,3.3,1,1,2,12,19.0,9.1,101,63.1
4492,242,18,3.4,8.3,2.7,0,1,0,6,2.9,0.6,111,69.4
4493,243,18,7.5,13.7,3.9,0,2,2,9,24.1,3.8,109,68.1
4494,244,18,3.5,13.6,3,1,5,3,9,14.4,10.6,106,66.2
4495,245,18,4.6,5.4,1.5,1,0,0,7,12.1,0.0,125,78.1
4496,246,18,1.9,4.6,2.9,1,5,1,8,18.2,16.5,83,51.9
4497,247,18,3.3,5.7,2.3,1,2,1,10,17.2,12.6,104,65
4498,248,18,3.3,9.1,3.4,0,1,0,11,12.3,15.1,101,63.1
4499,249,18,2.7,7.3,3.3,0,3,1,12,12.6,5.0,105,65.6
4500,250,18,9.9,13.4,3.8,0,2,2,6,13.2,1.3,109,68.1
4501,1,19,5.5,10.2,2.7,1,0,0,6,13.8,11.4,125,78.1
4502,2,19,4.9,10.1,5,0,1,0,4,13.0,15.3,94,58.8
4503,3,19,4.5,nan,4.1,0,7,0,5,13.9,6.7,98,61.2
4504,4,19,5.6,5.6,3.5,0,1,0,10,8.6,13.6,104,65
4505,5,19,4.4,8.8,3.1,1,2,2,9,13.1,3.4,118,73.8
4506,6,19,6.8,10.1,2.8,1,1,2,6,19.5,10.7,113,70.6
4507,7,19,5.8,11.2,3.5,0,4,1,7,18.1,7.4,98,61.2
4508,8,19,5.4,9.2,3.7,0,3,0,9,18.4,5.1,105,65.6
4509,9,19,3,9,2.2,1,3,2,7,16.9,13.3,105,65.6
4510,10,19,2.5,6.2,2.4,1,0,1,7,12.0,3.5,115,71.9
4511,11,19,3.1,6.4,4.2,1,2,0,6,19.9,5.8,99,61.9
4512,12,19,5.9,9.7,2.5,0,2,2,9,10.8,7.0,96,60
4513,13,19,5.4,6.8,3,1,3,2,12,11.9,4.1,100,62.5
4514,14,19,2.8,9.1,3,0,2,2,6,11.3,10.5,90,56.2
4515,15,19,5.9,8.4,3.1,1,4,1,6,24.0,17.6,94,58.8
4516,16,19,3.8,8.7,2.7,0,2,1,8,18.7,7.4,106,66.2
4517,17,19,3.8,8.9,3.8,1,4,2,5,17.8,2.9,94,58.8
4518,18,19,8.1,8.9,3.1,1,2,2,8,21.1,13.2,114,71.2
4519,19,19,5.2,10.1,2.2,1,0,0,11,14.4,19.8,114,71.2
4520,20,19,5.7,6.8,4.2,1,3,2,9,17.2,6.5,97,60.6
4521,21,19,5.7,12.8,4.4,0,2,1,5,16.8,9.1,91,56.9
4522,22,19,2.8,8.8,4.1,0,11,1,5,16.9,9.4,77,48.1
4523,23,19,5.8,5.6,2.5,0,2,0,4,15.3,16.9,108,67.5
4524,24,19,12.7,8.2,4.2,0,1,0,12,14.5,8.2,119,74.4
4525,25,19,3.2,10,3.7,1,6,3,7,21.1,6.7,71,44.4
4526,26,19,7.1,3.2,3.2,0,2,0,6,21.9,14.4,97,60.6
4527,27,19,7.4,13.2,3.5,0,0,0,11,12.5,13.0,118,73.8
4528,28,19,7.4,4.8,3.6,1,2,2,6,16.4,10.5,102,63.8
4529,29,19,4.1,7.8,2.2,0,4,0,6,12.5,9.7,94,58.8
4530,30,19,4.5,5.8,1.9,0,1,1,6,3.9,14.5,106,66.2
4531,31,19,3.2,3.3,2,1,0,5,7,19.8,14.8,81,50.6
4532,32,19,5,5.2,3.7,1,2,1,4,18.3,5.9,105,65.6
4533,33,19,9,6.5,2.8,0,1,2,9,18.4,11.4,104,65
4534,34,19,3.9,7.8,3.8,0,1,0,7,11.3,9.2,77,48.1
4535,35,19,2.3,7.4,2.4,1,1,1,12,14.5,13.1,105,65.6
4536,36,19,5.3,6.6,3.8,1,2,3,10,2.0,4.7,112,70
4537,37,19,7.4,8.5,3.2,0,1,1,7,18.7,4.1,125,78.1
4538,38,19,4.7,0,1.8,1,2,2,10,12.2,11.7,97,60.6
4539,39,19,10.5,12.5,3.4,1,0,0,11,22.7,10.4,133,83.1
4540,40,19,4.8,13.2,2.7,0,0,0,5,18.8,11.7,123,76.9
4541,41,19,5.2,14.5,3.6,0,2,2,5,12.1,12.7,96,60
4542,42,19,3.3,9.7,2.5,1,4,1,5,12.1,11.1,97,60.6
4543,43,19,4.5,5.6,2.9,1,1,0,4,20.5,15.9,101,63.1
4544,44,19,7.3,2.3,2.7,0,0,0,6,13.4,13.4,106,66.2
4545,45,19,7.4,2,2.7,1,0,3,11,16.7,8.4,107,66.9
4546,46,19,8.7,8.3,3.7,0,0,0,10,14.3,10.2,112,70
4547,47,19,7.1,3.2,2.5,0,1,3,7,9.7,12.0,88,55
4548,48,19,6.4,5.1,2.2,0,1,2,8,2.0,9.0,119,74.4
4549,49,19,2.3,8.6,3.5,0,4,0,10,18.3,9.8,82,51.2
4550,50,19,3.7,nan,3.2,1,4,2,12,18.3,10.5,86,53.8
4551,51,19,13.9,15.1,3.6,1,0,1,6,15.4,10.2,134,83.8
4552,52,19,4.2,10.1,2.9,0,3,1,9,11.6,16.7,104,65
4553,53,19,6.8,10.7,2.1,1,1,4,9,19.5,13.8,111,69.4
4554,54,19,5,nan,3.4,1,2,2,9,10.8,9.1,103,64.4
4555,55,19,6.9,8.9,3.9,1,3,0,11,20.2,5.2,117,73.1
4556,56,19,5.3,nan,3.3,0,2,2,10,17.0,9.9,80,50
4557,57,19,3.4,10.1,2.2,0,0,0,7,15.9,13.7,106,66.2
4558,58,19,3.7,4.9,3.2,0,1,3,10,15.6,11.7,79,49.4
4559,59,19,6,9,3.6,1,1,0,4,18.5,11.4,116,72.5
4560,60,19,4.2,4.7,3.7,1,4,0,7,7.1,8.4,108,67.5
4561,61,19,2.3,12.1,2.5,1,1,1,5,12.9,10.5,129,80.6
4562,62,19,6.5,9.5,4.3,0,4,3,6,17.5,10.0,88,55
4563,63,19,8,6.5,2.6,1,0,1,12,15.6,6.0,139,86.9
4564,64,19,7.7,7.3,2.4,0,1,1,7,9.9,17.9,99,61.9
4565,65,19,7.7,6.2,3.7,0,2,1,4,13.8,12.5,95,59.4
4566,66,19,2.8,5.6,3.2,1,3,0,8,10.2,9.1,107,66.9
4567,67,19,10.2,9.8,2.7,1,1,0,4,14.0,8.8,146,91.2
4568,68,19,4.9,11.3,3.4,1,1,2,5,17.3,8.1,112,70
4569,69,19,3.6,12.3,2.2,1,2,2,7,22.9,9.4,111,69.4
4570,70,19,4.3,9.4,3.6,1,9,0,7,14.8,9.2,85,53.1
4571,71,19,3.9,9.1,3.4,0,3,3,6,12.3,5.5,89,55.6
4572,72,19,3.1,5.7,2.2,1,1,3,9,20.1,4.2,106,66.2
4573,73,19,5.1,nan,2.4,0,1,1,8,14.8,13.5,91,56.9
4574,74,19,5.5,11.3,3.9,1,3,0,5,16.9,3.4,112,70
4575,75,19,4.8,8,3.6,1,4,1,11,21.0,5.2,103,64.4
4576,76,19,5.5,10,2.2,0,1,0,5,16.3,8.2,120,75
4577,77,19,4.8,10.8,4.2,0,1,1,7,10.9,10.7,94,58.8
4578,78,19,3.8,9,2.3,0,4,1,5,9.2,8.9,98,61.2
4579,79,19,4.1,0,3.4,1,2,0,12,4.9,0.0,115,71.9
4580,80,19,6.4,1.7,2.2,0,1,0,6,18.9,16.5,111,69.4
4581,81,19,2.9,8.3,2.9,1,3,0,11,19.5,12.4,114,71.2
4582,82,19,4.1,0,2.4,0,2,0,12,23.1,10.4,104,65
4583,83,19,7.6,9.2,3,0,1,1,5,21.0,18.7,107,66.9
4584,84,19,5.7,9.1,2.8,1,2,0,4,20.2,4.4,124,77.5
4585,85,19,6.7,7.8,3.4,0,3,5,4,11.1,15.6,91,56.9
4586,86,19,5.2,10.2,1.4,1,1,1,5,9.0,4.6,131,81.9
4587,87,19,3.2,4.4,3.5,0,1,1,7,23.8,14.5,74,46.2
4588,88,19,4.4,6.5,3,0,3,2,5,20.0,6.6,81,50.6
4589,89,19,5.4,9.3,2.4,0,2,1,12,18.9,12.7,94,58.8
4590,90,19,4.4,10,2.2,1,2,2,8,18.2,11.9,108,67.5
4591,91,19,4.8,0,2.6,0,2,1,11,16.9,9.0,96,60
4592,92,19,5.6,9.5,4.1,1,3,1,4,22.9,13.2,100,62.5
4593,93,19,7.4,7,3.1,1,0,2,5,24.9,12.6,104,65
4594,94,19,4.3,8.4,3.4,0,1,2,8,20.9,9.9,83,51.9
4595,95,19,8.3,8.7,3.1,1,0,0,5,18.4,5.6,136,85
4596,96,19,5.2,9.8,3.2,1,1,0,5,20.6,15.2,108,67.5
4597,97,19,7.7,14.1,3.1,0,1,0,4,14.4,7.8,117,73.1
4598,98,19,8.2,nan,3.3,0,2,0,6,17.8,7.3,121,75.6
4599,99,19,10.5,8.5,4.1,0,1,0,10,20.4,14.5,112,70
4600,100,19,8,8.8,3.2,0,0,1,11,10.4,16.4,107,66.9
4601,101,19,8,8.3,2.3,0,1,2,8,23.6,5.5,100,62.5
4602,102,19,10.3,7.4,2.6,1,0,0,5,11.8,16.3,130,81.2
4603,103,19,2.6,7.9,3.9,0,4,0,8,18.1,19.4,82,51.2
4604,104,19,3.5,9.8,2.5,0,2,1,9,13.4,12.7,93,58.1
4605,105,19,7.9,4.9,3,0,1,1,5,23.3,17.1,88,55
4606,106,19,2.2,8.3,3.4,0,5,0,7,15.9,14.6,85,53.1
4607,107,19,5.6,6.4,3.6,1,0,3,11,11.7,12.1,86,53.8
4608,108,19,5.6,11.7,3,1,2,1,7,15.5,8.0,125,78.1
4609,109,19,2.8,7.9,1.7,0,2,0,8,9.3,1.0,122,76.2
4610,110,19,3.6,6.6,3,1,4,0,11,19.0,9.5,107,66.9
4611,111,19,6.9,7.6,2.4,1,0,0,10,15.3,11.4,130,81.2
4612,112,19,6.6,7.6,3.3,0,0,0,5,17.8,11.9,112,70
4613,113,19,4.1,10.4,3,1,2,1,9,12.5,15.6,103,64.4
4614,114,19,3.7,9.6,2.8,0,9,0,12,12.5,6.9,86,53.8
4615,115,19,3.9,3,2.6,0,4,2,5,10.3,4.5,100,62.5
4616,116,19,6.4,11.4,4,0,1,1,12,18.7,16.2,108,67.5
4617,117,19,3,4.8,2.1,1,2,1,9,21.4,6.7,117,73.1
4618,118,19,5.3,8.3,3.3,0,3,1,10,6.6,5.6,119,74.4
4619,119,19,2.9,9.2,3.1,0,3,2,6,20.5,8.8,90,56.2
4620,120,19,7.6,3.3,3.2,0,0,0,4,6.1,7.3,109,68.1
4621,121,19,5.7,5,3,1,1,0,4,6.9,13.5,130,81.2
4622,122,19,9,2.7,3.4,1,0,0,9,10.5,7.0,126,78.8
4623,123,19,2.2,14.8,4,0,2,1,12,9.2,5.0,91,56.9
4624,124,19,2.4,8,2.9,1,1,1,9,8.8,8.6,102,63.8
4625,125,19,4,12.8,3.5,1,4,0,7,19.2,2.7,101,63.1
4626,126,19,9.7,7,3.8,1,1,2,10,14.8,6.9,115,71.9
4627,127,19,3.3,8.1,2.7,0,3,0,12,15.1,3.5,109,68.1
4628,128,19,9,7.1,3.1,0,2,2,5,22.0,15.2,94,58.8
4629,129,19,5.6,5.8,2.7,0,4,1,4,18.0,8.2,93,58.1
4630,130,19,5.6,8.5,3.4,0,0,0,12,17.7,12.2,114,71.2
4631,131,19,7,6.6,3.6,1,2,0,4,14.2,14.2,121,75.6
4632,132,19,3.5,9.6,2.3,1,1,2,11,8.2,11.2,117,73.1
4633,133,19,4,nan,4,0,3,3,5,12.6,9.9,94,58.8
4634,134,19,3.1,6,2.7,0,3,3,5,18.3,6.2,95,59.4
4635,135,19,5.5,10.6,2.7,0,1,1,6,14.3,11.7,103,64.4
4636,136,19,11.4,6.1,3.4,0,1,0,6,10.1,2.4,127,79.4
4637,137,19,4.5,9.2,3.8,0,5,0,6,15.7,10.2,88,55
4638,138,19,6.5,9.6,2.7,0,0,3,4,13.7,8.4,95,59.4
4639,139,19,6.1,3.3,4,1,2,1,11,10.2,9.1,117,73.1
4640,140,19,5.7,6.5,3.2,0,2,3,11,18.2,21.2,87,54.4
4641,141,19,4.9,8.3,3.3,0,2,0,10,18.6,13.1,97,60.6
4642,142,19,9.2,7.9,2.5,0,0,1,12,11.0,1.3,122,76.2
4643,143,19,5.5,13.4,2.8,0,1,2,12,11.9,6.7,112,70
4644,144,19,4.3,10.3,3.2,0,1,1,12,19.7,9.0,106,66.2
4645,145,19,8.4,6.5,3.6,0,1,1,7,18.1,9.9,108,67.5
4646,146,19,7.4,9.3,2.6,1,2,0,9,22.9,3.7,137,85.6
4647,147,19,6.1,14,4,0,1,1,10,20.5,9.4,109,68.1
4648,148,19,5,9.3,3.2,1,4,3,9,22.3,5.4,91,56.9
4649,149,19,10.5,12.8,3.7,1,0,3,11,11.6,8.0,111,69.4
4650,150,19,5.4,8.9,3.5,0,2,1,10,20.7,13.7,93,58.1
4651,151,19,4.1,3.3,3.8,0,4,1,7,17.6,7.7,74,46.2
4652,152,19,6.9,9.7,2.8,0,0,1,9,11.6,10.5,120,75
4653,153,19,4.7,12.5,3.5,0,3,3,5,18.1,5.3,83,51.9
4654,154,19,5.3,12.8,4.2,1,1,1,12,22.9,19.3,98,61.2
4655,155,19,4.6,11.9,3.8,0,3,1,12,16.6,4.9,101,63.1
4656,156,19,5,8.1,3.1,0,2,0,9,12.4,9.9,100,62.5
4657,157,19,2.7,10.3,2.1,1,0,1,10,20.9,12.5,109,68.1
4658,158,19,3.8,9,3,1,6,1,7,14.7,9.7,88,55
4659,159,19,3.9,nan,2.2,0,4,3,7,16.2,7.5,77,48.1
4660,160,19,4.8,7.9,3,1,1,2,8,18.3,11.6,101,63.1
4661,161,19,6,11,1.7,0,0,0,6,14.3,12.3,124,77.5
4662,162,19,3.5,8.2,4.1,0,1,1,4,13.8,12.6,96,60
4663,163,19,12.7,11,3.8,0,1,0,7,18.5,11.9,132,82.5
4664,164,19,5,6.6,3.4,1,2,0,10,12.8,11.2,101,63.1
4665,165,19,6.3,7,4,1,2,2,6,28.2,11.7,89,55.6
4666,166,19,3.4,10.3,2.6,0,1,0,10,8.5,21.4,100,62.5
4667,167,19,3.7,6.7,3.6,0,0,2,9,16.3,17.0,77,48.1
4668,168,19,10.5,12,4.4,0,0,0,7,23.5,11.5,95,59.4
4669,169,19,7,5.4,2.3,1,0,2,10,19.3,10.8,115,71.9
4670,170,19,5,9.5,2.7,1,2,0,11,16.6,9.8,111,69.4
4671,171,19,3,11.1,3.5,0,4,0,12,18.1,12.0,81,50.6
4672,172,19,10.3,7.8,3.4,1,2,0,10,19.3,6.1,120,75
4673,173,19,3.6,13.6,3.7,0,5,3,4,16.9,10.2,71,44.4
4674,174,19,4.4,7.4,3.6,1,5,0,7,22.3,17.1,101,63.1
4675,175,19,5,12.8,3,1,1,3,8,21.0,12.9,103,64.4
4676,176,19,6.3,12.9,3.6,0,7,2,4,19.3,0.0,91,56.9
4677,177,19,5.4,9.9,3.6,1,8,3,7,11.0,14.9,85,53.1
4678,178,19,5.3,14.3,3,1,2,1,5,15.4,14.1,117,73.1
4679,179,19,12.1,9.5,4.2,1,0,1,8,14.7,8.3,128,80
4680,180,19,5.6,3.2,3.4,0,3,1,5,8.7,10.8,102,63.8
4681,181,19,6.5,8.2,2.7,0,1,1,6,21.1,9.7,94,58.8
4682,182,19,2.9,2.2,2.9,0,5,1,6,16.1,11.1,69,43.1
4683,183,19,7.5,4.5,2.5,1,0,2,12,18.5,15.5,119,74.4
4684,184,19,2.6,5.9,2.5,0,5,2,8,9.0,7.5,89,55.6
4685,185,19,4.1,5.1,3.1,0,2,0,9,25.5,3.4,92,57.5
4686,186,19,14,7.6,2.4,0,0,2,12,12.2,10.5,127,79.4
4687,187,19,3.9,9.9,3.3,0,0,0,4,12.9,5.3,124,77.5
4688,188,19,5.4,7.3,2.8,0,4,1,6,18.2,13.5,103,64.4
4689,189,19,3.3,4.3,3.2,1,2,2,7,14.8,11.5,88,55
4690,190,19,3.3,9.9,3.1,1,3,0,12,23.0,11.2,93,58.1
4691,191,19,8.7,7.1,3.5,0,1,0,10,10.0,14.5,113,70.6
4692,192,19,4.4,4.6,2,1,2,0,10,25.1,12.7,105,65.6
4693,193,19,5.2,10.7,3.7,1,1,0,7,17.0,7.6,110,68.8
4694,194,19,4.7,6,2.8,1,4,1,11,15.1,17.0,93,58.1
4695,195,19,2.9,5.5,2.8,1,4,2,5,14.4,10.7,93,58.1
4696,196,19,5,7.9,2.9,1,4,3,7,17.7,7.7,105,65.6
4697,197,19,8.5,7.8,4.1,0,4,1,7,15.5,13.2,87,54.4
4698,198,19,3.9,9.2,3.6,0,1,0,4,13.9,7.0,94,58.8
4699,199,19,6.5,7.9,3,1,1,2,4,13.5,6.1,118,73.8
4700,200,19,8.6,13.4,3,0,1,1,11,6.6,6.4,133,83.1
4701,201,19,3.2,3,2.1,0,2,4,12,22.7,7.2,90,56.2
4702,202,19,7.8,8.1,3.2,0,1,1,6,15.9,17.9,98,61.2
4703,203,19,2.4,6.6,2.4,0,1,0,4,21.1,12.0,97,60.6
4704,204,19,7.2,13.7,2.5,0,1,1,5,13.1,9.6,134,83.8
4705,205,19,4.6,1.6,2,0,1,0,4,14.5,13.7,92,57.5
4706,206,19,3.3,8.9,3,1,0,1,11,17.8,16.1,101,63.1
4707,207,19,5.1,11.4,3.1,1,2,2,4,23.2,14.7,93,58.1
4708,208,19,4.1,5,4.5,1,4,0,10,15.1,10.1,92,57.5
4709,209,19,2.6,10.7,3,1,1,0,11,25.1,13.0,96,60
4710,210,19,8.4,13.4,3.2,0,0,0,5,20.2,5.0,126,78.8
4711,211,19,8.7,7.2,2.8,0,1,2,6,21.2,12.8,106,66.2
4712,212,19,3.4,10.2,3.5,1,2,1,6,14.3,10.1,101,63.1
4713,213,19,4.5,15.4,3.1,0,1,3,10,13.2,10.1,87,54.4
4714,214,19,4.3,7.5,2.4,1,3,1,12,11.8,13.6,112,70
4715,215,19,4.8,10.3,3.4,0,2,0,10,15.3,3.2,109,68.1
4716,216,19,3.1,9.5,4.1,1,4,0,6,21.1,10.5,86,53.8
4717,217,19,8.1,10.5,3.9,0,1,0,10,5.8,14.7,110,68.8
4718,218,19,5.5,9.8,2.9,0,3,1,10,15.4,11.0,102,63.8
4719,219,19,3.6,5.6,2.2,0,1,1,7,16.2,9.4,103,64.4
4720,220,19,4.4,4.6,3.1,0,1,1,5,16.9,13.3,87,54.4
4721,221,19,3.9,9.8,1.9,1,3,2,6,24.2,12.6,99,61.9
4722,222,19,5,7.2,3.4,1,1,0,11,17.5,3.0,114,71.2
4723,223,19,7.1,9.9,3.1,0,2,1,8,22.4,8.6,106,66.2
4724,224,19,7.2,nan,2.5,1,0,1,5,20.1,15.1,119,74.4
4725,225,19,3.4,4.8,3.4,0,3,1,12,16.2,18.2,80,50
4726,226,19,5.6,7.1,3,0,1,0,8,19.8,6.5,110,68.8
4727,227,19,3.7,8.5,2.6,0,2,1,7,23.5,8.2,100,62.5
4728,228,19,2.6,8.3,3.6,0,4,1,4,21.1,6.4,89,55.6
4729,229,19,3.4,9.7,2.4,0,0,2,9,9.9,8.8,104,65
4730,230,19,5.4,8.1,2.8,0,1,0,8,15.4,8.3,106,66.2
4731,231,19,2.8,13,2.5,0,3,1,5,13.7,11.5,101,63.1
4732,232,19,3.9,5.7,2.9,1,3,2,11,21.7,14.2,82,51.2
4733,233,19,6.5,12.6,3.3,0,0,1,8,14.9,8.6,130,81.2
4734,234,19,4,10.4,2.9,1,3,1,4,10.7,4.3,112,70
4735,235,19,3.9,9.9,3.1,1,2,3,5,16.0,7.8,100,62.5
4736,236,19,3.6,5.3,3.1,0,2,0,6,4.9,8.1,102,63.8
4737,237,19,2.5,9.6,3.7,0,3,0,10,23.0,11.8,90,56.2
4738,238,19,4.8,10.6,3,0,0,1,10,12.1,5.2,112,70
4739,239,19,5.4,11.8,2.6,0,2,0,11,18.1,15.9,102,63.8
4740,240,19,5.6,10.3,3.7,1,3,1,9,16.6,17.0,96,60
4741,241,19,3.5,3.9,1.8,1,2,0,12,20.5,5.1,116,72.5
4742,242,19,3.5,8.3,4,0,4,2,6,5.1,11.0,67,41.9
4743,243,19,7.6,2.8,3.6,0,0,1,9,15.0,6.8,107,66.9
4744,244,19,3.6,12.2,2.9,1,4,1,9,15.9,21.4,102,63.8
4745,245,19,4.7,9,4.2,1,0,0,7,13.3,7.3,113,70.6
4746,246,19,2,10.9,3.1,1,2,0,8,22.7,15.1,113,70.6
4747,247,19,3.4,nan,2.9,1,2,3,10,22.6,4.6,96,60
4748,248,19,3.4,8.8,3,1,3,0,11,9.8,3.0,114,71.2
4749,249,19,2.8,9.5,3.5,0,3,0,12,15.9,2.2,108,67.5
4750,250,19,9.9,6,4.3,0,1,1,6,19.9,9.1,97,60.6
4751,1,20,5.6,8.8,3.3,1,0,2,6,25.4,9.3,96,60
4752,2,20,4.9,13,2.8,0,4,6,4,11.3,7.2,85,53.1
4753,3,20,4.6,1.2,3.2,0,2,2,5,11.7,6.3,90,56.2
4754,4,20,5.7,1.2,3.9,1,2,1,10,20.1,5.3,103,64.4
4755,5,20,4.5,4.2,3.2,1,6,0,9,14.6,11.7,111,69.4
4756,6,20,6.9,8.2,3,1,2,2,6,12.8,19.4,92,57.5
4757,7,20,5.8,7.8,4,0,0,0,7,10.9,11.4,115,71.9
4758,8,20,5.5,9.3,3.7,0,1,0,9,16.0,10.2,112,70
4759,9,20,3.1,5.3,2.6,1,4,1,7,18.2,8.6,106,66.2
4760,10,20,2.6,5.3,3.5,1,3,2,7,9.2,4.4,104,65
4761,11,20,3.2,10.2,3.5,1,5,0,6,2.4,6.8,97,60.6
4762,12,20,6,8.8,2.6,0,3,3,9,19.7,12.7,89,55.6
4763,13,20,5.5,6.6,3.9,1,5,1,12,11.6,6.8,88,55
4764,14,20,2.9,7.3,2.9,1,2,1,6,4.8,4.5,109,68.1
4765,15,20,6,10.7,3.4,1,1,1,6,4.3,16.8,106,66.2
4766,16,20,3.9,3.4,2.1,0,2,1,8,17.7,15.9,107,66.9
4767,17,20,3.9,12.3,3.6,1,2,1,5,16.2,10.8,108,67.5
4768,18,20,8.2,7.6,2.4,1,0,0,8,13.3,13.1,138,86.2
4769,19,20,5.3,8.1,2,1,3,1,11,22.2,8.6,115,71.9
4770,20,20,5.7,8.2,2.8,1,0,1,9,19.1,4.2,117,73.1
4771,21,20,5.8,8.6,2.5,0,1,1,5,23.2,11.8,111,69.4
4772,22,20,2.9,7.5,2.7,0,3,0,5,5.0,8.4,115,71.9
4773,23,20,5.9,3.7,4,0,2,0,4,19.2,13.6,82,51.2
4774,24,20,12.8,9.1,4.1,0,2,0,12,8.1,9.2,120,75
4775,25,20,3.3,8.3,4.2,1,2,0,7,14.8,13.7,101,63.1
4776,26,20,7.2,7.1,1.7,0,0,1,6,19.3,10.6,99,61.9
4777,27,20,7.5,4.9,2.9,0,0,3,11,16.7,4.4,110,68.8
4778,28,20,7.5,7.1,1.8,1,1,1,6,19.9,9.5,110,68.8
4779,29,20,4.1,7.6,3.1,0,4,1,6,20.5,12.0,84,52.5
4780,30,20,4.6,4.1,3.4,0,0,1,6,17.1,3.0,107,66.9
4781,31,20,3.3,4.7,3.4,1,4,0,7,25.3,5.9,102,63.8
4782,32,20,5.1,1.2,4.2,1,3,1,4,15.2,7.6,90,56.2
4783,33,20,9.1,8.2,3.4,0,1,1,9,12.9,10.4,105,65.6
4784,34,20,3.9,7.7,3.4,0,2,2,7,17.4,3.8,88,55
4785,35,20,2.4,9.7,1.9,1,0,1,12,9.6,7.9,125,78.1
4786,36,20,5.3,9.2,2.7,1,0,0,10,21.9,13.7,127,79.4
4787,37,20,7.5,4.9,3.8,0,5,2,7,12.4,8.5,96,60
4788,38,20,4.7,8.2,3.7,1,1,2,10,12.6,15.6,104,65
4789,39,20,10.6,8.3,3.1,1,1,5,11,13.6,15.2,110,68.8
4790,40,20,4.9,7,2.1,0,1,2,5,19.3,13.1,103,64.4
4791,41,20,5.3,7.9,1.9,0,0,0,5,15.5,10.7,116,72.5
4792,42,20,3.4,11.5,3.1,1,0,0,5,13.5,10.4,114,71.2
4793,43,20,4.6,9.8,2.3,1,0,0,4,23.8,12.6,125,78.1
4794,44,20,7.4,14.3,4.7,0,5,0,6,10.7,7.2,103,64.4
4795,45,20,7.5,11.1,2.2,1,0,1,11,18.4,4.3,119,74.4
4796,46,20,8.8,7.8,2.9,1,2,1,10,20.6,13.4,114,71.2
4797,47,20,7.2,11.5,3.4,0,2,1,7,12.2,9.4,89,55.6
4798,48,20,6.5,9.6,3.4,0,2,4,8,18.4,5.8,89,55.6
4799,49,20,2.4,5.4,2.7,0,4,1,10,9.3,8.9,92,57.5
4800,50,20,3.8,7.9,3,1,0,0,12,21.1,10.5,109,68.1
4801,51,20,14,nan,3.1,1,0,1,6,13.5,13.5,132,82.5
4802,52,20,4.2,8.5,3.4,0,3,0,9,9.1,2.1,106,66.2
4803,53,20,6.9,12.4,2.3,1,0,1,9,21.9,13.0,117,73.1
4804,54,20,5.1,11.8,3.2,1,0,0,9,20.7,13.1,123,76.9
4805,55,20,7,9.4,3.8,1,3,1,11,20.5,5.5,106,66.2
4806,56,20,5.4,10.6,4,0,5,1,10,18.6,16.8,82,51.2
4807,57,20,3.5,11.6,2.2,0,1,1,7,17.2,5.8,96,60
4808,58,20,3.8,5.7,3.4,0,4,0,10,12.4,18.4,93,58.1
4809,59,20,6.1,7.9,3.4,1,2,1,4,25.4,10.2,100,62.5
4810,60,20,4.3,2.9,2.7,1,0,0,7,14.6,12.6,105,65.6
4811,61,20,2.4,3.5,2.1,1,1,0,5,12.6,3.9,103,64.4
4812,62,20,6.5,5.7,3.1,0,0,0,6,18.2,8.6,115,71.9
4813,63,20,8,11.5,3.9,1,3,0,12,11.0,9.8,121,75.6
4814,64,20,7.7,9.5,2.9,0,0,0,7,15.1,13.4,103,64.4
4815,65,20,7.8,11.1,2.7,0,2,0,4,11.4,10.2,107,66.9
4816,66,20,2.9,6.7,2.7,1,4,2,8,15.0,7.4,88,55
4817,67,20,10.3,12.9,3.6,1,0,3,4,12.9,11.4,134,83.8
4818,68,20,4.9,10.7,3,1,1,0,5,15.4,8.1,126,78.8
4819,69,20,3.6,10.6,3.1,1,4,0,7,18.2,14.0,116,72.5
4820,70,20,4.4,7.8,4.8,1,7,3,7,20.0,9.1,67,41.9
4821,71,20,3.9,11.5,2.4,0,3,0,6,11.4,4.7,121,75.6
4822,72,20,3.2,5.4,3,1,1,0,9,13.3,11.7,115,71.9
4823,73,20,5.2,12,3,0,1,1,8,18.7,3.3,105,65.6
4824,74,20,5.6,6.7,2.6,1,0,0,5,20.5,3.0,129,80.6
4825,75,20,4.8,5.4,2,1,1,1,11,16.6,14.7,114,71.2
4826,76,20,5.6,6.5,3.9,0,3,3,5,11.4,2.7,93,58.1
4827,77,20,4.9,9.9,3.3,0,1,2,7,12.8,4.0,90,56.2
4828,78,20,3.9,7.5,2.4,0,0,0,5,5.4,14.3,125,78.1
4829,79,20,4.2,10.7,3,1,3,2,12,18.8,3.6,103,64.4
4830,80,20,6.5,9.5,2.7,0,3,2,6,16.5,8.5,110,68.8
4831,81,20,3,8.5,2.7,1,1,0,11,18.9,10.3,111,69.4
4832,82,20,4.2,6.5,2.9,0,2,2,12,15.3,0.0,91,56.9
4833,83,20,7.7,nan,2.2,1,1,2,5,19.2,15.3,125,78.1
4834,84,20,5.8,7.8,3,1,2,2,4,23.5,9.3,104,65
4835,85,20,6.8,6.2,3.1,0,3,0,4,12.2,10.6,111,69.4
4836,86,20,5.2,13.1,4.1,1,3,0,5,19.5,10.0,114,71.2
4837,87,20,3.3,7.9,2.7,0,0,1,7,15.9,13.8,101,63.1
4838,88,20,4.5,8.4,3.6,0,2,2,5,14.7,9.9,83,51.9
4839,89,20,5.5,4.1,3.3,0,2,1,12,16.4,10.6,105,65.6
4840,90,20,4.5,5.7,4.2,1,2,4,8,19.2,7.8,79,49.4
4841,91,20,4.9,7,4.1,0,4,0,11,15.7,2.3,98,61.2
4842,92,20,5.6,6,4.8,1,2,1,4,17.0,4.7,95,59.4
4843,93,20,7.5,16.2,3.6,1,1,3,5,17.1,4.5,109,68.1
4844,94,20,4.4,nan,3.5,0,0,0,8,21.2,9.1,88,55
4845,95,20,8.4,12.3,1.6,1,2,1,5,28.3,14.8,129,80.6
4846,96,20,5.2,11.9,2.7,1,3,2,5,20.5,2.1,114,71.2
4847,97,20,7.8,9.4,1.8,0,1,0,4,20.7,12.4,119,74.4
4848,98,20,8.3,9.1,3.1,0,2,2,6,15.0,7.3,112,70
4849,99,20,10.6,8.2,3.7,0,3,0,10,23.3,12.1,102,63.8
4850,100,20,8.1,8.7,2.5,0,1,0,11,19.8,17.2,113,70.6
4851,101,20,8.1,6,3.2,0,1,1,8,14.9,7.0,113,70.6
4852,102,20,10.4,2.7,3.4,1,0,0,5,15.8,13.7,122,76.2
4853,103,20,2.7,9.8,3.3,0,4,0,8,14.9,9.6,94,58.8
4854,104,20,3.6,3.3,1.6,0,0,1,9,2.0,8.2,112,70
4855,105,20,8,9.3,2.7,0,0,0,5,18.2,20.8,116,72.5
4856,106,20,2.3,3.6,3.2,0,4,0,7,14.3,5.0,82,51.2
4857,107,20,5.7,9,2.4,1,2,1,11,27.1,18.8,100,62.5
4858,108,20,5.7,6.4,2.7,1,1,0,7,14.3,10.9,126,78.8
4859,109,20,2.9,8.6,2.9,0,2,0,8,9.2,7.1,103,64.4
4860,110,20,3.6,10,2.5,1,1,1,11,15.7,16.7,112,70
4861,111,20,7,8.3,3.2,1,5,0,10,10.2,1.9,113,70.6
4862,112,20,6.7,7.1,1.9,0,0,0,5,20.2,9.9,112,70
4863,113,20,4.2,6.1,2.6,1,2,1,9,17.4,4.9,107,66.9
4864,114,20,3.8,13.2,2.5,0,2,0,12,23.4,14.6,95,59.4
4865,115,20,4,6.3,2.6,0,5,2,5,13.2,6.7,81,50.6
4866,116,20,6.5,6.2,3.7,0,3,1,12,12.4,8.2,110,68.8
4867,117,20,3,6.6,3.1,1,0,2,9,4.0,3.6,125,78.1
4868,118,20,5.4,2.1,4.3,0,1,1,10,15.8,4.3,104,65
4869,119,20,3,6.6,2,0,1,0,6,17.9,11.2,108,67.5
4870,120,20,7.7,8.1,4.7,0,5,3,4,21.8,12.0,66,41.2
4871,121,20,5.8,7.2,2.9,1,2,0,4,15.1,4.5,120,75
4872,122,20,9.1,6.3,4,1,1,0,9,17.2,20.7,123,76.9
4873,123,20,2.3,7,3,1,0,1,12,25.2,9.1,98,61.2
4874,124,20,2.4,9.7,2.8,1,1,1,9,14.2,0.2,108,67.5
4875,125,20,4.1,8.2,3.3,1,2,3,7,17.0,6.5,94,58.8
4876,126,20,9.8,9.9,3.2,1,1,0,10,9.3,3.3,136,85
4877,127,20,3.3,4.8,1,0,1,0,12,11.4,13.6,112,70
4878,128,20,9,6.6,3.2,0,2,0,5,20.2,15.2,97,60.6
4879,129,20,5.7,7.5,3.7,0,3,2,4,22.7,12.8,84,52.5
4880,130,20,5.7,6,2.4,0,1,1,12,14.1,8.0,108,67.5
4881,131,20,7.1,5.7,2.2,1,0,3,4,17.9,11.6,102,63.8
4882,132,20,3.5,7.1,2,1,0,3,11,14.4,8.8,104,65
4883,133,20,4.1,5.8,3.4,0,4,1,5,14.6,11.0,82,51.2
4884,134,20,3.2,2.8,3.3,0,6,0,5,16.1,12.6,87,54.4
4885,135,20,5.6,12.3,4.3,0,4,1,6,10.5,13.2,84,52.5
4886,136,20,11.5,5.3,3.5,0,2,1,6,23.1,13.0,109,68.1
4887,137,20,4.6,8.9,1.5,1,1,1,6,16.0,15.4,107,66.9
4888,138,20,6.6,6.1,2.1,0,0,1,4,17.3,11.5,123,76.9
4889,139,20,6.2,2.8,2.6,1,3,3,11,8.5,10.1,104,65
4890,140,20,5.8,8,3.2,0,1,0,11,18.2,10.5,111,69.4
4891,141,20,5,nan,3.6,1,5,1,10,21.9,7.3,98,61.2
4892,142,20,9.3,5.1,3.3,0,1,0,12,18.6,14.5,116,72.5
4893,143,20,5.6,8,2.9,0,3,0,12,15.2,4.9,114,71.2
4894,144,20,4.4,5.6,3.6,0,1,1,12,9.3,4.7,101,63.1
4895,145,20,8.4,12.5,2,0,0,1,7,18.6,6.5,119,74.4
4896,146,20,7.5,8.6,3.1,1,1,2,9,10.1,10.5,115,71.9
4897,147,20,6.1,8.5,2.2,0,0,0,10,15.0,2.7,116,72.5
4898,148,20,5.1,11.4,2.8,1,0,1,9,19.4,10.1,125,78.1
4899,149,20,10.5,7.4,3.7,1,2,0,11,20.5,10.1,121,75.6
4900,150,20,5.4,8,3.2,0,4,1,10,16.2,15.1,93,58.1
4901,151,20,4.2,8.2,1.9,1,0,0,7,13.5,9.4,114,71.2
4902,152,20,7,5.6,3.9,0,3,2,9,18.1,8.1,94,58.8
4903,153,20,4.8,8.9,3.9,0,1,3,5,16.1,14.3,88,55
4904,154,20,5.4,6.5,3.3,1,1,1,12,4.9,16.0,108,67.5
4905,155,20,4.7,6.6,3.2,0,1,0,12,16.2,3.7,117,73.1
4906,156,20,5.1,6.1,3.1,0,1,0,9,15.3,10.3,106,66.2
4907,157,20,2.8,4.5,1.4,1,2,0,10,24.4,14.0,102,63.8
4908,158,20,3.8,8,2.9,1,1,0,7,11.8,12.7,108,67.5
4909,159,20,4,12.6,3.1,0,2,1,7,3.4,11.9,88,55
4910,160,20,4.9,6,4.4,1,4,0,8,19.1,17.0,89,55.6
4911,161,20,6.1,5.4,2.7,0,0,0,6,17.1,1.9,113,70.6
4912,162,20,3.6,9,3,0,2,1,4,6.1,6.6,104,65
4913,163,20,12.8,nan,5,0,3,1,7,17.7,14.9,110,68.8
4914,164,20,5.1,6.2,3.6,1,2,0,10,8.1,8.8,121,75.6
4915,165,20,6.4,9.8,3.5,1,2,2,6,30.3,12.3,103,64.4
4916,166,20,3.4,5.6,2.4,0,4,1,10,13.4,15.0,95,59.4
4917,167,20,3.8,7.4,3.1,0,2,1,9,20.0,15.5,92,57.5
4918,168,20,10.6,10.5,4.6,0,2,2,7,13.4,9.2,101,63.1
4919,169,20,7.1,2.9,3.9,1,4,1,10,5.4,15.2,101,63.1
4920,170,20,5.1,7.4,2.6,1,0,1,11,16.2,8.0,111,69.4
4921,171,20,3.1,3.5,1.7,0,1,0,12,15.4,15.0,101,63.1
4922,172,20,10.4,12.3,4.5,1,2,0,10,12.9,16.2,128,80
4923,173,20,3.7,6,1.2,0,1,0,4,17.9,17.8,102,63.8
4924,174,20,4.5,4.9,2.1,1,0,1,7,14.6,7.7,127,79.4
4925,175,20,5.1,11.4,3.5,1,1,0,8,13.2,6.3,125,78.1
4926,176,20,6.4,5.9,3.9,0,3,0,4,10.6,4.4,95,59.4
4927,177,20,5.5,11.8,3.3,1,1,1,7,16.6,9.2,122,76.2
4928,178,20,5.4,2.7,3.5,1,2,1,5,5.2,4.1,108,67.5
4929,179,20,12.1,6.9,4.2,1,1,1,8,5.8,6.3,125,78.1
4930,180,20,5.7,8.3,2.7,0,1,2,5,16.1,1.4,117,73.1
4931,181,20,6.6,7,3.8,0,3,1,6,18.3,7.9,96,60
4932,182,20,3,10.6,4.5,0,3,3,6,15.5,9.3,76,47.5
4933,183,20,7.6,9.7,3.7,1,2,2,12,8.6,10.5,111,69.4
4934,184,20,2.7,9.6,3.2,0,2,1,8,12.4,7.4,93,58.1
4935,185,20,4.1,7.6,3.3,0,2,1,9,13.1,12.9,101,63.1
4936,186,20,14.1,5.7,4.7,0,1,2,12,9.1,10.0,107,66.9
4937,187,20,4,12.5,1.9,0,3,2,4,9.5,3.9,114,71.2
4938,188,20,5.4,3,3.6,0,4,2,6,18.6,10.4,85,53.1
4939,189,20,3.4,nan,3.4,1,2,0,7,25.9,8.4,98,61.2
4940,190,20,3.4,9.8,3.3,1,1,1,12,23.2,18.2,104,65
4941,191,20,8.8,7.3,2.9,0,0,0,10,11.8,9.4,129,80.6
4942,192,20,4.5,9.5,3.7,1,3,0,10,21.1,9.8,99,61.9
4943,193,20,5.3,4.8,3.7,1,2,2,7,10.0,6.8,84,52.5
4944,194,20,4.8,4,2.6,1,1,1,11,18.7,8.6,111,69.4
4945,195,20,3,6.3,2.7,1,1,3,5,14.1,12.8,89,55.6
4946,196,20,5.1,11.8,3.1,1,1,0,7,17.0,7.7,121,75.6
4947,197,20,8.6,10.7,4.3,0,2,3,7,15.1,3.0,94,58.8
4948,198,20,4,7.1,4.3,0,5,1,4,22.5,6.5,79,49.4
4949,199,20,6.6,6.1,2.8,1,1,3,4,15.4,19.5,92,57.5
4950,200,20,8.7,8.3,4.1,0,2,1,11,16.2,13.0,115,71.9
4951,201,20,3.3,nan,3,0,0,1,12,13.6,8.3,94,58.8
4952,202,20,7.9,8.1,2.5,1,0,1,6,13.8,5.3,130,81.2
4953,203,20,2.5,4.5,2.9,0,2,0,4,15.7,13.4,92,57.5
4954,204,20,7.2,5.5,4.5,1,4,2,5,15.6,5.3,92,57.5
4955,205,20,4.7,6.3,3.3,0,1,0,4,10.8,14.8,107,66.9
4956,206,20,3.4,11.8,3.3,1,4,2,11,16.7,11.7,92,57.5
4957,207,20,5.2,nan,2.9,1,3,0,4,18.9,12.3,101,63.1
4958,208,20,4.2,6.3,3,1,2,1,10,15.5,13.8,105,65.6
4959,209,20,2.7,8.9,3.4,1,2,1,11,16.8,2.3,101,63.1
4960,210,20,8.5,5.9,3.5,0,1,0,5,16.3,12.8,112,70
4961,211,20,8.8,6.7,4.1,0,1,0,6,22.2,12.2,99,61.9
4962,212,20,3.5,9.1,3.1,1,1,0,6,20.0,12.8,114,71.2
4963,213,20,4.6,4.6,3.6,0,3,0,10,9.3,12.6,99,61.9
4964,214,20,4.4,13,2.2,1,1,3,12,20.6,10.4,108,67.5
4965,215,20,4.9,5.1,4.2,1,3,1,10,10.9,8.2,92,57.5
4966,216,20,3.2,12.1,2.6,1,5,1,6,18.0,12.4,106,66.2
4967,217,20,8.2,7.6,2.8,0,3,1,10,20.3,11.2,101,63.1
4968,218,20,5.6,4.6,2.5,0,4,1,10,5.9,6.1,99,61.9
4969,219,20,3.6,10.8,4.1,0,7,0,7,17.8,7.7,76,47.5
4970,220,20,4.4,6.2,2.9,0,5,0,5,15.4,5.9,86,53.8
4971,221,20,4,6.5,2.9,1,2,1,6,10.6,6.1,113,70.6
4972,222,20,5.1,6.9,4,1,1,1,11,22.2,13.9,105,65.6
4973,223,20,7.2,15.2,2.9,0,0,1,8,11.5,9.3,124,77.5
4974,224,20,7.3,11.9,2.5,1,1,4,5,13.2,8.5,108,67.5
4975,225,20,3.5,7.4,2.9,0,1,2,12,17.5,14.6,87,54.4
4976,226,20,5.7,11.3,4.7,0,1,0,8,15.2,2.0,118,73.8
4977,227,20,3.7,8.9,3,0,4,1,7,13.7,9.0,98,61.2
4978,228,20,2.7,17,3.6,0,3,0,4,19.1,6.4,110,68.8
4979,229,20,3.5,15.1,3.1,0,0,0,9,21.8,16.2,96,60
4980,230,20,5.4,nan,1.4,0,0,1,8,16.1,8.1,117,73.1
4981,231,20,2.9,7.9,3.3,0,4,1,5,4.8,3.1,89,55.6
4982,232,20,4,7.5,2.8,1,3,1,11,15.8,9.0,93,58.1
4983,233,20,6.6,5.3,2.9,0,2,1,8,11.2,1.3,111,69.4
4984,234,20,4.1,8.6,3.4,1,2,0,4,16.7,7.1,116,72.5
4985,235,20,4,12.1,2.5,1,1,0,5,7.1,18.9,104,65
4986,236,20,3.6,16.9,2.7,0,1,1,6,28.6,7.7,107,66.9
4987,237,20,2.6,11.6,3,0,1,0,10,15.5,4.8,115,71.9
4988,238,20,4.8,8.6,3.9,0,4,1,10,14.1,11.1,99,61.9
4989,239,20,5.5,7,2.4,0,1,1,11,21.1,14.0,108,67.5
4990,240,20,5.7,7.6,2.8,1,0,0,9,31.2,13.2,104,65
4991,241,20,3.5,9.7,2.9,1,2,1,12,20.4,12.9,105,65.6
4992,242,20,3.6,8.2,2.5,0,3,1,6,17.6,2.6,109,68.1
4993,243,20,7.7,3.9,4.3,0,1,0,9,14.9,14.0,109,68.1
4994,244,20,3.7,3.2,3.7,1,2,1,9,16.1,19.7,92,57.5
4995,245,20,4.8,9.3,2.9,1,1,0,7,13.5,11.9,118,73.8
4996,246,20,2.1,4.1,3.2,1,1,1,8,9.8,0.0,107,66.9
4997,247,20,3.5,5.2,3.3,1,4,3,10,14.4,9.4,78,48.8
4998,248,20,3.5,5.1,2,1,1,1,11,9.7,13.1,109,68.1
4999,249,20,2.9,6.2,2.2,1,0,1,12,13.2,5.8,121,75.6
5000,250,20,10,6.6,4.4,1,2,1,6,8.2,15.5,112,70
5001,1,21,5.7,8.4,3.1,1,5,1,6,18.8,14.4,95,59.4
5002,2,21,5,8,3.3,0,6,2,4,15.1,6.5,86,53.8
5003,3,21,4.7,6.9,2.7,0,1,0,5,15.4,8.9,112,70
5004,4,21,5.8,7.4,2.7,1,2,0,10,13.3,6.3,117,73.1
5005,5,21,4.6,10.2,1.9,1,1,3,9,30.0,8.0,114,71.2
5006,6,21,7,10.7,2.7,1,0,2,6,25.2,9.8,109,68.1
5007,7,21,5.9,7.2,3.2,0,3,2,7,9.7,14.8,94,58.8
5008,8,21,5.6,7.6,3.3,0,1,0,9,15.8,17.5,111,69.4
5009,9,21,3.2,8.1,2,1,1,1,7,14.4,5.3,107,66.9
5010,10,21,2.6,11.5,2.6,1,4,3,7,7.8,0.0,108,67.5
5011,11,21,3.3,0.7,3,1,3,1,6,11.0,10.7,88,55
5012,12,21,6.1,9.4,3.8,0,4,0,9,18.2,3.9,97,60.6
5013,13,21,5.5,7.6,1.7,1,1,0,12,11.6,9.4,129,80.6
5014,14,21,3,0,3,1,2,1,6,21.0,13.4,94,58.8
5015,15,21,6,10.6,3.2,1,4,0,6,21.1,16.4,111,69.4
5016,16,21,4,13.9,2.6,0,4,0,8,20.8,9.1,111,69.4
5017,17,21,4,5.6,3.9,1,3,1,5,13.2,10.4,90,56.2
5018,18,21,8.2,nan,2.6,1,0,1,8,14.2,0.3,129,80.6
5019,19,21,5.4,9.1,1.6,1,1,2,11,17.7,1.2,120,75
5020,20,21,5.8,1.3,3.6,1,3,0,9,17.5,8.7,109,68.1
5021,21,21,5.9,5.3,3.5,0,6,0,5,15.2,12.2,84,52.5
5022,22,21,2.9,3.9,4.4,0,3,0,5,13.9,14.4,75,46.9
5023,23,21,6,3.8,2.1,0,2,1,4,24.8,8.2,100,62.5
5024,24,21,12.8,2.4,3.9,0,1,1,12,15.7,6.9,119,74.4
5025,25,21,3.4,10,2.9,1,1,1,7,17.3,1.7,117,73.1
5026,26,21,7.3,10.8,2.8,1,3,5,6,11.5,0.0,102,63.8
5027,27,21,7.6,4.7,4.5,0,5,2,11,6.9,2.4,95,59.4
5028,28,21,7.5,10.4,2.9,1,3,0,6,13.5,3.8,120,75
5029,29,21,4.2,13.1,3.5,1,2,1,6,16.1,11.8,105,65.6
5030,30,21,4.6,10.5,3,0,3,0,6,10.9,8.1,102,63.8
5031,31,21,3.4,14.9,2.6,1,0,0,7,20.0,11.6,105,65.6
5032,32,21,5.2,0.7,2.2,1,3,4,4,5.0,3.2,105,65.6
5033,33,21,9.2,6.4,3.6,0,3,0,9,10.7,0.0,107,66.9
5034,34,21,4,nan,3.7,0,3,0,7,21.8,8.9,104,65
5035,35,21,2.5,7.3,3.3,1,2,1,12,19.0,15.9,99,61.9
5036,36,21,5.4,10.1,4,1,4,0,10,15.4,2.3,119,74.4
5037,37,21,7.6,7.9,3.6,0,1,2,7,11.4,5.4,113,70.6
5038,38,21,4.8,nan,3.1,1,0,1,10,14.5,0.0,117,73.1
5039,39,21,10.7,8.1,3.3,1,1,2,11,9.3,2.1,129,80.6
5040,40,21,5,9.4,3,0,1,0,5,8.0,11.1,121,75.6
5041,41,21,5.4,13.5,2.2,0,2,2,5,14.4,10.8,106,66.2
5042,42,21,3.5,6.3,2.9,1,3,0,5,22.5,9.9,91,56.9
5043,43,21,4.7,10.9,2.7,1,2,1,4,20.3,7.9,114,71.2
5044,44,21,7.5,5,4,0,1,0,6,12.3,15.7,110,68.8
5045,45,21,7.5,8.8,2.7,1,2,1,11,11.2,10.6,115,71.9
5046,46,21,8.8,5.1,2.9,1,2,1,10,19.7,11.7,107,66.9
5047,47,21,7.3,9.4,3.6,0,4,5,7,15.7,9.7,65,40.6
5048,48,21,6.6,4.3,1.4,0,0,1,8,13.5,2.4,116,72.5
5049,49,21,2.5,12.1,2.4,0,0,1,10,22.6,9.4,103,64.4
5050,50,21,3.8,7,2.7,1,1,1,12,19.0,10.3,112,70
5051,51,21,14.1,9.3,3.3,1,0,1,6,13.7,11.2,154,96.2
5052,52,21,4.3,9,3.7,0,3,2,9,10.4,1.2,84,52.5
5053,53,21,7,9.2,2.6,1,0,3,9,17.8,5.8,111,69.4
5054,54,21,5.2,11.4,2.6,1,4,2,9,20.3,6.6,109,68.1
5055,55,21,7.1,8.1,3.3,1,3,1,11,13.9,9.8,111,69.4
5056,56,21,5.5,12.7,3.7,0,1,0,10,21.6,8.2,111,69.4
5057,57,21,3.6,8.2,3.7,0,2,0,7,21.6,8.7,98,61.2
5058,58,21,3.9,4.9,2.5,0,1,0,10,22.8,10.5,108,67.5
5059,59,21,6.2,5.8,3.4,1,1,1,4,17.0,5.5,113,70.6
5060,60,21,4.4,11,3.3,1,1,1,7,21.3,16.0,100,62.5
5061,61,21,2.5,8.9,4,1,2,0,5,23.6,12.2,97,60.6
5062,62,21,6.6,11.1,2.6,0,1,1,6,16.6,7.0,119,74.4
5063,63,21,8.1,0.8,4.1,1,3,2,12,12.9,16.1,99,61.9
5064,64,21,7.8,9.9,2.6,0,1,1,7,15.8,18.6,106,66.2
5065,65,21,7.9,9.4,2.7,1,1,1,4,15.7,12.3,130,81.2
5066,66,21,3,7.7,3.4,1,3,1,8,9.8,0.0,97,60.6
5067,67,21,10.3,8.9,2.6,1,2,1,4,12.0,13.2,143,89.4
5068,68,21,5,5.9,2.5,1,2,0,5,18.5,10.4,127,79.4
5069,69,21,3.7,3.2,3.6,1,1,0,7,7.6,20.7,94,58.8
5070,70,21,4.5,9.6,2.5,1,1,1,7,21.7,13.2,122,76.2
5071,71,21,4,6.3,2.9,0,0,1,6,19.2,14.2,110,68.8
5072,72,21,3.3,8.7,4,1,2,0,9,11.2,11.0,113,70.6
5073,73,21,5.3,8.5,3.4,0,4,0,8,18.8,16.0,96,60
5074,74,21,5.7,5.1,3,1,0,0,5,15.6,17.7,120,75
5075,75,21,4.9,12,3.3,1,2,1,11,20.7,9.4,115,71.9
5076,76,21,5.7,6.2,4.5,0,2,3,5,20.0,2.2,85,53.1
5077,77,21,5,8.4,1.3,0,0,1,7,10.6,10.4,110,68.8
5078,78,21,4,10.6,3.1,0,1,1,5,19.3,11.9,99,61.9
5079,79,21,4.2,9.2,2.8,1,1,0,12,14.5,9.8,117,73.1
5080,80,21,6.6,8.6,1.7,0,0,1,6,13.9,2.4,129,80.6
5081,81,21,3.1,11.8,1.7,1,4,1,11,11.1,2.2,115,71.9
5082,82,21,4.3,11.4,3.5,0,5,1,12,25.7,8.2,83,51.9
5083,83,21,7.8,6.2,3.4,1,0,0,5,20.5,12.5,125,78.1
5084,84,21,5.8,11.5,3.5,1,5,0,4,13.2,17.4,105,65.6
5085,85,21,6.9,11.6,3.4,0,1,1,4,7.7,11.9,117,73.1
5086,86,21,5.3,7.9,4.2,1,3,2,5,17.0,16.9,83,51.9
5087,87,21,3.4,9.5,2.8,0,1,1,7,19.0,10.4,96,60
5088,88,21,4.5,6.9,2.9,0,1,0,5,16.9,2.4,106,66.2
5089,89,21,5.6,8.9,3.6,0,0,0,12,20.8,6.7,112,70
5090,90,21,4.5,9,2.7,1,3,3,8,17.7,6.6,108,67.5
5091,91,21,5,nan,2.4,0,1,1,11,18.5,10.2,104,65
5092,92,21,5.7,11.7,3.1,1,1,0,4,21.7,8.5,117,73.1
5093,93,21,7.6,12.4,2.1,1,0,0,5,17.9,10.4,135,84.4
5094,94,21,4.4,10,3.1,0,5,1,8,9.7,12.6,89,55.6
5095,95,21,8.5,9,1.8,1,0,1,5,11.9,10.4,147,91.9
5096,96,21,5.3,5.7,2.7,1,0,2,5,19.4,6.8,118,73.8
5097,97,21,7.9,4.5,3.2,0,3,0,4,12.2,0.0,121,75.6
5098,98,21,8.4,10.3,4.4,0,1,0,6,15.3,4.6,123,76.9
5099,99,21,10.6,5.6,3.9,0,0,0,10,12.6,8.3,125,78.1
5100,100,21,8.2,5.7,3.1,0,1,0,11,15.7,20.1,92,57.5
5101,101,21,8.2,4.8,2.6,0,2,0,8,15.1,7.6,114,71.2
5102,102,21,10.5,12.7,2.5,1,0,0,5,19.3,13.7,135,84.4
5103,103,21,2.8,7.8,2.5,0,2,2,8,13.4,11.9,89,55.6
5104,104,21,3.7,7.3,4.2,0,3,1,9,14.8,10.2,84,52.5
5105,105,21,8.1,8.3,3,0,1,1,5,11.6,14.1,111,69.4
5106,106,21,2.4,4.8,1.8,0,1,0,7,21.7,7.7,102,63.8
5107,107,21,5.8,9.1,2.2,1,0,2,11,14.2,7.2,119,74.4
5108,108,21,5.8,8.1,2.8,1,2,3,7,22.8,9.4,105,65.6
5109,109,21,3,7.5,2.2,1,1,3,8,22.8,6.4,104,65
5110,110,21,3.7,3.2,1.4,1,1,0,11,16.3,13.2,114,71.2
5111,111,21,7,7.4,2.4,1,2,1,10,11.3,7.4,117,73.1
5112,112,21,6.7,12.8,4.1,1,2,0,5,3.8,8.7,125,78.1
5113,113,21,4.3,6.8,2.5,1,0,2,9,13.8,14.5,88,55
5114,114,21,3.9,8.7,3.4,0,2,0,12,12.2,14.0,85,53.1
5115,115,21,4,11.5,2.4,0,4,0,5,23.8,9.3,98,61.2
5116,116,21,6.6,5.6,2,0,2,1,12,15.2,7.7,113,70.6
5117,117,21,3.1,6.6,3.2,1,2,2,9,18.5,10.9,93,58.1
5118,118,21,5.5,8.7,3.8,0,3,1,10,2.5,8.4,105,65.6
5119,119,21,3.1,nan,3.3,0,2,1,6,8.1,4.5,95,59.4
5120,120,21,7.8,4.8,4.7,0,2,0,4,9.1,8.9,103,64.4
5121,121,21,5.9,5.4,3.1,1,2,4,4,21.0,17.4,93,58.1
5122,122,21,9.2,8.6,3.4,1,1,1,9,17.9,6.2,119,74.4
5123,123,21,2.3,5.3,2.8,1,1,0,12,17.3,11.8,97,60.6
5124,124,21,2.5,5.7,2.9,1,2,0,9,17.5,2.2,109,68.1
5125,125,21,4.2,8.6,3,1,4,1,7,20.8,8.3,115,71.9
5126,126,21,9.9,10,3.6,1,1,2,10,18.4,8.6,104,65
5127,127,21,3.4,9.1,1.7,0,0,2,12,16.1,8.7,105,65.6
5128,128,21,9.1,7.3,3.4,0,0,1,5,18.7,10.1,106,66.2
5129,129,21,5.8,5.7,3.2,0,1,1,4,28.8,12.1,96,60
5130,130,21,5.8,8.3,3.7,0,3,0,12,2.0,1.6,126,78.8
5131,131,21,7.2,5,3.3,1,4,3,4,17.3,5.3,106,66.2
5132,132,21,3.6,4.4,2.1,1,1,2,11,16.5,17.1,100,62.5
5133,133,21,4.2,6.8,3.3,0,5,0,5,16.4,9.0,101,63.1
5134,134,21,3.3,9.8,1,1,0,5,5,14.6,9.2,99,61.9
5135,135,21,5.6,8.3,3.7,1,5,2,6,16.3,9.4,92,57.5
5136,136,21,11.5,4.9,3,0,0,0,6,21.6,19.0,116,72.5
5137,137,21,4.6,6.8,2.3,1,0,0,6,28.9,6.5,130,81.2
5138,138,21,6.7,10.9,2.9,0,1,1,4,21.3,8.3,105,65.6
5139,139,21,6.3,7.8,4.2,1,2,1,11,12.8,7.9,100,62.5
5140,140,21,5.9,11.6,3,0,1,0,11,11.0,4.9,124,77.5
5141,141,21,5,6.2,2.6,1,3,1,10,14.6,8.5,103,64.4
5142,142,21,9.3,5,3.5,0,1,1,12,3.5,1.2,124,77.5
5143,143,21,5.7,4,4.9,0,3,1,12,15.5,6.4,77,48.1
5144,144,21,4.5,7.5,2.6,0,5,1,12,18.6,6.0,95,59.4
5145,145,21,8.5,3.3,3.2,0,4,1,7,12.1,15.2,89,55.6
5146,146,21,7.5,5.4,2.1,1,2,3,9,25.6,12.9,91,56.9
5147,147,21,6.2,8.8,3.8,0,5,2,10,22.0,12.8,70,43.8
5148,148,21,5.2,11.7,3.7,1,1,1,9,13.0,15.6,108,67.5
5149,149,21,10.6,11.6,2.6,1,1,2,11,17.2,17.2,121,75.6
5150,150,21,5.5,10.2,3.6,1,6,2,10,20.1,5.1,109,68.1
5151,151,21,4.3,nan,1.6,1,0,1,7,17.3,14.2,115,71.9
5152,152,21,7,9.4,3,0,0,1,9,18.7,6.4,115,71.9
5153,153,21,4.9,10,2.6,0,1,2,5,17.2,7.4,97,60.6
5154,154,21,5.5,5.4,4,1,5,1,12,17.5,15.7,81,50.6
5155,155,21,4.8,13.7,4.5,0,2,0,12,16.7,9.4,96,60
5156,156,21,5.1,4.7,3.8,0,1,0,9,16.5,11.4,85,53.1
5157,157,21,2.9,5.8,3.7,1,2,1,10,7.3,8.2,89,55.6
5158,158,21,3.9,12.3,2.6,1,2,2,7,28.4,8.9,97,60.6
5159,159,21,4.1,4.8,2.7,0,3,0,7,16.1,11.0,100,62.5
5160,160,21,4.9,10.8,2.7,1,2,1,8,18.6,5.0,110,68.8
5161,161,21,6.2,10.6,2.2,0,0,0,6,11.3,9.8,139,86.9
5162,162,21,3.7,12,4.4,0,3,1,4,11.3,6.4,93,58.1
5163,163,21,12.9,5.3,4.5,0,2,0,7,14.8,9.1,116,72.5
5164,164,21,5.2,7.7,2.3,1,1,0,10,6.6,3.0,127,79.4
5165,165,21,6.5,nan,3.1,1,1,2,6,9.9,7.5,101,63.1
5166,166,21,3.5,8.7,3,0,2,2,10,30.3,13.1,76,47.5
5167,167,21,3.8,10.9,3.9,0,7,1,9,11.5,10.4,73,45.6
5168,168,21,10.7,7,2.9,0,2,0,7,13.1,12.2,111,69.4
5169,169,21,7.2,11.1,2.2,1,1,0,10,12.0,14.4,138,86.2
5170,170,21,5.2,11.2,2.8,1,2,1,11,18.0,6.4,131,81.9
5171,171,21,3.2,10.9,2.2,0,1,2,12,20.5,11.2,80,50
5172,172,21,10.5,14.7,2.3,1,0,1,10,7.8,4.8,150,93.8
5173,173,21,3.8,1.7,2.7,0,2,4,4,24.2,14.4,70,43.8
5174,174,21,4.6,4.1,2.6,1,1,2,7,20.9,16.6,99,61.9
5175,175,21,5.2,6.5,3.3,1,1,0,8,18.6,11.0,113,70.6
5176,176,21,6.4,3.4,2.8,0,2,1,4,19.2,12.7,102,63.8
5177,177,21,5.6,8.9,2.7,1,1,3,7,26.9,11.4,110,68.8
5178,178,21,5.5,1.9,1.3,1,0,0,5,24.1,13.5,136,85
5179,179,21,12.2,13,3.3,1,0,1,8,11.7,0.7,142,88.8
5180,180,21,5.8,4.8,3.4,0,1,0,5,22.3,11.1,110,68.8
5181,181,21,6.7,5.9,1.9,0,2,1,6,19.1,15.6,104,65
5182,182,21,3.1,nan,3.8,0,7,0,6,30.7,14.7,71,44.4
5183,183,21,7.7,11.9,4.4,1,3,1,12,22.1,7.8,92,57.5
5184,184,21,2.8,6,1.7,0,2,0,8,8.1,7.1,102,63.8
5185,185,21,4.2,6.9,1.7,0,0,0,9,14.6,6.1,116,72.5
5186,186,21,14.1,9.1,3.6,1,1,1,12,10.8,5.7,140,87.5
5187,187,21,4,5.6,3.7,0,2,1,4,21.9,9.7,82,51.2
5188,188,21,5.5,11.5,3.6,1,2,1,6,25.5,15.0,91,56.9
5189,189,21,3.5,11.2,3,1,2,2,7,7.8,15.4,95,59.4
5190,190,21,3.5,12.6,3.7,1,2,1,12,17.1,15.5,98,61.2
5191,191,21,8.9,7.1,3.2,0,1,2,10,22.9,7.9,100,62.5
5192,192,21,4.6,2.9,3.8,1,2,1,10,16.0,7.4,93,58.1
5193,193,21,5.4,4.9,2.8,1,1,2,7,17.8,13.6,114,71.2
5194,194,21,4.9,9.3,3.2,1,2,1,11,16.2,11.1,114,71.2
5195,195,21,3.1,14.6,3.1,1,3,2,5,19.1,11.4,96,60
5196,196,21,5.2,5.8,2.7,1,0,0,7,15.6,12.8,115,71.9
5197,197,21,8.7,nan,3.2,0,1,2,7,16.1,5.2,109,68.1
5198,198,21,4,13.1,3.1,0,0,1,4,9.0,8.6,111,69.4
5199,199,21,6.7,9.2,3.1,1,3,2,4,6.9,8.4,124,77.5
5200,200,21,8.8,6.2,3.3,1,2,1,11,15.7,4.8,132,82.5
5201,201,21,3.4,13,3.1,0,2,1,12,18.5,13.6,87,54.4
5202,202,21,8,7.9,3,1,2,1,6,14.4,2.7,122,76.2
5203,203,21,2.6,10.2,2.8,0,3,1,4,18.2,11.4,75,46.9
5204,204,21,7.3,8.2,2.8,1,3,1,5,12.4,5.1,124,77.5
5205,205,21,4.8,7.8,3.9,0,3,2,4,21.4,8.5,85,53.1
5206,206,21,3.5,nan,2.7,1,5,1,11,18.0,7.5,96,60
5207,207,21,5.3,2.3,3.4,1,2,1,4,17.5,9.1,89,55.6
5208,208,21,4.3,6.1,3.1,1,1,0,10,13.4,11.7,94,58.8
5209,209,21,2.8,9.5,4.1,1,4,1,11,20.0,3.9,89,55.6
5210,210,21,8.6,8.8,4,0,2,0,5,14.7,12.0,110,68.8
5211,211,21,8.9,nan,3.8,0,1,2,6,11.2,13.2,97,60.6
5212,212,21,3.6,9.1,2.5,1,4,0,6,17.6,11.2,102,63.8
5213,213,21,4.6,14.4,2.6,0,0,0,10,23.4,2.4,117,73.1
5214,214,21,4.5,10.5,3.7,1,2,1,12,13.2,3.6,116,72.5
5215,215,21,5,10,2.9,1,2,0,10,17.7,11.7,114,71.2
5216,216,21,3.3,2.4,2.3,1,3,2,6,10.6,8.2,95,59.4
5217,217,21,8.2,5.3,3.1,0,4,0,10,15.9,8.5,100,62.5
5218,218,21,5.7,7.1,3.5,0,2,2,10,20.2,10.8,87,54.4
5219,219,21,3.7,3.8,3.2,0,2,0,7,6.7,10.0,102,63.8
5220,220,21,4.5,1.7,2.5,0,4,1,5,12.9,0.2,108,67.5
5221,221,21,4,8.2,2.8,1,3,1,6,17.6,13.4,100,62.5
5222,222,21,5.1,4.4,4.5,1,6,1,11,15.5,6.0,88,55
5223,223,21,7.3,5.6,2.5,0,3,0,8,22.8,12.0,101,63.1
5224,224,21,7.3,7.9,3.5,1,1,1,5,18.6,10.5,111,69.4
5225,225,21,3.6,7.1,4.6,1,3,1,12,27.0,11.4,73,45.6
5226,226,21,5.8,9.4,2.2,1,0,0,8,8.9,3.5,137,85.6
5227,227,21,3.8,8.4,2.6,0,2,1,7,15.2,7.4,105,65.6
5228,228,21,2.8,9.9,2.9,0,5,3,4,15.1,15.5,85,53.1
5229,229,21,3.6,9.1,2.7,0,3,1,9,11.8,5.5,91,56.9
5230,230,21,5.5,4.6,2.8,1,1,2,8,22.6,18.8,98,61.2
5231,231,21,3,9.5,1.5,0,0,2,5,29.0,10.5,98,61.2
5232,232,21,4.1,9.3,3.8,1,8,2,11,18.1,12.5,72,45
5233,233,21,6.7,4,3.5,0,4,0,8,16.4,3.7,105,65.6
5234,234,21,4.1,10.9,3.1,1,3,1,4,17.8,8.0,100,62.5
5235,235,21,4.1,8.4,2.9,1,2,3,5,12.1,7.2,101,63.1
5236,236,21,3.7,7.2,3.8,1,3,2,6,7.5,5.9,91,56.9
5237,237,21,2.6,11.3,2.7,0,1,2,10,10.7,7.2,103,64.4
5238,238,21,4.9,6,2.9,0,3,2,10,6.1,5.4,104,65
5239,239,21,5.6,7,3.3,0,4,1,11,22.2,15.8,101,63.1
5240,240,21,5.8,6.9,2.7,1,3,0,9,19.3,9.1,97,60.6
5241,241,21,3.6,13.7,1.8,1,3,1,12,16.0,12.3,107,66.9
5242,242,21,3.7,8.4,2.1,0,0,1,6,18.7,9.3,114,71.2
5243,243,21,7.8,11.5,3.9,0,2,1,9,13.7,8.7,91,56.9
5244,244,21,3.7,12.4,2.4,1,1,1,9,13.0,13.5,112,70
5245,245,21,4.9,14.1,3.6,1,3,0,7,18.6,10.4,102,63.8
5246,246,21,2.2,2.6,2.4,1,2,0,8,19.9,0.0,108,67.5
5247,247,21,3.6,nan,1.5,1,1,2,10,12.6,13.8,111,69.4
5248,248,21,3.6,9.4,3.5,1,5,0,11,16.9,11.4,105,65.6
5249,249,21,3,nan,3,1,3,0,12,6.1,9.8,120,75
5250,250,21,10.1,7.6,4,1,1,1,6,14.2,2.0,133,83.1
5251,1,22,5.8,13.7,2.5,1,1,3,6,17.3,6.1,110,68.8
5252,2,22,5.1,7.2,3.2,0,4,1,4,16.8,11.8,98,61.2
5253,3,22,4.7,13.2,1.9,1,1,0,5,13.8,5.3,141,88.1
5254,4,22,5.9,9,3.6,1,2,3,10,11.6,14.2,97,60.6
5255,5,22,4.7,8.6,3.3,1,2,1,9,14.6,13.4,113,70.6
5256,6,22,7.1,9,3.9,1,2,2,6,10.6,6.8,107,66.9
5257,7,22,6,8.7,3.3,0,3,2,7,19.2,16.1,82,51.2
5258,8,22,5.7,10.3,3.5,0,2,0,9,11.6,4.9,113,70.6
5259,9,22,3.3,13.9,2.7,1,5,3,7,28.2,18.9,95,59.4
5260,10,22,2.7,3.6,3.5,1,2,1,7,17.6,8.7,87,54.4
5261,11,22,3.4,12.1,2.9,1,3,1,6,10.4,15.5,101,63.1
5262,12,22,6.1,4.7,2.4,0,0,1,9,16.7,15.1,102,63.8
5263,13,22,5.6,7.5,3.2,1,2,0,12,18.5,11.4,112,70
5264,14,22,3.1,6.7,4.3,1,8,1,6,27.3,10.4,64,40
5265,15,22,6.1,12.5,3.1,1,2,0,6,13.9,10.0,117,73.1
5266,16,22,4.1,7,3.1,0,1,2,8,8.6,1.3,92,57.5
5267,17,22,4.1,9.4,2.6,1,3,2,5,19.8,10.6,104,65
5268,18,22,8.3,3,4.5,1,1,1,8,10.4,12.4,102,63.8
5269,19,22,5.5,5.3,2.4,1,0,1,11,12.8,9.5,121,75.6
5270,20,22,5.9,10.3,3.3,1,1,1,9,13.3,0.0,120,75
5271,21,22,5.9,8.2,3.5,0,1,1,5,18.6,7.5,89,55.6
5272,22,22,3,11.1,2.4,0,3,1,5,19.8,7.3,96,60
5273,23,22,6,4.3,3.4,0,2,2,4,12.6,11.1,93,58.1
5274,24,22,12.9,11.9,3.7,0,0,0,12,16.6,13.2,122,76.2
5275,25,22,3.5,4,3.5,1,3,0,7,17.6,11.0,92,57.5
5276,26,22,7.3,5.9,3.4,1,0,1,6,18.7,14.3,108,67.5
5277,27,22,7.7,8,2.3,1,0,1,11,15.5,4.7,130,81.2
5278,28,22,7.6,8.8,2.6,1,0,1,6,14.9,9.1,139,86.9
5279,29,22,4.3,9.3,3.6,1,2,0,6,21.1,12.8,104,65
5280,30,22,4.7,11.9,2.8,1,1,0,6,17.0,10.4,124,77.5
5281,31,22,3.5,9,2.3,1,1,1,7,14.8,5.7,127,79.4
5282,32,22,5.3,6,3.4,1,3,0,4,8.5,17.9,107,66.9
5283,33,22,9.3,9,3.2,0,0,1,9,17.0,12.8,113,70.6
5284,34,22,4.1,7.5,1.9,0,1,0,7,18.3,6.1,110,68.8
5285,35,22,2.6,7,2.5,1,0,1,12,20.9,12.3,102,63.8
5286,36,22,5.5,5.6,3.3,1,3,0,10,8.3,9.0,126,78.8
5287,37,22,7.7,8.5,4.7,0,2,0,7,9.8,4.5,114,71.2
5288,38,22,4.9,9,1,1,0,0,10,13.8,15.4,129,80.6
5289,39,22,10.8,7.5,2.3,1,0,2,11,20.0,12.9,124,77.5
5290,40,22,5.1,4.3,3.4,1,3,1,5,18.9,0.0,110,68.8
5291,41,22,5.5,6.2,4,0,1,0,5,14.2,11.4,99,61.9
5292,42,22,3.6,7.6,3.2,1,0,0,5,21.7,9.3,107,66.9
5293,43,22,4.8,8.5,2.4,1,2,0,4,16.2,11.9,119,74.4
5294,44,22,7.6,11.4,1.7,0,1,0,6,14.4,13.2,130,81.2
5295,45,22,7.6,7,2.8,1,2,3,11,17.4,13.2,97,60.6
5296,46,22,8.9,6.7,2.5,1,0,1,10,23.1,20.3,112,70
5297,47,22,7.4,5.8,3.5,0,4,0,7,18.5,10.4,96,60
5298,48,22,6.7,9.9,2.3,0,0,0,8,23.7,9.2,134,83.8
5299,49,22,2.5,6.9,2.3,0,3,2,10,12.8,14.6,84,52.5
5300,50,22,3.9,8.8,1.8,1,1,0,12,18.1,9.3,122,76.2
5301,51,22,14.2,9.2,3,1,0,2,6,11.7,11.3,146,91.2
5302,52,22,4.4,8.8,4.2,0,1,2,9,11.6,7.2,89,55.6
5303,53,22,7.1,11.2,2.7,1,1,0,9,17.2,9.5,121,75.6
5304,54,22,5.3,5.1,2.6,1,2,1,9,15.8,3.7,113,70.6
5305,55,22,7.2,12.7,2.7,1,2,0,11,29.9,10.6,126,78.8
5306,56,22,5.6,8.3,3.6,0,1,1,10,17.0,13.3,91,56.9
5307,57,22,3.7,8.8,2.4,0,1,2,7,9.7,14.1,102,63.8
5308,58,22,4,5.6,2.5,0,2,1,10,16.5,12.7,100,62.5
5309,59,22,6.2,10.4,3.9,1,3,0,4,6.7,9.5,108,67.5
5310,60,22,4.5,11.6,3.9,1,1,0,7,17.4,6.5,104,65
5311,61,22,2.6,9.9,3.3,1,2,2,5,17.1,12.5,93,58.1
5312,62,22,6.7,5.5,3.7,0,2,0,6,20.3,15.0,100,62.5
5313,63,22,8.2,10.5,4.2,1,7,0,12,21.0,13.6,102,63.8
5314,64,22,7.9,7.1,4.4,0,3,2,7,17.0,17.9,76,47.5
5315,65,22,8,8.7,3.3,1,1,0,4,16.9,10.5,117,73.1
5316,66,22,3,9.5,3.8,1,4,1,8,13.8,9.5,87,54.4
5317,67,22,10.4,13.1,4.2,1,0,2,4,7.4,3.2,137,85.6
5318,68,22,5.1,7.1,4.3,1,4,3,5,14.8,6.7,98,61.2
5319,69,22,3.8,9.7,3.9,1,5,3,7,10.2,9.9,83,51.9
5320,70,22,4.6,6.5,2.8,1,4,1,7,13.8,10.8,103,64.4
5321,71,22,4.1,6.6,2.9,1,2,0,6,8.9,7.2,120,75
5322,72,22,3.4,11.1,2.8,1,1,3,9,18.8,9.3,101,63.1
5323,73,22,5.4,8.8,1.9,0,0,0,8,23.7,5.7,122,76.2
5324,74,22,5.8,6.4,2.1,1,3,3,5,4.3,8.6,128,80
5325,75,22,5,10.7,2.6,1,3,0,11,7.7,11.3,112,70
5326,76,22,5.8,9.5,1.7,0,3,3,5,17.2,11.2,93,58.1
5327,77,22,5.1,8,2.5,0,2,1,7,16.2,7.2,102,63.8
5328,78,22,4.1,12.9,2.3,0,2,0,5,13.4,0.9,126,78.8
5329,79,22,4.3,6.5,4.2,1,4,0,12,10.5,12.2,110,68.8
5330,80,22,6.6,10.6,4.4,0,2,0,6,15.7,12.8,99,61.9
5331,81,22,3.1,3.4,4.1,1,2,1,11,17.5,2.8,92,57.5
5332,82,22,4.4,8.9,3.4,0,4,2,12,23.4,15.6,75,46.9
5333,83,22,7.8,10.7,2.8,1,1,0,5,6.2,13.5,130,81.2
5334,84,22,5.9,5.4,3.6,1,2,0,4,15.6,11.8,104,65
5335,85,22,7,5.6,3.5,1,1,1,4,15.1,14.4,121,75.6
5336,86,22,5.4,10.2,3.2,1,3,1,5,11.2,10.5,110,68.8
5337,87,22,3.4,12.6,2.3,0,2,1,7,26.7,6.4,93,58.1
5338,88,22,4.6,9.7,3,0,1,1,5,16.8,15.3,86,53.8
5339,89,22,5.7,11.1,3.3,0,1,1,12,16.2,11.4,102,63.8
5340,90,22,4.6,7.5,4,1,6,1,8,18.7,7.5,90,56.2
5341,91,22,5.1,4.4,3.7,0,3,0,11,11.4,11.0,100,62.5
5342,92,22,5.8,0,3.4,1,3,1,4,11.1,7.2,82,51.2
5343,93,22,7.7,7.7,3.8,1,1,1,5,13.8,13.7,115,71.9
5344,94,22,4.5,10.4,2.9,0,3,1,8,23.0,8.4,89,55.6
5345,95,22,8.6,5.5,3.7,1,1,0,5,13.7,5.0,123,76.9
5346,96,22,5.4,2.5,2.5,1,0,2,5,11.5,9.1,111,69.4
5347,97,22,8,10.5,2.5,1,2,0,4,21.4,12.6,124,77.5
5348,98,22,8.5,10.6,1.4,0,2,0,6,12.5,9.2,135,84.4
5349,99,22,10.7,10.5,4,0,2,1,10,14.8,8.2,106,66.2
5350,100,22,8.3,2.8,3.8,0,2,0,11,18.7,10.0,94,58.8
5351,101,22,8.3,6,3.7,0,0,0,8,20.6,6.1,108,67.5
5352,102,22,10.6,13.4,3.6,1,0,1,5,30.3,11.2,120,75
5353,103,22,2.9,7.7,2.6,0,1,1,8,22.5,16.9,87,54.4
5354,104,22,3.7,7.1,3.3,0,4,0,9,20.7,9.3,95,59.4
5355,105,22,8.2,10.3,3.6,0,2,0,5,16.7,16.8,98,61.2
5356,106,22,2.5,9.7,2.1,0,1,0,7,8.8,14.0,116,72.5
5357,107,22,5.9,3.7,2.6,1,0,1,11,17.3,8.6,110,68.8
5358,108,22,5.8,nan,2.6,1,2,2,7,21.0,4.2,110,68.8
5359,109,22,3.1,10.3,2.9,1,2,0,8,20.2,12.9,94,58.8
5360,110,22,3.8,14.3,2.2,1,1,0,11,12.5,20.9,115,71.9
5361,111,22,7.1,10.3,2.1,1,2,2,10,15.2,16.1,118,73.8
5362,112,22,6.8,3.1,3.3,1,3,2,5,17.0,2.0,105,65.6
5363,113,22,4.3,4.8,3.1,1,3,0,9,19.2,13.2,98,61.2
5364,114,22,3.9,9.3,2.1,0,2,0,12,22.0,13.8,91,56.9
5365,115,22,4.1,10.1,3.1,0,0,0,5,19.7,15.6,98,61.2
5366,116,22,6.6,8.2,3,0,1,0,12,13.6,7.1,110,68.8
5367,117,22,3.2,8.8,2.2,1,3,2,9,11.4,4.5,111,69.4
5368,118,22,5.5,8.9,3.4,0,4,0,10,10.1,7.5,98,61.2
5369,119,22,3.1,6.2,3.1,0,0,1,6,21.3,4.0,111,69.4
5370,120,22,7.9,15.5,3.3,0,3,1,4,17.9,15.1,103,64.4
5371,121,22,6,11.7,3,1,3,1,4,13.3,3.4,120,75
5372,122,22,9.3,8,3.5,1,2,2,9,12.6,8.4,109,68.1
5373,123,22,2.4,6.1,2.8,1,5,0,12,28.1,0.6,105,65.6
5374,124,22,2.6,7.2,1,1,1,0,9,7.9,11.7,133,83.1
5375,125,22,4.3,8.6,2.7,1,1,3,7,14.2,15.3,102,63.8
5376,126,22,10,5.8,3.8,1,7,1,10,18.2,9.1,102,63.8
5377,127,22,3.5,11.1,4.1,0,0,2,12,21.3,10.8,80,50
5378,128,22,9.2,7.1,2.3,0,0,1,5,23.1,14.4,110,68.8
5379,129,22,5.9,8.9,3.2,0,2,0,4,23.2,14.4,113,70.6
5380,130,22,5.8,9.5,2.1,1,2,0,12,16.6,10.0,130,81.2
5381,131,22,7.3,5.4,3.9,1,3,2,4,11.4,7.4,99,61.9
5382,132,22,3.7,12.6,3.3,1,2,0,11,11.5,0.0,125,78.1
5383,133,22,4.3,5.8,2.9,0,2,0,5,17.8,5.8,99,61.9
5384,134,22,3.4,nan,4,1,7,1,5,16.0,14.9,85,53.1
5385,135,22,5.7,9.2,3.5,1,2,1,6,27.8,11.7,101,63.1
5386,136,22,11.6,2.6,2.8,0,0,1,6,10.1,8.3,117,73.1
5387,137,22,4.7,3.4,2.6,1,0,3,6,21.6,10.2,104,65
5388,138,22,6.8,8.5,3.7,0,2,1,4,15.7,6.4,106,66.2
5389,139,22,6.4,5.5,3.2,1,5,1,11,18.9,4.6,106,66.2
5390,140,22,6,4.4,3.6,0,1,1,11,12.2,1.8,111,69.4
5391,141,22,5.1,5.5,3.3,1,3,0,10,14.9,19.7,93,58.1
5392,142,22,9.4,4,3.6,0,0,1,12,18.7,12.7,113,70.6
5393,143,22,5.7,8.3,3.4,0,2,0,12,16.7,14.9,113,70.6
5394,144,22,4.5,6,2.3,0,5,1,12,19.0,11.0,99,61.9
5395,145,22,8.6,10.1,2.8,0,0,0,7,20.0,12.3,105,65.6
5396,146,22,7.6,11.4,3,1,2,0,9,13.2,15.7,123,76.9
5397,147,22,6.3,2.7,2.8,0,3,2,10,8.9,10.8,90,56.2
5398,148,22,5.3,11.6,3.1,1,6,2,9,19.6,10.5,99,61.9
5399,149,22,10.7,10.9,3.6,1,1,0,11,16.6,8.2,137,85.6
5400,150,22,5.6,10.4,3.5,1,3,1,10,10.0,0.0,112,70
5401,151,22,4.4,12,4,1,2,1,7,15.5,18.5,95,59.4
5402,152,22,7.1,nan,3.8,0,2,1,9,11.8,7.0,99,61.9
5403,153,22,5,8.6,3.5,0,2,1,5,11.4,9.7,107,66.9
5404,154,22,5.6,7.9,4.4,1,4,1,12,9.1,11.7,94,58.8
5405,155,22,4.9,5.6,3,1,2,0,12,11.1,9.0,114,71.2
5406,156,22,5.2,13.3,3.8,0,7,2,9,11.4,11.8,78,48.8
5407,157,22,3,8.7,2.1,1,3,1,10,15.0,8.7,102,63.8
5408,158,22,4,9.4,1.4,1,1,1,7,12.5,12.7,120,75
5409,159,22,4.1,13.1,2.5,0,0,1,7,9.7,6.1,103,64.4
5410,160,22,5,12.1,4.2,1,3,1,8,25.8,10.3,102,63.8
5411,161,22,6.2,10.3,3.3,0,3,0,6,18.1,8.4,122,76.2
5412,162,22,3.8,6.5,2.2,0,2,0,4,13.7,10.9,98,61.2
5413,163,22,13,10.7,4.5,1,1,1,7,16.9,10.7,130,81.2
5414,164,22,5.3,6.9,2.4,1,1,1,10,19.1,6.9,110,68.8
5415,165,22,6.6,7.7,4.5,1,4,1,6,25.1,9.0,84,52.5
5416,166,22,3.6,11,2.2,0,1,2,10,11.5,10.6,103,64.4
5417,167,22,3.9,6.9,3.5,0,2,1,9,20.9,12.4,93,58.1
5418,168,22,10.8,12.8,3.6,0,1,2,7,13.2,1.8,116,72.5
5419,169,22,7.3,14.2,3.2,1,0,0,10,10.7,13.2,124,77.5
5420,170,22,5.3,6,3.6,1,4,2,11,20.4,8.5,90,56.2
5421,171,22,3.3,12.2,2.3,1,2,2,12,22.2,9.0,107,66.9
5422,172,22,10.6,8.5,3,1,0,3,10,27.5,2.9,126,78.8
5423,173,22,3.9,7.6,2.5,1,3,1,4,10.1,6.4,107,66.9
5424,174,22,4.6,16.4,4.1,1,3,1,7,21.9,16.0,95,59.4
5425,175,22,5.3,9.3,3,1,1,3,8,14.9,10.7,101,63.1
5426,176,22,6.5,4.4,1.9,0,0,1,4,15.0,3.6,134,83.8
5427,177,22,5.7,11.3,3.1,1,2,0,7,10.9,11.6,109,68.1
5428,178,22,5.5,4.7,3.7,1,1,1,5,10.5,12.5,103,64.4
5429,179,22,12.3,13.9,3.7,1,1,1,8,11.8,11.1,136,85
5430,180,22,5.9,7,2.7,0,2,0,5,16.1,9.5,109,68.1
5431,181,22,6.8,6.2,4.1,1,2,0,6,11.7,13.2,115,71.9
5432,182,22,3.2,9.7,2.9,0,5,1,6,21.8,16.9,77,48.1
5433,183,22,7.7,4.2,3,1,1,0,12,21.0,11.8,119,74.4
5434,184,22,2.9,7.1,3.7,0,6,0,8,16.2,7.8,93,58.1
5435,185,22,4.3,8.6,3.4,0,2,0,9,25.0,13.8,94,58.8
5436,186,22,14.2,12.5,3.6,1,1,1,12,19.9,13.0,130,81.2
5437,187,22,4.1,6.7,2.9,0,3,1,4,7.4,11.9,106,66.2
5438,188,22,5.6,8.5,2.7,1,3,0,6,21.8,13.0,118,73.8
5439,189,22,3.5,13.2,2.6,1,1,2,7,16.1,8.5,97,60.6
5440,190,22,3.5,7.1,2.7,1,1,0,12,20.5,5.5,111,69.4
5441,191,22,9,11.7,3.7,0,0,1,10,23.5,6.6,115,71.9
5442,192,22,4.7,10.1,4.4,1,3,1,10,16.0,11.6,107,66.9
5443,193,22,5.4,8.7,4.3,1,0,0,7,10.8,5.2,103,64.4
5444,194,22,5,1.7,2.8,1,4,1,11,10.9,11.4,101,63.1
5445,195,22,3.2,0.4,1.6,1,2,0,5,23.6,12.9,105,65.6
5446,196,22,5.3,3.6,3.4,1,3,1,7,13.4,13.1,108,67.5
5447,197,22,8.7,6.8,3.7,0,3,1,7,16.4,10.8,102,63.8
5448,198,22,4.1,8.9,3.4,0,4,1,4,20.4,5.1,87,54.4
5449,199,22,6.8,12.7,3,1,1,2,4,22.9,9.1,102,63.8
5450,200,22,8.8,2.9,4.1,1,4,4,11,15.6,3.2,97,60.6
5451,201,22,3.5,6.9,2.2,0,1,1,12,16.7,9.8,93,58.1
5452,202,22,8.1,nan,3.1,1,1,1,6,22.4,21.0,109,68.1
5453,203,22,2.7,8.8,3.8,0,3,2,4,13.5,8.0,86,53.8
5454,204,22,7.4,4.5,3.6,1,2,3,5,20.5,5.1,99,61.9
5455,205,22,4.9,8.9,3.8,0,2,2,4,20.2,17.4,84,52.5
5456,206,22,3.6,11.3,3,1,4,0,11,16.6,6.5,98,61.2
5457,207,22,5.3,10.4,3.6,1,6,0,4,20.0,14.3,108,67.5
5458,208,22,4.4,6.9,3.7,1,4,1,10,16.0,15.6,93,58.1
5459,209,22,2.9,6,3.2,1,3,2,11,14.4,16.3,81,50.6
5460,210,22,8.7,7.4,2.4,0,0,0,5,13.6,8.5,118,73.8
5461,211,22,9,7.8,3.8,1,2,0,6,13.1,13.2,112,70
5462,212,22,3.7,2.9,3.1,1,1,1,6,15.9,5.8,97,60.6
5463,213,22,4.7,nan,1.9,0,3,0,10,12.5,5.0,102,63.8
5464,214,22,4.6,8.5,2.2,1,2,0,12,22.1,14.0,116,72.5
5465,215,22,5,7.3,3.1,1,1,0,10,12.3,9.9,113,70.6
5466,216,22,3.3,9.1,3.4,1,0,1,6,18.9,9.9,99,61.9
5467,217,22,8.3,6.2,2.9,0,0,1,10,17.4,9.6,93,58.1
5468,218,22,5.8,4.4,3.2,0,5,1,10,14.4,0.0,90,56.2
5469,219,22,3.8,13.6,2.7,1,1,1,7,9.4,6.3,112,70
5470,220,22,4.6,10.3,4.6,0,6,0,5,13.1,12.9,92,57.5
5471,221,22,4.1,11.5,2.3,1,2,1,6,15.1,8.3,114,71.2
5472,222,22,5.2,9.6,3.7,1,3,1,11,19.3,9.8,100,62.5
5473,223,22,7.4,5.5,3,0,1,0,8,14.9,10.7,120,75
5474,224,22,7.4,5.9,3.3,1,1,2,5,11.3,18.5,106,66.2
5475,225,22,3.6,5.3,3.5,1,1,0,12,22.1,16.3,101,63.1
5476,226,22,5.9,4.8,2.3,1,2,2,8,15.8,4.7,114,71.2
5477,227,22,3.9,4.7,3.5,0,2,2,7,15.9,0.8,90,56.2
5478,228,22,2.8,6.5,3.1,0,5,2,4,13.2,17.2,91,56.9
5479,229,22,3.6,10.5,2.6,0,2,0,9,13.0,19.2,106,66.2
5480,230,22,5.6,7.7,3.4,1,4,2,8,16.4,10.0,101,63.1
5481,231,22,3.1,5.2,1.8,0,1,3,5,22.9,9.3,73,45.6
5482,232,22,4.2,9.5,3,1,5,0,11,6.5,13.4,108,67.5
5483,233,22,6.8,9.3,4,0,3,1,8,6.8,3.0,125,78.1
5484,234,22,4.2,11.9,2.5,1,1,1,4,11.2,5.7,132,82.5
5485,235,22,4.2,8.5,3.1,1,4,0,5,15.1,11.6,115,71.9
5486,236,22,3.8,10.2,2.2,1,1,2,6,22.4,11.8,108,67.5
5487,237,22,2.7,8.9,4.9,1,4,1,10,10.1,2.7,94,58.8
5488,238,22,5,12.8,4,0,1,0,10,14.6,9.6,99,61.9
5489,239,22,5.7,4.2,3.5,0,3,3,11,13.4,12.8,83,51.9
5490,240,22,5.9,4.1,2.9,1,0,0,9,11.1,11.2,122,76.2
5491,241,22,3.7,3.1,2.4,1,4,0,12,14.2,11.4,103,64.4
5492,242,22,3.7,4.2,2.7,1,1,3,6,16.8,10.7,110,68.8
5493,243,22,7.9,8.8,3.2,0,0,1,9,12.6,10.2,105,65.6
5494,244,22,3.8,5.9,2.7,1,2,2,9,16.6,9.2,107,66.9
5495,245,22,4.9,10.5,4.3,1,2,4,7,7.4,0.0,91,56.9
5496,246,22,2.2,15.1,3.2,1,2,0,8,14.0,8.6,107,66.9
5497,247,22,3.7,2.8,3.3,1,1,2,10,15.3,14.0,92,57.5
5498,248,22,3.6,9.9,3.6,1,6,3,11,18.5,2.6,107,66.9
5499,249,22,3.1,6.5,3.4,1,4,1,12,13.1,6.6,100,62.5
5500,250,22,10.2,8.5,4.3,1,0,1,6,3.5,3.5,130,81.2
5501,1,23,5.8,9.4,2.1,1,4,0,6,9.5,17.8,104,65
5502,2,23,5.2,5.5,3.7,1,1,0,4,14.1,10.0,119,74.4
5503,3,23,4.8,2.4,1.8,1,1,1,5,17.5,12.0,120,75
5504,4,23,6,4.9,3.6,1,4,3,10,20.0,4.9,81,50.6
5505,5,23,4.7,3.1,2.1,1,1,1,9,14.6,7.2,121,75.6
5506,6,23,7.2,5.9,4,1,3,0,6,23.9,10.9,99,61.9
5507,7,23,6.1,9.1,3.4,0,3,1,7,12.1,7.6,104,65
5508,8,23,5.8,6.2,4.5,0,4,0,9,18.5,5.6,97,60.6
5509,9,23,3.4,8.6,4.5,1,3,0,7,7.1,7.5,101,63.1
5510,10,23,2.8,8,2.7,1,3,0,7,7.7,9.8,123,76.9
5511,11,23,3.5,8.4,2,1,1,3,6,7.1,1.9,106,66.2
5512,12,23,6.2,15.2,2.6,0,1,0,9,18.3,21.1,103,64.4
5513,13,23,5.7,11.1,3,1,2,0,12,11.9,8.1,134,83.8
5514,14,23,3.1,10.3,3.3,1,0,0,6,15.9,8.8,116,72.5
5515,15,23,6.2,8,2.2,1,0,2,6,16.9,14.2,116,72.5
5516,16,23,4.2,8.9,2.8,0,3,2,8,10.1,2.7,98,61.2
5517,17,23,4.2,12.1,3.9,1,2,0,5,12.8,4.6,119,74.4
5518,18,23,8.4,8.2,4.4,1,1,1,8,7.2,7.8,119,74.4
5519,19,23,5.6,8.3,3.3,1,2,1,11,23.3,16.2,105,65.6
5520,20,23,6,4.7,4.2,1,3,3,9,14.8,9.9,88,55
5521,21,23,6,9,2.9,0,1,0,5,16.0,14.3,101,63.1
5522,22,23,3.1,10.8,2.7,0,3,0,5,23.5,7.3,101,63.1
5523,23,23,6.1,7,4.1,1,2,0,4,13.9,15.8,92,57.5
5524,24,23,13,8.6,4.2,0,1,1,12,12.5,19.0,109,68.1
5525,25,23,3.6,7.6,3.4,1,4,3,7,9.7,13.1,92,57.5
5526,26,23,7.4,13.4,3,1,3,1,6,18.6,12.5,106,66.2
5527,27,23,7.8,10,2.9,1,1,0,11,16.6,11.3,132,82.5
5528,28,23,7.7,11.5,3.2,1,1,0,6,19.3,11.9,127,79.4
5529,29,23,4.4,6.6,3.8,1,4,2,6,30.1,13.4,84,52.5
5530,30,23,4.8,12.6,3.2,1,0,3,6,6.5,15.7,102,63.8
5531,31,23,3.6,5.9,2.9,1,2,2,7,21.9,17.4,86,53.8
5532,32,23,5.4,10,3.2,1,1,0,4,14.7,10.7,112,70
5533,33,23,9.3,6.1,2.4,0,0,2,9,13.1,12.7,115,71.9
5534,34,23,4.2,3.8,1.8,0,0,1,7,13.7,9.3,103,64.4
5535,35,23,2.7,12.1,2.8,1,2,2,12,12.3,6.7,99,61.9
5536,36,23,5.6,nan,3.9,1,1,0,10,15.0,2.0,120,75
5537,37,23,7.8,6.3,3.7,0,2,1,7,23.5,8.1,104,65
5538,38,23,5,2.6,3.8,1,1,0,10,21.0,10.5,101,63.1
5539,39,23,10.8,8.1,4.2,1,0,1,11,19.3,6.0,109,68.1
5540,40,23,5.1,4.3,2.4,1,2,3,5,20.0,10.9,112,70
5541,41,23,5.5,12.1,3,0,1,1,5,10.7,0.4,99,61.9
5542,42,23,3.7,nan,1.5,1,1,1,5,16.4,12.0,114,71.2
5543,43,23,4.8,9.8,3.9,1,3,2,4,8.1,19.7,104,65
5544,44,23,7.7,10,3.3,1,1,1,6,3.5,14.3,128,80
5545,45,23,7.7,8.8,3.4,1,1,0,11,13.3,9.6,118,73.8
5546,46,23,9,7.2,4,1,2,0,10,17.3,10.5,115,71.9
5547,47,23,7.4,8.9,2.7,0,1,2,7,21.2,15.9,87,54.4
5548,48,23,6.7,5.8,2.7,0,1,2,8,17.7,8.6,98,61.2
5549,49,23,2.6,4.8,4.7,1,2,3,10,11.6,12.9,68,42.5
5550,50,23,4,6.3,3.4,1,1,0,12,20.5,9.9,105,65.6
5551,51,23,14.2,6.8,3.8,1,2,2,6,18.0,10.3,122,76.2
5552,52,23,4.5,10.3,4.6,0,6,0,9,15.1,6.4,102,63.8
5553,53,23,7.2,8.8,3.1,1,0,1,9,6.9,4.6,120,75
5554,54,23,5.3,9.2,3.2,1,3,0,9,15.4,8.1,120,75
5555,55,23,7.2,6.3,2,1,0,0,11,9.3,10.0,133,83.1
5556,56,23,5.6,12,3.9,0,1,0,10,16.4,12.8,95,59.4
5557,57,23,3.8,9.7,4.5,0,3,1,7,17.9,8.2,88,55
5558,58,23,4.1,7.6,3,1,2,1,10,12.8,11.1,121,75.6
5559,59,23,6.3,3.7,3.7,1,4,1,4,12.3,8.9,98,61.2
5560,60,23,4.6,0.8,2.9,1,2,1,7,17.5,12.5,95,59.4
5561,61,23,2.7,9,1.6,1,1,1,5,6.5,13.4,124,77.5
5562,62,23,6.8,6.8,2.6,0,2,1,6,23.7,11.8,97,60.6
5563,63,23,8.3,7.5,2.4,1,1,2,12,11.6,7.5,134,83.8
5564,64,23,8,6.3,3.9,1,0,2,7,25.3,13.0,94,58.8
5565,65,23,8.1,8,3.1,1,1,1,4,13.6,15.1,120,75
5566,66,23,3.1,13.6,1.8,1,2,1,8,14.6,10.1,111,69.4
5567,67,23,10.5,9,3.3,1,2,0,4,6.1,9.1,156,97.5
5568,68,23,5.2,11.5,2.5,1,4,1,5,20.0,9.3,112,70
5569,69,23,3.9,12.6,3.1,1,2,1,7,13.3,7.0,106,66.2
5570,70,23,4.6,5.4,3.2,1,0,1,7,17.0,10.5,118,73.8
5571,71,23,4.2,8,3.1,1,1,2,6,10.1,4.4,122,76.2
5572,72,23,3.4,6.6,2.3,1,2,0,9,4.9,11.3,118,73.8
5573,73,23,5.5,11,3,1,0,1,8,17.7,2.8,99,61.9
5574,74,23,5.9,2.5,3,1,1,2,5,8.5,8.1,113,70.6
5575,75,23,5.1,8.5,2.1,1,1,0,11,15.4,7.4,125,78.1
5576,76,23,5.9,4.1,2.3,0,1,1,5,11.4,6.9,101,63.1
5577,77,23,5.1,7.8,2.4,0,1,0,7,21.0,8.2,108,67.5
5578,78,23,4.2,6.2,3.6,1,6,0,5,11.9,4.1,111,69.4
5579,79,23,4.4,7.6,2,1,3,2,12,15.0,9.9,106,66.2
5580,80,23,6.7,10.6,3.4,0,2,1,6,17.8,2.8,110,68.8
5581,81,23,3.2,9.2,2.9,1,1,1,11,18.1,8.6,118,73.8
5582,82,23,4.5,7,2,0,1,0,12,17.1,17.3,104,65
5583,83,23,7.9,5.1,3.9,1,1,0,5,13.9,12.7,109,68.1
5584,84,23,6,10.4,3.1,1,1,2,4,7.5,13.2,112,70
5585,85,23,7.1,7.7,3.1,1,1,1,4,12.5,14.2,118,73.8
5586,86,23,5.5,8.9,1.8,1,0,0,5,10.2,12.4,141,88.1
5587,87,23,3.5,8.6,2.5,0,2,0,7,16.3,17.7,104,65
5588,88,23,4.7,4,3.8,0,3,1,5,14.4,8.0,87,54.4
5589,89,23,5.8,10.4,3.3,0,3,0,12,20.4,8.2,98,61.2
5590,90,23,4.7,14,3.1,1,1,0,8,15.2,15.3,110,68.8
5591,91,23,5.1,15.2,2.4,0,1,1,11,16.6,13.9,108,67.5
5592,92,23,5.9,12.9,3.8,1,1,0,4,23.4,14.4,111,69.4
5593,93,23,7.7,7.6,4.2,1,5,3,5,18.5,18.5,89,55.6
5594,94,23,4.6,4.9,3.8,1,2,0,8,18.6,12.9,91,56.9
5595,95,23,8.6,11.1,3.7,1,1,0,5,12.2,10.7,129,80.6
5596,96,23,5.5,7.6,2.2,1,3,0,5,12.1,5.2,121,75.6
5597,97,23,8.1,8.5,2.5,1,2,3,4,12.5,19.4,111,69.4
5598,98,23,8.5,5,3.6,0,1,2,6,13.0,8.2,103,64.4
5599,99,23,10.8,5.5,2.7,0,0,2,10,18.6,7.6,121,75.6
5600,100,23,8.3,8.1,2.9,0,1,3,11,18.8,12.5,86,53.8
5601,101,23,8.4,8.1,3.2,0,2,0,8,11.2,9.3,105,65.6
5602,102,23,10.7,11.3,4.3,1,5,1,5,23.8,5.9,116,72.5
5603,103,23,3,6.2,3.7,0,6,2,8,15.3,5.7,82,51.2
5604,104,23,3.8,13.5,1.6,0,3,1,9,9.2,4.7,107,66.9
5605,105,23,8.3,2.6,3.2,0,3,0,5,18.0,11.1,87,54.4
5606,106,23,2.6,13,3.6,0,5,0,7,18.0,19.7,83,51.9
5607,107,23,5.9,2.8,2.4,1,0,2,11,25.8,14.4,104,65
5608,108,23,5.9,13.3,2.9,1,2,4,7,11.8,14.8,99,61.9
5609,109,23,3.2,7.2,2.2,1,1,4,8,20.1,14.0,100,62.5
5610,110,23,3.9,9.6,2.8,1,5,0,11,19.8,14.8,117,73.1
5611,111,23,7.2,10.3,3.5,1,2,1,10,14.1,3.6,109,68.1
5612,112,23,6.9,8.3,2.8,1,2,0,5,15.5,5.7,117,73.1
5613,113,23,4.4,9,3.5,1,5,2,9,10.1,5.9,96,60
5614,114,23,4,9.7,3.8,0,2,0,12,17.6,10.7,85,53.1
5615,115,23,4.2,6.9,2.7,0,2,2,5,15.3,8.2,96,60
5616,116,23,6.7,7,3.7,1,3,1,12,13.6,2.5,129,80.6
5617,117,23,3.3,8.2,2.5,1,3,1,9,17.8,7.5,119,74.4
5618,118,23,5.6,8.7,2.5,1,2,0,10,9.9,7.9,129,80.6
5619,119,23,3.2,10.4,2.7,1,2,0,6,4.0,4.6,123,76.9
5620,120,23,7.9,12,2.1,0,0,0,4,20.9,5.9,106,66.2
5621,121,23,6,5.8,2.7,1,2,1,4,16.8,5.1,115,71.9
5622,122,23,9.4,5.9,3.8,1,3,1,9,19.4,9.9,102,63.8
5623,123,23,2.5,12.2,2,1,1,1,12,16.6,11.2,104,65
5624,124,23,2.7,7.2,2.4,1,1,1,9,17.8,6.4,102,63.8
5625,125,23,4.4,5.9,3.6,1,1,0,7,23.1,7.4,109,68.1
5626,126,23,10.1,6.9,3.8,1,2,0,10,18.0,5.3,121,75.6
5627,127,23,3.6,14.1,3,1,1,1,12,15.8,10.9,105,65.6
5628,128,23,9.3,9.9,3.1,0,1,2,5,13.5,5.4,112,70
5629,129,23,6,8.7,2.5,0,3,1,4,17.3,8.7,95,59.4
5630,130,23,5.9,3,3,1,3,2,12,22.5,3.1,105,65.6
5631,131,23,7.3,8.8,2.2,1,2,4,4,17.9,12.0,97,60.6
5632,132,23,3.8,7.6,3.4,1,5,3,11,15.4,5.9,87,54.4
5633,133,23,4.4,9.5,2.7,0,1,3,5,16.5,16.4,83,51.9
5634,134,23,3.5,8.2,4.2,1,5,0,5,18.7,8.9,105,65.6
5635,135,23,5.8,11.5,3.4,1,3,0,6,27.3,11.2,106,66.2
5636,136,23,11.7,7.9,4.4,0,4,1,6,18.4,6.9,104,65
5637,137,23,4.8,11.7,3.2,1,2,0,6,15.4,10.5,119,74.4
5638,138,23,6.8,5.5,2.7,0,1,1,4,16.2,13.0,107,66.9
5639,139,23,6.5,4.4,2.2,1,1,2,11,4.6,11.0,112,70
5640,140,23,6,6.9,2.4,0,1,0,11,17.3,14.6,121,75.6
5641,141,23,5.2,8.2,3.1,1,5,2,10,17.4,12.8,93,58.1
5642,142,23,9.5,12.6,2.7,1,1,2,12,17.1,12.7,130,81.2
5643,143,23,5.8,12.1,2.4,0,1,0,12,11.5,9.7,120,75
5644,144,23,4.6,3.3,3.5,1,3,0,12,12.9,11.8,106,66.2
5645,145,23,8.7,4.7,4.8,0,1,0,7,15.5,8.0,96,60
5646,146,23,7.7,5.8,2.2,1,2,0,9,17.9,5.2,137,85.6
5647,147,23,6.4,8.8,3.6,0,3,1,10,15.6,13.0,91,56.9
5648,148,23,5.4,5.4,3.3,1,1,0,9,24.2,9.4,120,75
5649,149,23,10.8,4.2,3.2,1,2,2,11,17.9,11.9,117,73.1
5650,150,23,5.7,8.3,3.3,1,2,2,10,8.1,12.8,112,70
5651,151,23,4.5,8.5,3.5,1,1,1,7,18.2,6.6,95,59.4
5652,152,23,7.2,13.7,3.4,0,5,1,9,10.6,3.9,110,68.8
5653,153,23,5,11,3.2,0,2,0,5,3.2,8.9,115,71.9
5654,154,23,5.7,11,3.8,1,2,2,12,26.1,8.9,93,58.1
5655,155,23,4.9,7.3,4,1,4,1,12,18.8,23.4,98,61.2
5656,156,23,5.3,2.9,3.8,0,5,1,9,18.3,12.1,83,51.9
5657,157,23,3.1,7.5,3.1,1,2,0,10,22.1,14.9,83,51.9
5658,158,23,4.1,8,3,1,3,1,7,13.8,12.5,84,52.5
5659,159,23,4.2,10.3,4.1,0,1,0,7,17.1,11.3,84,52.5
5660,160,23,5.1,nan,3.8,1,6,2,8,17.1,9.9,79,49.4
5661,161,23,6.3,8.5,2.4,1,4,3,6,21.3,11.3,98,61.2
5662,162,23,3.9,6.9,3.5,0,5,1,4,9.9,9.7,89,55.6
5663,163,23,13.1,5.5,3.7,1,0,2,7,2.0,5.5,138,86.2
5664,164,23,5.4,13.5,3.1,1,3,3,10,14.8,8.6,103,64.4
5665,165,23,6.7,6.7,3.4,1,5,2,6,17.9,18.2,87,54.4
5666,166,23,3.7,7.6,2.9,0,0,2,10,16.6,15.7,96,60
5667,167,23,4,3,3.4,0,1,3,9,20.3,11.7,79,49.4
5668,168,23,10.8,4.7,2.2,1,0,0,7,20.4,5.7,132,82.5
5669,169,23,7.3,7.5,3.5,1,3,1,10,17.9,12.9,106,66.2
5670,170,23,5.4,6,4.1,1,2,1,11,18.1,12.6,116,72.5
5671,171,23,3.3,6.6,2.3,1,3,1,12,9.2,16.7,101,63.1
5672,172,23,10.7,6,3.7,1,1,1,10,16.9,11.4,128,80
5673,173,23,3.9,8.5,2.6,1,0,2,4,17.9,14.4,115,71.9
5674,174,23,4.7,9.1,2.6,1,1,1,7,8.4,8.6,121,75.6
5675,175,23,5.4,13.9,4.2,1,3,0,8,7.2,11.0,116,72.5
5676,176,23,6.6,6.4,2.6,0,2,0,4,12.4,7.4,110,68.8
5677,177,23,5.7,8.2,2.7,1,0,0,7,11.3,9.7,129,80.6
5678,178,23,5.6,4.2,3.5,1,4,1,5,15.0,10.8,119,74.4
5679,179,23,12.4,nan,4.6,1,1,1,8,12.7,10.0,124,77.5
5680,180,23,6,5.8,2.4,0,1,3,5,10.1,4.6,111,69.4
5681,181,23,6.9,11.3,3.9,1,2,0,6,11.7,6.1,117,73.1
5682,182,23,3.3,11.1,2.8,1,0,0,6,12.5,9.7,120,75
5683,183,23,7.8,6,2.4,1,0,2,12,20.5,8.0,123,76.9
5684,184,23,2.9,8.6,2.7,0,3,0,8,16.1,13.0,97,60.6
5685,185,23,4.4,5.4,2.8,0,2,0,9,14.3,7.5,104,65
5686,186,23,14.3,11.7,2.9,1,1,0,12,15.8,17.6,145,90.6
5687,187,23,4.2,5.4,2.7,0,1,1,4,21.4,3.7,103,64.4
5688,188,23,5.7,10.2,3.1,1,3,1,6,9.8,12.6,121,75.6
5689,189,23,3.6,8,2,1,4,0,7,25.4,10.0,97,60.6
5690,190,23,3.6,9.7,2.6,1,1,0,12,19.3,4.8,105,65.6
5691,191,23,9,7,3.4,0,0,0,10,13.0,8.8,126,78.8
5692,192,23,4.8,7,3.7,1,4,1,10,26.7,7.3,103,64.4
5693,193,23,5.5,6.7,4.6,1,2,3,7,13.0,7.1,81,50.6
5694,194,23,5.1,6.3,3.2,1,2,1,11,13.2,1.9,110,68.8
5695,195,23,3.2,10.4,2.4,1,1,0,5,13.3,13.2,103,64.4
5696,196,23,5.4,9.5,2.6,1,1,1,7,21.9,15.1,111,69.4
5697,197,23,8.8,9.4,3.7,0,4,0,7,27.0,15.3,94,58.8
5698,198,23,4.2,8.8,3.3,0,2,1,4,22.3,8.2,104,65
5699,199,23,6.9,10.3,4.8,1,4,1,4,20.6,10.2,106,66.2
5700,200,23,8.9,8.1,3.3,1,4,2,11,13.5,8.4,115,71.9
5701,201,23,3.5,2,3.5,1,3,0,12,16.4,6.4,87,54.4
5702,202,23,8.1,8.2,3.2,1,1,2,6,8.7,4.7,112,70
5703,203,23,2.8,6.5,3.9,0,6,0,4,25.6,8.9,81,50.6
5704,204,23,7.5,13.6,3.3,1,0,1,5,18.5,9.1,124,77.5
5705,205,23,5,7.7,3.2,0,3,0,4,14.3,14.4,97,60.6
5706,206,23,3.7,0.6,2.7,1,2,0,11,23.0,13.9,101,63.1
5707,207,23,5.4,10.2,4.3,1,5,0,4,11.7,12.9,99,61.9
5708,208,23,4.4,12.1,3.2,1,1,0,10,19.3,10.0,110,68.8
5709,209,23,3,5.1,3.2,1,3,1,11,18.3,7.5,82,51.2
5710,210,23,8.8,8.1,2.2,0,0,1,5,19.4,12.0,120,75
5711,211,23,9.1,9.6,3.3,1,1,1,6,22.2,18.5,95,59.4
5712,212,23,3.8,7.1,4.3,1,4,2,6,7.8,0.0,92,57.5
5713,213,23,4.8,7,2.9,0,0,0,10,15.5,5.7,111,69.4
5714,214,23,4.7,13.6,3.6,1,2,0,12,21.2,7.0,112,70
5715,215,23,5.1,2.4,2.6,1,4,0,10,15.9,10.9,105,65.6
5716,216,23,3.4,2.9,3.2,1,2,1,6,20.9,7.7,93,58.1
5717,217,23,8.4,6.2,3.5,1,1,3,10,9.2,7.9,115,71.9
5718,218,23,5.8,8.6,3.2,0,4,3,10,13.2,6.6,98,61.2
5719,219,23,3.9,9.4,3.6,1,6,1,7,13.6,10.1,90,56.2
5720,220,23,4.7,10.2,2.4,0,4,0,5,18.4,6.0,109,68.1
5721,221,23,4.2,7.4,3.2,1,5,1,6,16.6,7.8,95,59.4
5722,222,23,5.3,10.6,4,1,3,0,11,17.2,3.2,116,72.5
5723,223,23,7.5,9.3,3.4,0,0,3,8,23.7,13.6,91,56.9
5724,224,23,7.5,8.5,3.1,1,2,1,5,23.6,16.4,98,61.2
5725,225,23,3.7,6.7,3.4,1,2,1,12,16.9,6.3,102,63.8
5726,226,23,6,12.7,2.7,1,2,0,8,11.0,16.2,123,76.9
5727,227,23,4,6.3,2.9,0,2,1,7,14.9,7.7,100,62.5
5728,228,23,2.9,7.1,2.9,0,2,0,4,9.9,13.0,113,70.6
5729,229,23,3.7,3.5,3.3,0,3,0,9,13.5,6.8,94,58.8
5730,230,23,5.7,11,3.4,1,1,1,8,12.9,0.0,119,74.4
5731,231,23,3.1,4.6,2.6,0,2,0,5,10.5,11.2,101,63.1
5732,232,23,4.3,11.5,2.4,1,0,1,11,6.9,11.4,117,73.1
5733,233,23,6.8,6.6,2.8,1,1,1,8,11.8,9.1,121,75.6
5734,234,23,4.3,10,2.6,1,2,0,4,15.1,5.4,124,77.5
5735,235,23,4.3,10.7,4,1,4,0,5,8.2,8.5,108,67.5
5736,236,23,3.9,9,3,1,4,1,6,15.0,6.8,106,66.2
5737,237,23,2.8,5.5,3,1,5,1,10,25.3,8.9,91,56.9
5738,238,23,5.1,5.5,3,0,0,1,10,20.9,13.4,102,63.8
5739,239,23,5.8,6.3,2.4,0,1,1,11,23.4,10.3,108,67.5
5740,240,23,6,9.8,4.5,1,3,1,9,17.8,12.2,101,63.1
5741,241,23,3.8,9.8,2.8,1,3,1,12,22.2,9.6,102,63.8
5742,242,23,3.8,8,3.6,1,3,0,6,9.8,5.8,115,71.9
5743,243,23,8,nan,3.5,0,3,1,9,12.5,10.3,102,63.8
5744,244,23,3.9,10.2,2.1,1,1,1,9,12.8,5.1,116,72.5
5745,245,23,5,9.5,3.1,1,2,0,7,2.0,7.5,119,74.4
5746,246,23,2.3,8.9,2.1,1,2,2,8,18.0,0.0,119,74.4
5747,247,23,3.7,7.8,1.6,1,0,2,10,25.6,9.5,105,65.6
5748,248,23,3.7,6.6,3.1,1,2,1,11,11.3,7.7,111,69.4
5749,249,23,3.2,6.6,2.1,1,2,1,12,12.2,10.0,118,73.8
5750,250,23,10.3,10.8,2.7,1,0,1,6,12.9,9.3,132,82.5
5751,1,24,5.9,12.5,2.9,1,1,1,6,17.9,11.2,119,74.4
5752,2,24,5.3,7.6,1.9,1,0,1,4,21.2,0.5,123,76.9
5753,3,24,4.9,10.1,2.6,1,0,0,5,8.3,10.4,120,75
5754,4,24,6.1,13.8,3.9,1,4,3,10,18.5,3.2,95,59.4
5755,5,24,4.8,14.7,2.1,1,3,1,9,11.1,1.4,133,83.1
5756,6,24,7.2,10.8,3,1,3,2,6,17.1,9.6,109,68.1
5757,7,24,6.2,7.6,4.2,0,4,1,7,19.7,16.8,83,51.9
5758,8,24,5.8,8.5,4,0,4,2,9,15.7,12.2,83,51.9
5759,9,24,3.4,5.6,2.3,1,4,0,7,16.1,10.9,103,64.4
5760,10,24,2.9,9.4,3.2,1,2,0,7,16.1,10.9,102,63.8
5761,11,24,3.5,8.5,3,1,4,0,6,22.1,8.4,98,61.2
5762,12,24,6.3,8.3,2.7,0,0,1,9,19.0,8.7,106,66.2
5763,13,24,5.8,5.7,5,1,5,2,12,18.9,13.5,75,46.9
5764,14,24,3.2,10.6,3.8,1,5,1,6,13.3,7.7,78,48.8
5765,15,24,6.3,9.9,2.7,1,1,0,6,15.7,13.9,117,73.1
5766,16,24,4.2,10.5,2.8,0,1,0,8,20.4,8.4,107,66.9
5767,17,24,4.2,6,3.8,1,4,2,5,16.5,13.6,89,55.6
5768,18,24,8.5,7.6,3.4,1,0,1,8,20.2,14.7,117,73.1
5769,19,24,5.6,9.2,2.7,1,2,0,11,24.8,3.2,116,72.5
5770,20,24,6.1,6,3.9,1,0,0,9,22.1,8.3,109,68.1
5771,21,24,6.1,7.7,2.9,0,2,1,5,18.1,8.1,96,60
5772,22,24,3.2,5.8,2.3,0,2,0,5,12.8,2.0,104,65
5773,23,24,6.2,7.6,4.2,1,4,2,4,4.2,6.2,93,58.1
5774,24,24,13.1,10.3,4,0,1,4,12,15.8,20.6,105,65.6
5775,25,24,3.6,3.8,3,1,2,2,7,13.8,11.9,99,61.9
5776,26,24,7.5,11.7,3.1,1,3,1,6,21.5,21.5,101,63.1
5777,27,24,7.8,7.4,4.1,1,3,1,11,14.3,12.5,110,68.8
5778,28,24,7.8,7.3,3.9,1,1,0,6,15.1,7.3,115,71.9
5779,29,24,4.5,9,3,1,3,1,6,6.4,7.5,110,68.8
5780,30,24,4.9,3.4,4.2,1,4,1,6,11.8,12.8,90,56.2
5781,31,24,3.7,7.4,3,1,1,0,7,20.0,13.4,104,65
5782,32,24,5.5,10.4,4.2,1,5,1,4,23.9,6.9,99,61.9
5783,33,24,9.4,2.2,3.5,0,0,0,9,15.7,4.0,112,70
5784,34,24,4.3,4.1,3,0,3,1,7,17.1,23.4,93,58.1
5785,35,24,2.8,6.7,3,1,2,0,12,19.3,8.1,110,68.8
5786,36,24,5.7,13.2,3.3,1,1,1,10,7.0,3.4,138,86.2
5787,37,24,7.9,8.1,3.5,0,2,1,7,14.2,6.9,120,75
5788,38,24,5.1,9.6,3.1,1,0,0,10,11.0,7.5,125,78.1
5789,39,24,10.9,9.4,3.1,1,0,0,11,19.0,9.2,141,88.1
5790,40,24,5.2,9.5,4.1,1,3,2,5,15.1,13.4,104,65
5791,41,24,5.6,6.1,2.5,0,0,1,5,18.1,10.1,105,65.6
5792,42,24,3.8,9.5,3.3,1,3,2,5,14.3,7.1,89,55.6
5793,43,24,4.9,5,1.7,1,1,3,4,22.3,12.1,96,60
5794,44,24,7.7,8.3,2.8,1,0,1,6,23.7,5.3,134,83.8
5795,45,24,7.8,8.4,3.1,1,1,0,11,11.8,16.7,120,75
5796,46,24,9.1,7,3,1,0,0,10,16.2,16.7,121,75.6
5797,47,24,7.5,nan,2.8,0,1,2,7,20.6,11.7,102,63.8
5798,48,24,6.8,7.6,2,0,0,0,8,15.7,9.2,126,78.8
5799,49,24,2.7,7.6,3.6,1,2,1,10,16.6,1.2,111,69.4
5800,50,24,4.1,10.2,2.4,1,3,1,12,14.3,6.1,104,65
5801,51,24,14.3,9,2.8,1,0,1,6,2.0,8.8,150,93.8
5802,52,24,4.6,11,4.4,0,4,1,9,22.6,11.2,86,53.8
5803,53,24,7.2,11.8,3.9,1,2,0,9,20.4,8.9,114,71.2
5804,54,24,5.4,4.9,3.6,1,2,0,9,6.2,6.8,113,70.6
5805,55,24,7.3,8.4,3.7,1,4,0,11,14.9,9.5,102,63.8
5806,56,24,5.7,6.1,3.6,1,6,2,10,23.6,9.9,90,56.2
5807,57,24,3.8,9.8,2.7,0,1,0,7,26.3,3.2,92,57.5
5808,58,24,4.2,8,4.4,1,4,2,10,17.1,1.7,102,63.8
5809,59,24,6.4,8.2,4,1,4,0,4,17.5,9.7,96,60
5810,60,24,4.6,8.9,2.2,1,1,0,7,18.2,16.8,113,70.6
5811,61,24,2.7,6.4,3.2,1,4,2,5,14.7,5.8,93,58.1
5812,62,24,6.9,2.6,3.4,0,2,4,6,21.8,10.8,83,51.9
5813,63,24,8.4,11.1,3.5,1,2,1,12,9.8,9.0,126,78.8
5814,64,24,8.1,9.9,2.9,1,1,1,7,15.4,18.6,109,68.1
5815,65,24,8.1,6.8,2.6,1,4,1,4,27.8,22.2,85,53.1
5816,66,24,3.2,7.4,2.6,1,3,1,8,14.8,8.8,107,66.9
5817,67,24,10.6,3.5,3.4,1,0,1,4,21.8,6.8,128,80
5818,68,24,5.3,9.3,2.3,1,1,0,5,12.0,6.5,126,78.8
5819,69,24,4,10,2.3,1,1,0,7,14.8,8.1,123,76.9
5820,70,24,4.7,9.5,3.3,1,4,3,7,12.8,9.4,88,55
5821,71,24,4.3,6.6,2.9,1,2,2,6,15.3,11.5,105,65.6
5822,72,24,3.5,3.7,2.9,1,2,0,9,8.6,11.8,106,66.2
5823,73,24,5.6,8,3.6,1,2,0,8,16.2,14.9,100,62.5
5824,74,24,5.9,3.1,3.6,1,1,1,5,10.0,16.1,102,63.8
5825,75,24,5.2,10.4,3.1,1,2,2,11,18.4,16.6,110,68.8
5826,76,24,5.9,11.4,1.8,0,0,2,5,17.4,8.3,123,76.9
5827,77,24,5.2,6.6,2.6,0,0,1,7,9.1,16.2,100,62.5
5828,78,24,4.2,nan,3.4,1,3,3,5,10.9,6.0,109,68.1
5829,79,24,4.5,9.7,1.6,1,1,0,12,18.9,5.1,139,86.9
5830,80,24,6.8,5.1,3,0,1,4,6,25.4,11.9,103,64.4
5831,81,24,3.3,10,4.1,1,3,1,11,16.5,14.5,94,58.8
5832,82,24,4.6,7.2,1.8,0,0,1,12,14.8,16.4,101,63.1
5833,83,24,8,10.9,3.9,1,6,1,5,28.1,8.6,111,69.4
5834,84,24,6.1,5.2,3.2,1,0,0,4,10.6,8.1,114,71.2
5835,85,24,7.1,3.1,3.5,1,2,1,4,14.0,1.9,117,73.1
5836,86,24,5.6,3.9,3.2,1,1,0,5,15.2,8.0,120,75
5837,87,24,3.6,5.4,4,0,3,1,7,22.4,16.2,84,52.5
5838,88,24,4.8,7.2,3,1,0,1,5,21.7,12.3,96,60
5839,89,24,5.8,6.4,2.4,0,1,1,12,15.6,15.6,97,60.6
5840,90,24,4.8,8.5,3.8,1,3,1,8,11.8,13.9,99,61.9
5841,91,24,5.2,7.4,2,1,1,1,11,14.1,8.7,118,73.8
5842,92,24,6,6.8,3.2,1,0,2,4,10.2,14.2,115,71.9
5843,93,24,7.8,10.7,1.8,1,1,1,5,13.5,0.0,142,88.8
5844,94,24,4.7,7.7,2.4,1,2,0,8,14.1,5.9,112,70
5845,95,24,8.7,10.8,3.3,1,1,1,5,8.0,5.2,127,79.4
5846,96,24,5.6,9.9,2.2,1,1,1,5,21.5,5.7,123,76.9
5847,97,24,8.2,3.2,3.3,1,2,1,4,13.9,11.7,111,69.4
5848,98,24,8.6,7.3,4,0,4,3,6,7.6,9.0,99,61.9
5849,99,24,10.9,11.4,4.1,0,1,1,10,14.2,10.5,119,74.4
5850,100,24,8.4,7.9,2.7,0,1,3,11,20.6,16.7,86,53.8
5851,101,24,8.5,7.8,3.3,0,1,0,8,9.2,7.9,107,66.9
5852,102,24,10.8,6.2,4.1,1,1,0,5,18.4,5.5,121,75.6
5853,103,24,3,9.9,3.3,0,2,2,8,12.2,12.9,83,51.9
5854,104,24,3.9,9.3,3.6,1,2,1,9,26.7,9.4,92,57.5
5855,105,24,8.3,nan,2.6,0,0,0,5,11.6,7.7,110,68.8
5856,106,24,2.7,6.9,3.6,0,2,0,7,19.6,4.5,87,54.4
5857,107,24,6,9.8,3.5,1,2,2,11,16.4,16.2,95,59.4
5858,108,24,6,7.4,4,1,0,1,7,13.6,16.7,105,65.6
5859,109,24,3.2,7.2,2.4,1,2,2,8,16.0,16.9,100,62.5
5860,110,24,4,8.5,2.3,1,2,3,11,19.1,10.8,101,63.1
5861,111,24,7.3,8.1,3.7,1,2,0,10,14.0,10.7,123,76.9
5862,112,24,7,11.8,2.6,1,0,0,5,16.0,16.6,126,78.8
5863,113,24,4.5,8.8,4.3,1,4,0,9,18.5,9.4,89,55.6
5864,114,24,4.1,9.7,2.8,0,2,0,12,13.2,15.1,102,63.8
5865,115,24,4.3,11.7,4.7,0,1,1,5,14.5,10.9,92,57.5
5866,116,24,6.8,8.5,4.6,1,1,0,12,3.4,11.3,121,75.6
5867,117,24,3.4,4.1,2.3,1,3,1,9,21.4,11.6,99,61.9
5868,118,24,5.7,11.5,2.4,1,0,0,10,14.4,12.3,140,87.5
5869,119,24,3.3,6.9,3.4,1,0,0,6,9.5,8.0,122,76.2
5870,120,24,8,13.3,2.8,1,2,0,4,27.0,5.3,121,75.6
5871,121,24,6.1,7.6,3.4,1,1,1,4,13.5,12.8,125,78.1
5872,122,24,9.5,4.9,3.2,1,0,0,9,11.5,6.6,125,78.1
5873,123,24,2.6,4.6,2.9,1,2,1,12,21.1,16.2,94,58.8
5874,124,24,2.8,8.4,2.7,1,4,0,9,17.1,8.9,107,66.9
5875,125,24,4.5,9.9,1.4,1,0,3,7,16.5,13.3,122,76.2
5876,126,24,10.2,8.9,3.8,1,2,2,10,15.6,16.2,108,67.5
5877,127,24,3.7,9.5,3.6,1,6,0,12,19.9,13.7,88,55
5878,128,24,9.4,9.1,3.1,1,0,1,5,16.3,13.5,121,75.6
5879,129,24,6,11.5,3.1,0,7,0,4,18.9,12.2,96,60
5880,130,24,6,6.5,3,1,0,0,12,4.9,0.0,127,79.4
5881,131,24,7.4,6,3.9,1,2,0,4,12.5,9.0,119,74.4
5882,132,24,3.9,14.9,2.6,1,4,1,11,24.5,5.4,108,67.5
5883,133,24,4.5,10,3.4,0,7,1,5,12.2,10.9,85,53.1
5884,134,24,3.5,10.4,2.6,1,2,0,5,12.6,4.7,116,72.5
5885,135,24,5.9,5.5,2.1,1,1,1,6,15.2,6.4,112,70
5886,136,24,11.8,8.7,3.7,0,1,0,6,10.5,17.2,121,75.6
5887,137,24,4.9,6.3,3.7,1,2,0,6,7.6,16.8,97,60.6
5888,138,24,6.9,8.8,3.6,1,0,1,4,15.6,10.3,114,71.2
5889,139,24,6.6,4.6,3.4,1,4,0,11,15.5,9.9,111,69.4
5890,140,24,6.1,6.3,3,0,1,2,11,11.9,5.2,115,71.9
5891,141,24,5.3,14.5,3.2,1,1,0,10,18.0,14.9,109,68.1
5892,142,24,9.6,11.4,2.2,1,0,4,12,17.4,8.1,117,73.1
5893,143,24,5.9,14.2,3.7,0,3,1,12,23.4,16.5,89,55.6
5894,144,24,4.7,10.6,1,1,2,1,12,11.7,5.9,137,85.6
5895,145,24,8.8,7.9,3.5,1,0,1,7,18.3,13.1,100,62.5
5896,146,24,7.8,9.9,4,1,1,1,9,15.0,10.2,113,70.6
5897,147,24,6.5,4.3,4.2,1,7,2,10,18.8,7.7,84,52.5
5898,148,24,5.4,12,1.9,1,0,0,9,22.6,11.0,131,81.9
5899,149,24,10.9,12.9,3.5,1,3,1,11,11.7,6.5,130,81.2
5900,150,24,5.8,7.5,1.8,1,1,0,10,13.9,9.5,136,85
5901,151,24,4.6,8.2,4.1,1,5,1,7,19.9,17.2,83,51.9
5902,152,24,7.3,10.4,2.3,0,0,2,9,10.6,6.4,116,72.5
5903,153,24,5.1,12.3,4.1,0,7,0,5,15.2,8.7,92,57.5
5904,154,24,5.8,9.4,3.8,1,3,0,12,10.3,13.5,102,63.8
5905,155,24,5,9.1,2,1,0,1,12,7.6,8.5,120,75
5906,156,24,5.4,5.6,1.9,1,0,0,9,17.8,12.0,124,77.5
5907,157,24,3.1,13.6,2.8,1,0,2,10,18.3,16.2,92,57.5
5908,158,24,4.2,7.1,3.8,1,2,2,7,15.4,12.6,103,64.4
5909,159,24,4.3,6.9,3.3,0,1,0,7,18.9,10.5,88,55
5910,160,24,5.2,5,4,1,2,0,8,12.3,7.0,100,62.5
5911,161,24,6.4,8.4,4,1,4,0,6,15.1,8.0,109,68.1
5912,162,24,3.9,8.3,2,1,4,2,4,6.4,2.5,119,74.4
5913,163,24,13.2,13.3,4,1,1,1,7,23.5,12.6,131,81.9
5914,164,24,5.4,9.5,3.1,1,3,1,10,13.3,9.1,91,56.9
5915,165,24,6.8,9.5,3.6,1,2,0,6,17.9,22.4,104,65
5916,166,24,3.8,6.8,2.8,1,3,0,10,13.4,18.1,96,60
5917,167,24,4.1,nan,4,0,4,2,9,14.2,10.8,91,56.9
5918,168,24,10.9,9.2,3.3,1,2,2,7,18.3,9.4,123,76.9
5919,169,24,7.4,12.2,3.7,1,1,3,10,16.2,15.0,101,63.1
5920,170,24,5.5,6.4,4.9,1,3,0,11,13.6,3.2,97,60.6
5921,171,24,3.4,3.9,3.7,1,3,0,12,22.5,23.0,86,53.8
5922,172,24,10.7,8.3,2.8,1,0,1,10,15.4,6.7,135,84.4
5923,173,24,4,11.4,3.5,1,0,0,4,21.9,12.5,101,63.1
5924,174,24,4.8,11.1,3.7,1,2,1,7,10.0,0.8,112,70
5925,175,24,5.4,11.6,2.8,1,3,3,8,11.6,14.4,93,58.1
5926,176,24,6.7,9.4,3.3,0,0,2,4,17.7,6.2,100,62.5
5927,177,24,5.8,8.6,2.8,1,1,1,7,18.3,14.1,99,61.9
5928,178,24,5.7,4.7,2.5,1,2,0,5,15.5,4.2,131,81.9
5929,179,24,12.5,7.5,3.7,1,2,3,8,13.4,3.0,127,79.4
5930,180,24,6.1,7.2,3.4,0,6,1,5,14.5,4.4,100,62.5
5931,181,24,6.9,4.7,3.4,1,2,1,6,7.9,10.7,110,68.8
5932,182,24,3.4,7.7,2.8,1,2,5,6,28.6,7.5,73,45.6
5933,183,24,7.9,4,4.3,1,3,0,12,17.7,9.5,95,59.4
5934,184,24,3,8.6,2.9,0,5,1,8,19.2,12.9,87,54.4
5935,185,24,4.5,4.1,2.1,0,2,1,9,11.9,21.2,100,62.5
5936,186,24,14.4,8.8,3,1,0,0,12,18.9,13.4,140,87.5
5937,187,24,4.3,9.6,1.5,0,1,0,4,9.5,6.2,117,73.1
5938,188,24,5.8,7.7,4.3,1,2,2,6,20.1,10.0,90,56.2
5939,189,24,3.7,9.6,2.1,1,1,1,7,14.9,10.8,112,70
5940,190,24,3.7,3.1,3.3,1,3,0,12,15.7,8.3,101,63.1
5941,191,24,9.1,5.4,3.2,1,2,0,10,19.6,14.0,120,75
5942,192,24,4.9,8.2,2.7,1,2,2,10,10.0,10.9,106,66.2
5943,193,24,5.6,8.9,2,1,1,0,7,14.5,15.7,117,73.1
5944,194,24,5.1,10.6,3.6,1,1,2,11,17.5,7.7,108,67.5
5945,195,24,3.3,13.9,2.1,1,2,1,5,27.2,16.2,111,69.4
5946,196,24,5.5,2.5,3.9,1,3,2,7,17.0,10.9,85,53.1
5947,197,24,8.9,9.1,4,0,3,1,7,19.5,6.5,100,62.5
5948,198,24,4.3,10.8,3.4,0,5,2,4,16.6,20.2,81,50.6
5949,199,24,7,11.1,4,1,3,2,4,24.2,0.6,110,68.8
5950,200,24,9,11.1,2.6,1,1,0,11,6.0,5.6,139,86.9
5951,201,24,3.6,10.5,2.4,1,2,0,12,18.1,9.2,107,66.9
5952,202,24,8.2,12.8,2.8,1,2,1,6,9.1,21.5,120,75
5953,203,24,2.8,8.7,2.9,0,1,0,4,4.2,18.1,100,62.5
5954,204,24,7.6,10.4,3.1,1,0,0,5,17.4,15.9,128,80
5955,205,24,5,10.9,2.5,0,5,2,4,17.3,9.4,91,56.9
5956,206,24,3.7,11,3.4,1,2,1,11,12.9,18.2,112,70
5957,207,24,5.5,11.4,4.5,1,3,2,4,13.0,8.6,108,67.5
5958,208,24,4.5,4,1.7,1,0,3,10,33.9,16.7,95,59.4
5959,209,24,3.1,8.4,2.4,1,2,0,11,14.7,10.9,111,69.4
5960,210,24,8.8,1.9,2.9,0,1,2,5,18.0,9.4,106,66.2
5961,211,24,9.2,8.7,3.2,1,1,2,6,13.4,9.2,117,73.1
5962,212,24,3.9,9.5,3.5,1,3,0,6,19.2,10.8,98,61.2
5963,213,24,4.9,8.8,2.8,1,0,2,10,18.7,16.2,94,58.8
5964,214,24,4.7,10.1,3.1,1,3,4,12,13.7,11.1,94,58.8
5965,215,24,5.2,4.5,3.3,1,3,1,10,24.5,9.5,102,63.8
5966,216,24,3.5,3.6,2.9,1,6,0,6,25.6,20.4,78,48.8
5967,217,24,8.5,11.4,4,1,5,0,10,17.6,0.0,108,67.5
5968,218,24,5.9,10.7,3.2,1,6,1,10,2.0,9.5,115,71.9
5969,219,24,4,12.5,3.6,1,4,0,7,8.8,7.5,129,80.6
5970,220,24,4.8,8.9,3.4,0,1,0,5,27.7,13.1,110,68.8
5971,221,24,4.3,9.2,2.5,1,4,1,6,15.1,10.1,105,65.6
5972,222,24,5.4,10.6,2.6,1,3,2,11,20.7,10.1,110,68.8
5973,223,24,7.5,11.5,2.3,0,0,0,8,25.9,17.0,111,69.4
5974,224,24,7.6,4.4,3.1,1,1,0,5,20.5,19.6,105,65.6
5975,225,24,3.8,3.2,3.3,1,0,0,12,13.9,10.7,99,61.9
5976,226,24,6,10.3,3.2,1,3,2,8,2.0,7.6,121,75.6
5977,227,24,4.1,9.3,3.2,0,2,0,7,19.3,16.9,101,63.1
5978,228,24,3,10.4,2.7,1,4,2,4,9.1,0.0,111,69.4
5979,229,24,3.8,10.4,3.3,0,2,0,9,15.9,6.2,104,65
5980,230,24,5.8,9.6,4.1,1,5,1,8,10.3,16.5,96,60
5981,231,24,3.2,9.8,3.8,0,3,1,5,15.0,14.7,87,54.4
5982,232,24,4.4,3,4.1,1,5,0,11,15.2,11.4,95,59.4
5983,233,24,6.9,13.7,3.1,1,2,1,8,15.9,6.5,125,78.1
5984,234,24,4.4,9.2,3.4,1,2,0,4,8.6,4.2,119,74.4
5985,235,24,4.3,7.2,2.3,1,0,2,5,25.0,10.4,98,61.2
5986,236,24,4,4.9,1,1,2,1,6,13.6,17.3,114,71.2
5987,237,24,2.9,5.4,2.8,1,0,2,10,6.7,6.1,107,66.9
5988,238,24,5.2,10.7,3.4,1,1,1,10,15.5,10.3,111,69.4
5989,239,24,5.8,9.8,3.3,0,0,0,11,17.6,8.2,104,65
5990,240,24,6,4.2,4.4,1,1,4,9,19.9,16.1,75,46.9
5991,241,24,3.9,7.2,3.2,1,1,0,12,24.8,9.8,100,62.5
5992,242,24,3.9,6.2,3.4,1,1,1,6,16.9,11.5,95,59.4
5993,243,24,8,6.7,2.3,0,1,1,9,14.0,1.7,120,75
5994,244,24,4,14.3,3.7,1,2,1,9,11.5,3.9,103,64.4
5995,245,24,5.1,15,3.4,1,2,1,7,21.1,10.8,108,67.5
5996,246,24,2.4,nan,4.2,1,6,1,8,15.0,13.4,94,58.8
5997,247,24,3.8,7.4,2.2,1,2,0,10,14.5,2.2,124,77.5
5998,248,24,3.8,2.2,3.2,1,0,0,11,13.3,18.2,110,68.8
5999,249,24,3.2,12.8,3.2,1,1,0,12,2.8,0.0,130,81.2
6000,250,24,10.4,11.3,3.5,1,0,0,6,19.4,2.6,150,93.8
