match_id,year,venue_id,runs6,wkts6,runs10,wkts10,runs12,wkts12,runs15,wkts15,runs18,wkts18,final
1001349,2017,0,47,0,75,0,89,2,116,2,148,3,168
1001351,2017,1,60,1,80,2,103,2,125,4,159,6,173
1001353,2017,2,62,0,93,1,107,1,135,2,177,2,187
1004729,2016,3,63,1,87,1,97,2,122,3,150,4,169
1007655,2016,4,41,1,72,2,91,2,111,4,134,6,170
1007657,2016,4,35,4,52,4,57,5,76,6,86,8,99
1007659,2016,4,29,3,53,3,69,3,87,4,111,5,138
1019979,2017,5,34,4,65,4,70,5,97,5,123,7,141
1019981,2017,6,49,3,87,3,107,3,153,3,179,5,195
1019983,2017,6,41,2,55,3,79,3,125,3,165,3,194
1020029,2017,7,56,1,98,1,107,2,139,3,171,4,185
1031431,2017,8,43,3,62,3,73,3,93,3,116,3,142
1031433,2017,9,45,1,84,2,100,3,130,5,156,5,174
1031435,2017,10,46,1,88,1,116,1,139,3,166,5,181
1031665,2017,11,72,0,106,1,122,3,138,5,158,7,176
1034825,2017,12,47,1,75,2,88,3,106,5,128,6,147
1034827,2017,13,46,1,67,2,87,3,108,3,129,4,144
1034829,2017,14,53,1,78,2,99,2,132,3,177,3,202
1041615,2016,15,78,0,132,1,168,1,199,1,225,3,245
1041617,2016,15,54,2,76,3,92,5,110,6,133,9,143
1050217,2016,16,25,5,46,5,48,8,71,8,101,8,115
1050219,2016,16,39,1,73,2,86,3,110,3,145,3,160
1050221,2016,17,26,3,44,4,58,4,75,5,94,5,103
1072316,2018,18,29,3,49,4,60,4,83,5,103,7,117
1072317,2018,19,60,1,96,3,107,3,125,5,140,9,155
1072318,2018,0,42,3,67,3,72,4,88,4,120,5,137
1072319,2018,20,50,1,83,1,109,1,134,3,169,4,196
1072320,2018,7,67,0,114,0,152,1,184,2,220,4,243
1072321,2018,21,41,2,85,2,117,2,127,4,166,5,194
1072322,2018,7,63,2,92,5,100,6,116,8,129,8,150
1074957,2017,17,47,0,75,2,99,2,133,2,161,2,189
1074959,2017,17,44,2,60,3,70,3,94,6,122,6,146
1074961,2017,17,38,4,49,6,56,8,69,8,85,9,87
1074964,2017,17,17,3,56,3,73,4,95,5,121,7,148
1074965,2017,16,43,1,66,3,86,3,120,4,140,5,160
1074966,2017,16,66,1,89,2,96,2,121,3,155,3,183
1074968,2017,16,33,2,51,2,65,4,87,5,116,7,133
1074970,2017,16,71,0,102,2,125,3,150,3,187,5,211
1075507,2017,22,65,1,97,2,112,2,133,4,171,4,195
1075508,2017,23,45,2,78,3,95,3,134,3,178,4,224
1077947,2017,24,34,1,44,5,51,6,67,6,91,7,111
1077948,2017,25,33,1,49,3,67,4,87,5,108,8,132
1083449,2017,26,58,3,76,4,85,5,112,5,139,5,155
1083450,2017,26,68,0,101,2,118,2,136,3,166,5,176
1085495,2017,25,42,2,76,2,92,2,106,4,127,6,137
1085496,2017,25,42,1,59,2,73,3,83,6,108,7,124
1089202,2017,17,14,3,41,4,61,5,80,5,100,9,102
1089203,2017,17,48,2,77,3,92,3,106,3,152,3,180
1089243,2017,17,46,0,63,1,74,2,91,3,115,4,128
1098211,2017,27,66,2,93,2,114,2,140,2,164,6,190
1109610,2017,28,60,2,90,3,101,4,118,6,144,7,170
1115798,2017,29,40,1,81,1,93,2,124,4,153,5,187
1115800,2018,6,63,0,118,0,137,1,183,1,211,3,243
1115807,2018,20,24,4,39,6,47,6,63,7,88,8,105
1115808,2018,7,57,0,94,1,108,2,137,2,181,2,201
1115809,2018,6,45,1,72,2,93,2,121,3,156,5,181
1117821,2017,30,49,1,85,1,106,1,133,2,161,4,197
1117822,2017,30,43,1,78,1,99,1,121,2,151,3,174
1117824,2017,30,51,0,76,1,95,1,117,1,164,2,183
1119502,2017,32,38,4,61,5,69,6,85,7,104,8,118
1119542,2018,33,70,0,116,2,134,3,163,3,204,3,221
1119543,2018,34,53,1,77,1,100,2,112,5,148,7,159
1119544,2018,10,31,3,52,3,79,3,93,4,115,5,148
1119545,2018,9,73,0,111,2,120,2,150,4,181,6,198
1120093,2017,35,46,0,80,0,100,0,140,0,174,2,202
1120094,2017,36,48,0,83,0,108,1,147,2,179,2,196
1120291,2017,17,40,2,58,3,66,6,83,7,95,9,102
1120292,2017,17,42,0,61,1,73,1,98,1,111,5,124
1120293,2017,30,47,0,71,1,91,1,108,2,147,2,180
1122285,2018,38,78,2,110,3,128,3,157,4,183,4,203
1122286,2018,39,45,3,85,3,97,4,124,4,157,4,188
1122287,2018,40,57,1,81,2,102,2,125,3,147,4,172
1122729,2017,41,50,1,84,1,98,1,114,3,147,3,180
1122730,2017,42,59,0,117,0,149,0,196,1,236,1,260
1122731,2017,43,37,3,67,4,74,5,96,6,113,7,135
1127300,2018,44,50,2,82,2,96,3,124,3,174,3,204
1127301,2018,44,54,0,76,2,84,3,104,5,132,5,166
1130746,2018,45,71,1,100,1,113,3,139,3,171,3,193
1130747,2018,46,63,0,91,0,108,1,147,1,177,3,210
1133817,2018,28,40,2,80,2,100,2,124,3,153,4,174
1133818,2018,28,44,2,69,3,75,4,107,4,121,6,139
1133819,2018,28,70,1,98,1,123,1,150,4,184,4,214
1133821,2018,28,49,0,71,1,84,1,117,1,161,1,176
1133822,2018,28,35,4,53,5,68,5,99,5,137,5,159
1133823,2018,28,40,3,68,3,82,4,110,5,145,6,166
1140069,2018,47,56,1,94,2,110,2,137,2,159,5,203
1140070,2018,47,54,1,90,1,114,1,144,2,183,3,205
1140071,2018,47,29,1,64,1,76,2,96,4,123,5,153
1140384,2018,28,59,2,89,3,116,4,150,5,171,5,187
1140992,2018,48,59,0,94,0,111,0,148,0,187,2,208
1140993,2018,48,57,1,101,1,128,1,144,3,174,4,213
1141232,2018,49,51,0,87,1,101,3,137,3,165,4,199
1142501,2018,50,52,2,67,4,81,4,113,4,132,6,144
1142502,2018,50,61,1,84,3,98,3,123,4,145,6,158
1142503,2018,51,68,1,101,3,118,3,153,3,183,4,205
1142504,2018,51,73,0,106,1,115,1,132,2,158,3,185
1142505,2018,52,62,1,86,2,103,2,121,2,145,3,160
1142506,2018,52,77,1,109,1,134,1,155,2,199,2,221
1142589,2018,28,48,3,69,4,78,7,89,8,98,10,98
1142913,2018,4,42,1,78,3,97,3,121,4,154,4,182
1142914,2018,4,23,3,50,5,63,6,84,6,103,7,116
1142915,2018,4,75,0,106,0,119,0,163,0,200,0,229
1142916,2018,4,46,0,72,1,92,2,118,2,144,2,162
1142917,2018,4,51,1,81,2,103,2,134,4,159,5,194
1142918,2018,4,44,3,65,3,70,3,111,3,139,5,151
1142919,2018,4,54,0,96,1,109,2,137,2,168,5,183
1144149,2018,53,52,2,82,3,91,3,117,3,149,5,160
1144150,2018,23,34,2,56,3,61,3,97,4,115,6,132
1144161,2019,40,48,1,88,1,116,1,157,1,178,4,192
1144162,2019,38,44,0,61,1,84,1,115,2,152,3,188
1144163,2019,39,50,2,83,2,94,4,122,5,145,7,168
1144172,2019,40,42,3,65,3,76,4,94,5,113,5,134
1144173,2019,39,39,1,82,1,98,1,128,2,157,3,180
1144174,2019,38,38,1,70,1,96,1,127,2,173,2,198
1144992,2018,18,49,0,76,3,85,3,107,4,137,6,164
1146723,2018,56,43,4,95,5,107,5,121,6,132,7,143
1146724,2018,15,35,2,67,3,82,3,116,3,149,4,171
1146725,2018,15,71,2,97,3,105,4,137,4,164,5,184
1152840,2019,10,38,2,81,2,96,2,133,2,148,5,173
1153317,2018,46,54,4,73,4,86,5,102,5,123,8,129
1153318,2018,45,61,1,99,1,113,3,140,4,195,4,211
1153319,2018,45,88,1,123,4,134,4,168,5,187,7,190
1153696,2019,20,66,0,97,1,127,1,164,3,190,5,219
1153697,2019,7,43,3,60,4,97,4,121,4,145,5,158
1153698,2019,21,66,0,96,1,118,1,151,3,192,3,212
1153843,2019,7,33,4,55,5,68,5,103,6,156,7,179
1157372,2018,17,45,1,77,1,93,1,114,3,133,7,155
1157373,2018,16,46,1,69,1,86,1,104,2,128,4,147
1157374,2018,16,54,0,74,0,90,0,111,2,139,3,150
1157375,2018,17,31,2,61,2,78,3,101,4,123,6,148
1157376,2018,16,50,1,68,3,76,3,101,4,126,5,153
1157377,2018,16,33,1,67,1,86,1,112,1,145,2,166
1157759,2018,57,31,3,49,4,54,5,63,7,87,8,109
1157760,2018,58,49,0,83,0,96,0,129,1,169,2,195
1157761,2018,59,51,0,67,2,84,2,117,3,149,3,181
1158071,2019,60,43,3,67,3,90,3,102,5,139,7,160
1158072,2019,61,39,4,64,4,80,4,110,4,138,5,182
1162727,2018,62,21,3,37,3,52,3,65,3,92,5,117
1168247,2019,63,49,1,80,3,91,3,100,6,115,7,126
1168248,2019,64,53,0,73,2,81,3,113,3,157,3,190
1168522,2019,65,45,3,58,3,77,3,106,4,147,6,171
1170457,2019,66,40,2,63,3,81,3,114,4,138,6,153
1170458,2019,66,35,4,52,4,68,5,79,7,100,8,107
1172505,2019,67,43,3,63,4,83,4,113,5,136,6,153
1172506,2019,67,46,1,77,1,99,1,125,2,142,4,159
1172507,2019,67,30,1,46,2,69,2,106,2,138,4,166
1172508,2019,67,55,0,98,0,117,1,130,2,158,5,180
1172509,2019,67,79,0,119,1,132,2,145,6,164,7,182
1172510,2019,67,17,4,42,5,53,5,72,6,94,8,111
1176792,2019,68,60,1,94,2,119,2,153,3,190,3,216
1176793,2019,68,35,1,61,1,68,3,86,3,100,5,124
1176794,2019,68,35,2,53,2,84,2,114,3,137,5,156
1176795,2019,68,60,0,99,1,115,1,143,1,175,2,205
1177485,2019,66,49,1,90,1,99,2,136,4,163,7,182
1178996,2019,69,27,1,42,2,57,2,75,4,96,6,130
1183524,2019,2,57,0,112,0,128,1,178,1,216,1,233
1183525,2019,55,36,2,65,4,77,6,93,7,110,9,117
1183526,2019,0,41,2,65,2,76,3,104,4,118,5,142
1183528,2019,70,32,2,62,3,73,4,97,4,120,5,150
1183529,2019,71,34,3,59,4,69,4,89,6,104,8,106
1184258,2019,72,38,2,42,3,50,3,64,6,80,6,91
1184260,2019,73,41,2,73,2,90,3,107,4,126,5,142
1184261,2019,72,32,2,51,2,63,3,87,3,123,4,141
1184262,2019,72,43,2,68,4,93,4,115,5,145,6,167
1184263,2019,73,35,1,66,1,81,3,94,4,108,6,119
1184266,2019,72,30,1,59,4,65,4,78,4,98,6,113
1184900,2019,72,24,2,41,2,68,2,91,3,121,6,135
1184902,2019,73,30,2,43,2,56,2,73,4,121,5,145
1185181,2019,74,38,0,74,2,80,3,95,4,112,7,117
1185182,2019,74,35,0,66,1,88,2,106,4,126,6,141
1185184,2019,74,43,3,77,3,94,5,104,6,118,8,131
1185185,2019,75,54,0,76,2,88,3,108,6,115,8,121
1185186,2019,74,47,1,74,2,97,2,121,2,146,4,160
1185188,2019,75,26,2,55,4,65,5,75,6,91,9,99
1185190,2019,75,38,2,54,5,69,5,84,5,109,5,134
1185192,2019,75,46,2,65,3,86,3,104,5,131,5,149
1185193,2019,74,24,2,50,3,55,4,77,5,98,6,109
1185313,2020,53,68,1,105,1,113,3,135,3,169,4,177
1185314,2020,76,55,1,90,3,104,3,125,4,176,6,204
1185315,2020,39,64,0,100,2,116,3,164,3,195,4,222
1185316,2020,38,70,1,99,2,116,3,147,4,169,5,196
1185317,2020,77,59,0,81,1,95,2,122,3,142,3,158
1185318,2020,40,75,0,114,0,121,1,145,2,165,4,193
1186488,2019,78,30,1,46,2,60,2,92,3,108,6,113
1186490,2019,78,46,1,65,2,73,3,98,3,114,6,130
1186491,2019,78,36,2,63,5,74,6,85,6,110,6,127
1186493,2019,78,65,1,83,1,93,2,120,4,139,6,153
1187005,2019,79,39,1,78,1,90,2,110,3,129,4,149
1187006,2019,64,54,1,76,3,87,3,99,6,118,6,134
1187013,2019,35,35,1,69,2,75,3,95,4,118,5,148
1187014,2019,36,54,0,78,1,97,2,112,4,140,5,153
1187015,2019,13,41,2,71,2,94,2,129,3,157,5,174
1187018,2019,80,66,2,101,2,120,3,144,3,178,5,207
1187019,2019,37,42,1,93,2,112,3,132,4,156,5,170
1187020,2019,43,72,0,116,0,136,1,173,2,204,2,240
1187665,2019,81,39,2,72,2,83,3,105,4,138,4,153
1187666,2019,20,53,1,96,3,110,4,128,5,151,7,176
1187667,2019,29,52,2,84,3,101,3,136,4,163,5,180
1187668,2019,5,48,1,88,2,120,2,156,2,208,2,241
1187677,2020,7,68,0,91,1,116,2,143,3,182,5,203
1187678,2020,7,48,1,73,2,79,3,94,4,118,4,132
1187679,2020,21,69,0,92,1,99,3,127,3,151,4,179
1187680,2020,20,51,2,83,4,88,6,112,6,144,8,165
1187681,2020,6,53,1,84,1,101,2,117,2,143,2,163
1188379,2019,50,70,1,96,4,108,4,137,4,166,5,199
1188380,2019,50,55,3,82,3,99,4,120,6,132,7,152
1188621,2019,15,33,5,45,5,54,5,70,6,88,7,95
1188622,2019,15,52,0,77,1,98,1,126,2,141,4,167
1188623,2019,82,22,3,58,3,73,3,100,4,121,6,146
1189743,2019,74,26,1,50,3,62,5,74,5,99,7,118
1189744,2019,74,44,2,79,3,92,3,131,3,142,7,158
1190767,2019,83,38,0,83,1,104,1,128,2,169,3,186
1190768,2019,83,34,1,64,2,87,2,109,3,149,5,162
1190769,2019,83,49,1,67,2,75,3,92,4,109,5,122
1190772,2019,83,63,1,97,1,112,2,134,4,170,4,197
1190773,2019,83,28,2,46,4,57,5,70,6,89,9,92
1190774,2019,83,46,3,71,5,80,5,96,7,111,8,141
1190775,2019,83,53,2,83,2,106,2,117,4,140,7,144
1190776,2019,83,45,1,96,1,109,2,138,2,174,4,191
1191006,2019,52,42,2,72,3,80,4,102,4,123,5,136
1191008,2019,84,51,1,73,2,80,3,102,4,134,4,150
1192223,2019,78,43,1,61,2,71,2,96,3,118,5,128
1192224,2019,78,42,3,70,3,82,3,107,4,148,5,173
1192875,2019,85,50,1,73,2,89,2,114,2,144,3,174
1192876,2019,85,38,1,69,2,89,2,116,4,148,6,161
1192877,2019,85,36,1,56,3,76,3,100,5,111,8,125
1197143,2019,86,55,2,83,3,102,3,134,3,152,4,175
1197396,2019,87,38,2,68,3,76,4,111,4,131,6,141
1197397,2019,87,43,2,75,2,103,2,137,4,174,5,196
1197399,2019,47,20,3,36,3,41,5,46,6,59,6,68
1197400,2019,87,31,0,42,1,57,1,87,3,105,7,116
1197401,2019,87,53,1,77,2,88,3,99,4,119,5,144
1197402,2019,87,28,1,48,3,54,3,63,5,80,6,91
1197403,2019,88,39,3,59,4,72,4,99,6,116,8,141
1197404,2019,87,25,2,40,5,49,6,56,7,62,8,66
1197406,2019,87,44,2,75,3,98,3,129,4,157,6,173
1197407,2019,87,33,1,50,2,63,4,86,4,111,8,114
1197507,2019,89,58,0,85,2,94,3,117,4,158,4,193
1197508,2019,89,66,1,110,1,129,3,166,3,200,3,240
1197509,2019,89,64,2,79,3,94,3,112,5,152,6,174
1197510,2019,89,33,1,46,4,54,4,60,7,76,7,85
1197521,2019,67,54,1,93,2,112,2,130,3,157,3,167
1197522,2019,67,38,2,67,3,82,3,117,3,147,6,173
1197523,2019,67,42,3,63,3,72,3,99,3,113,5,125
1197524,2019,67,51,2,81,2,94,2,105,4,122,7,133
1197525,2019,67,63,0,87,1,110,2,141,3,183,4,208
1197526,2019,67,47,1,87,1,96,3,112,4,123,7,145
1197527,2019,67,43,2,73,5,84,7,93,9,94,10,94
1197528,2019,67,50,1,96,1,106,2,121,4,159,4,185
1198235,2020,8,55,1,75,3,92,4,117,5,147,6,162
1198236,2020,8,39,3,60,3,79,4,101,5,128,5,157
1198237,2020,8,33,1,69,2,83,3,110,4,136,5,145
1198245,2020,34,51,0,87,1,109,1,132,2,177,3,195
1198246,2020,34,47,2,84,2,108,2,134,3,170,3,190
1198489,2019,30,64,0,84,1,100,1,126,2,153,3,165
1198490,2019,30,52,2,80,2,106,2,135,2,155,6,182
1198491,2019,30,44,3,72,4,87,4,104,4,134,5,147
1199499,2019,66,51,2,77,3,97,3,117,3,146,5,168
1199500,2019,17,41,2,74,2,87,2,113,3,135,4,153
1199501,2019,66,61,1,86,1,108,1,123,3,143,4,166
1199502,2019,17,30,3,46,3,55,4,73,4,99,5,108
1199503,2019,66,33,5,60,7,72,7,81,8,89,10,89
1199504,2019,17,57,2,89,2,101,3,128,3,157,3,184
1199505,2019,66,25,2,50,3,64,3,89,4,123,5,140
1199506,2019,90,43,2,60,2,89,2,116,4,144,5,170
1199507,2019,17,41,1,55,3,68,4,87,4,113,4,125
1199508,2019,90,56,0,100,0,123,0,139,3,181,3,197
1199509,2019,62,42,0,58,2,75,2,121,2,158,3,176
1199510,2019,90,25,2,48,3,59,4,88,4,117,6,149
1199511,2019,17,35,1,53,3,65,5,83,6,95,8,102
1199512,2019,66,42,2,70,2,80,3,98,4,124,5,146
1199513,2019,17,35,0,55,1,67,2,88,2,108,3,116
1199514,2019,62,45,1,79,2,93,2,119,3,154,3,183
1199515,2019,66,36,2,56,3,66,4,89,4,117,4,138
1199516,2019,17,44,2,75,3,88,3,100,4,136,6,159
1199517,2019,66,40,2,60,3,79,3,100,4,137,4,159
1199518,2019,66,35,0,65,1,76,3,86,6,96,9,101
1199519,2019,62,42,2,67,3,75,4,104,5,136,6,147
1199520,2019,90,25,3,42,6,49,7,67,8,90,9,106
1199521,2019,62,22,1,38,4,45,4,52,6,65,7,71
1199522,2019,90,44,2,64,2,88,2,113,3,148,5,157
1199523,2019,17,35,1,72,1,92,1,124,1,142,4,156
1199524,2019,17,52,1,76,3,81,6,93,6,118,6,144
1199525,2019,66,37,3,56,5,63,5,77,7,100,7,126
1199526,2019,62,18,2,31,3,39,3,70,3,101,3,111
1199527,2019,62,33,3,59,3,73,4,99,5,129,5,150
1199528,2019,16,37,1,76,2,100,2,138,3,179,3,204
1199529,2019,16,61,1,89,3,101,3,127,4,159,4,180
1199530,2019,62,37,3,49,5,62,5,76,7,93,8,105
1199531,2019,16,52,1,75,1,87,3,114,5,136,5,181
1199532,2019,17,56,0,76,2,92,2,110,4,133,4,144
1199533,2019,17,22,3,33,4,41,5,50,5,61,7,66
1199534,2019,16,51,0,87,0,113,0,138,2,174,2,206
1199535,2019,16,52,2,81,3,95,3,139,4,174,4,191
1199536,2019,16,22,6,44,6,55,6,81,6,105,9,118
1199537,2019,62,30,2,43,4,49,4,56,5,69,7,81
1199538,2019,17,51,0,73,3,87,4,107,5,122,6,141
1199539,2019,16,49,1,65,3,75,3,99,5,118,7,130
1199540,2019,17,41,2,58,3,71,3,95,3,124,5,154
1199541,2019,16,14,5,31,5,40,5,47,7,64,7,80
1199542,2019,16,36,3,55,4,69,4,94,5,149,5,161
1199543,2019,16,46,0,81,0,96,1,127,2,171,5,198
1199544,2019,16,28,3,46,6,57,6,71,6,101,7,134
1199545,2019,66,56,1,80,2,93,3,112,4,141,5,167
1199546,2019,16,33,2,61,2,73,3,102,4,128,4,158
1199547,2019,16,32,3,56,3,65,3,91,4,113,5,130
1199548,2019,16,44,1,77,3,87,4,106,5,120,8,135
1199549,2019,16,30,3,52,3,71,3,85,5,102,7,128
1200425,2019,48,72,0,116,0,152,0,200,0,231,2,252
1200426,2019,48,53,2,91,3,113,4,148,4,174,7,193
1200427,2019,48,62,2,110,2,128,3,145,4,160,5,181
1200428,2019,48,47,2,60,5,69,5,87,6,108,6,123
1201668,2019,91,18,2,43,4,49,6,61,6,73,6,87
1201669,2019,91,41,2,61,2,69,2,77,4,99,5,113
1201670,2019,91,23,0,47,1,52,1,69,3,89,4,98
1201671,2019,91,37,0,70,1,88,1,111,3,135,5,143
1201673,2019,91,36,3,51,3,58,4,73,6,92,7,95
1201680,2019,83,30,1,55,3,67,4,88,4,108,6,132
1201681,2019,83,50,1,74,2,83,2,104,3,134,3,151
1201683,2019,83,43,3,72,3,91,3,118,5,142,5,160
1201685,2019,83,67,1,111,1,115,2,133,4,153,5,167
1202007,2019,78,50,0,70,1,85,3,113,3,131,4,151
1202008,2019,78,60,1,88,2,107,2,131,2,161,5,188
1202009,2019,78,38,3,67,4,83,4,99,7,118,8,134
1202010,2019,78,36,2,54,3,63,4,90,4,115,5,144
1202011,2019,78,51,1,101,1,114,2,154,2,176,3,206
1202243,2020,42,48,1,67,2,84,3,104,5,127,6,142
1202244,2020,92,63,0,92,0,112,2,138,4,167,6,201
1203676,2020,93,93,0,130,0,153,0,160,2,198,4,208
1203678,2020,61,61,2,92,4,102,6,115,8,135,9,138
1207081,2020,94,36,2,61,3,73,3,101,4,122,6,139
1207082,2020,94,34,0,70,0,97,0,123,1,144,3,180
1208606,2019,95,81,0,132,1,145,2,184,2,219,3,236
1208609,2019,95,48,3,72,4,84,5,105,5,130,6,163
1208612,2019,95,40,2,55,3,63,3,83,3,105,4,117
1208613,2019,95,25,2,44,6,53,7,64,7,75,8,94
1213058,2020,30,35,0,62,0,79,1,100,3,124,4,141
1213059,2020,30,33,2,57,3,74,3,88,4,119,5,136
1214670,2020,45,59,0,91,0,98,1,125,2,170,3,200
1214671,2020,45,31,1,62,1,71,2,85,3,107,5,119
1215138,2020,78,33,1,61,3,80,3,105,4,131,7,152
1215139,2020,78,48,1,77,2,97,2,120,3,147,5,167
1215140,2020,78,52,1,73,3,93,3,125,3,154,3,171
1215159,2020,67,39,2,71,2,81,2,96,3,118,6,129
1215160,2020,96,54,1,72,3,86,3,135,3,149,7,150
1215161,2020,67,20,2,41,3,49,4,77,5,93,7,106
1215162,2020,96,40,3,56,4,64,6,75,7,91,7,108
1215163,2020,67,68,0,105,0,123,0,143,2,171,3,210
1215164,2020,96,51,2,71,3,88,4,102,7,121,8,122
1215165,2020,67,56,0,86,1,103,2,131,2,171,4,199
1217738,2020,97,31,1,60,2,75,2,98,2,115,5,139
1217740,2020,97,48,0,84,2,100,3,115,4,135,5,154
1217741,2020,97,13,3,27,4,41,4,68,4,77,7,85
1217742,2020,97,59,0,91,0,113,1,157,1,203,2,239
1217743,2020,97,31,3,41,3,45,4,59,6,70,8,77
1217744,2020,97,13,2,25,4,39,4,49,6,54,8,66
1217745,2020,97,59,1,83,1,96,3,115,3,140,4,168
1217747,2020,97,41,1,60,3,69,3,94,4,121,5,132
1223952,2020,70,42,1,75,2,89,3,97,5,127,6,161
1223953,2020,18,59,1,91,2,111,2,132,3,169,4,194
1223954,2020,18,51,1,82,2,101,2,139,2,168,2,186
1229820,2020,98,35,2,56,4,69,4,104,5,145,6,165
1229822,2020,98,46,4,64,5,72,5,90,5,137,6,161
1229823,2020,98,27,2,56,3,85,3,123,4,156,5,184
1229824,2020,75,35,2,56,2,61,3,73,4,91,6,100
1233464,2020,99,42,2,77,3,91,4,110,4,130,5,156
1233465,2020,99,45,3,66,5,74,5,96,6,120,6,134
1233466,2020,99,39,2,58,4,74,4,87,7,120,7,129
1233955,2020,6,49,1,84,2,113,2,160,2,215,2,238
1233959,2020,7,29,4,48,5,66,5,99,6,134,7,153
1233960,2020,21,33,3,65,4,78,4,107,4,134,6,163
1233961,2020,5,47,2,76,3,90,3,120,4,149,5,173
1233971,2021,81,34,3,67,3,91,3,118,4,151,5,184
1233972,2021,100,45,1,85,1,123,1,163,2,195,4,219
1233973,2021,20,47,1,89,2,109,2,145,2,194,4,208
1233974,2021,20,38,1,70,3,85,3,100,5,123,6,156
1233975,2021,101,47,1,74,2,86,3,106,4,124,6,142
1233979,2021,21,48,1,88,2,102,2,133,2,176,3,210
1235829,2020,102,38,1,62,3,70,4,85,4,111,4,128
1237122,2020,40,57,1,86,2,96,2,127,3,158,4,179
1237123,2020,103,50,2,75,3,82,4,102,5,127,5,146
1237124,2020,40,44,1,66,3,84,3,107,3,154,3,191
1239540,2021,104,49,0,80,0,111,0,155,1,205,3,232
1239541,2021,105,66,2,105,3,121,3,154,5,190,7,200
1239542,2021,106,50,1,73,3,92,3,113,3,135,6,154
1243019,2021,30,45,2,71,3,99,3,123,4,143,6,169
1243020,2021,30,46,2,68,3,87,3,96,4,126,5,144
1243021,2021,30,41,3,61,6,76,7,106,7,133,8,164
1243388,2021,107,22,3,48,4,58,4,83,4,105,6,124
1243389,2021,107,44,1,83,2,97,3,129,4,149,5,164
1243390,2021,107,24,3,55,3,71,4,87,5,131,5,156
1243391,2021,107,45,1,75,3,92,3,128,4,167,5,185
1243392,2021,107,60,0,110,1,133,1,157,2,193,2,224
1249206,2021,108,39,2,57,4,74,4,94,5,104,6,129
1249207,2021,108,26,2,47,2,65,2,81,5,90,7,111
1249208,2021,109,48,0,93,0,106,1,143,1,160,4,180
1251575,2021,110,48,2,98,2,116,3,151,3,169,5,188
1251576,2021,110,35,2,65,2,90,3,102,4,128,7,140
1251577,2021,111,65,0,100,0,130,1,148,3,181,4,203
1251578,2021,111,53,1,85,2,100,2,119,5,141,8,144
1251953,2021,112,48,3,75,3,89,4,120,5,144,6,165
1251954,2021,113,38,3,58,5,68,5,91,5,123,6,159
1251955,2021,113,35,0,63,0,87,0,123,0,160,2,189
1252066,2021,114,40,1,71,2,82,2,100,5,117,7,131
1252067,2021,114,56,0,94,0,100,2,118,3,142,5,160
1252068,2021,114,27,3,47,4,61,4,82,4,111,4,131
1256720,2022,115,26,4,39,5,49,7,81,7,95,8,103
1256721,2022,115,40,2,64,2,97,2,118,5,153,6,171
1256722,2022,115,54,2,96,2,111,2,153,2,199,3,224
1256723,2022,115,45,1,84,1,96,2,118,3,162,3,193
1256724,2022,115,58,0,86,2,95,3,105,4,146,4,179
1257183,2021,4,42,1,67,3,82,3,96,4,124,7,149
1257184,2021,4,25,1,47,1,65,2,85,5,114,6,118
1257185,2021,4,43,1,66,1,81,1,109,1,140,1,165
1257404,2021,116,39,1,59,2,66,2,89,3,110,4,134
1257405,2021,117,30,3,47,4,68,4,91,4,117,5,134
1257406,2021,117,58,0,87,1,97,1,129,1,159,3,189
1257945,2021,118,23,2,50,2,62,2,77,3,109,4,136
1257946,2021,118,45,1,76,2,87,2,128,2,159,2,191
1257947,2021,118,44,2,68,4,77,6,101,7,109,10,109
1257948,2021,118,60,1,85,2,107,2,142,3,185,6,206
1257950,2021,118,54,1,97,1,112,3,147,3,190,5,217
1257951,2021,118,56,1,91,2,113,2,157,2,206,3,238
1262758,2021,119,51,1,78,2,101,2,121,3,147,4,164
1262759,2021,119,45,0,61,1,81,1,94,2,114,4,132
1262760,2021,119,29,4,39,5,43,5,55,6,66,8,81
1263151,2021,120,53,1,86,2,100,3,114,4,140,4,160
1263152,2021,120,69,0,95,1,110,2,138,3,157,6,166
1263153,2021,120,51,2,91,3,103,3,131,3,150,5,167
1263154,2021,120,57,2,67,3,79,4,99,5,124,6,167
1263155,2021,120,49,1,87,1,112,1,136,2,153,4,168
1263156,2021,121,24,2,53,3,66,4,92,4,125,5,145
1263157,2021,121,46,2,73,3,88,3,129,3,164,4,196
1263158,2021,121,45,1,72,2,81,4,99,4,130,4,141
1263159,2021,121,72,1,112,1,131,3,146,4,168,6,189
1263160,2021,121,81,1,119,2,127,3,169,4,183,7,199
1263165,2021,82,55,1,85,1,94,1,117,2,145,5,157
1263471,2022,18,37,1,75,1,92,3,111,5,143,7,149
1263472,2022,18,52,1,80,2,100,3,121,4,144,4,164
1263473,2022,122,37,2,51,4,58,4,76,4,102,5,121
1263474,2022,0,41,1,73,1,83,2,104,2,119,6,139
1263475,2022,0,22,2,58,3,78,3,96,5,137,5,154
1263708,2021,123,44,0,75,0,85,2,93,3,115,3,126
1263710,2021,123,45,1,60,2,78,2,105,3,133,5,162
1263711,2021,123,46,1,79,3,88,4,107,5,135,7,161
1263712,2021,123,43,2,78,2,92,2,132,2,160,3,179
1267304,2021,124,44,5,69,5,85,5,130,5,146,6,157
1267306,2021,124,52,3,79,3,87,4,110,5,128,7,144
1267307,2021,124,55,3,89,4,107,4,125,7,146,8,157
1267308,2021,124,84,1,123,4,137,6,156,7,182,9,191
1267310,2021,124,32,0,50,1,61,2,87,3,106,5,115
1267311,2021,124,46,3,78,5,86,6,104,7,125,9,140
1267680,2021,4,50,1,91,2,101,4,120,6,143,8,152
1267681,2021,4,48,2,77,2,90,2,112,3,140,5,166
1267682,2021,4,63,1,101,1,126,3,146,3,175,4,193
1268188,2021,125,24,2,50,2,62,2,73,4,91,6,99
1268190,2021,125,27,3,44,3,58,3,67,5,88,8,114
1268191,2021,125,34,3,56,6,68,7,88,9,116,9,128
1268192,2021,125,35,1,59,3,95,3,122,4,141,5,172
1270834,2021,45,33,1,58,2,67,2,89,4,114,6,131
1270835,2021,45,32,2,53,2,67,2,90,3,105,6,121
1270836,2021,45,28,2,60,3,76,4,93,5,114,6,127
1270837,2021,45,30,1,48,2,56,4,70,5,85,7,104
1270838,2021,45,46,1,60,3,75,3,102,5,110,6,122
1271445,2021,126,12,6,23,7,29,7,45,7,71,8,76
1271446,2021,126,42,2,51,5,58,5,69,5,94,7,112
1271448,2021,126,39,0,59,1,81,1,106,1,132,2,164
1271449,2021,126,30,1,49,2,65,3,95,4,113,8,131
1271450,2021,126,43,2,60,2,78,2,92,3,147,4,185
1271451,2021,126,19,1,44,3,53,4,69,5,101,6,127
1271630,2021,119,47,0,73,1,84,2,107,3,147,3,163
1271631,2021,119,52,2,75,4,83,5,97,6,103,9,103
1271632,2021,119,47,3,62,4,74,4,86,7,100,7,120
1272093,2021,45,18,4,40,4,46,6,55,9,60,10,60
1272094,2021,45,36,0,60,2,83,3,103,3,117,5,141
1272095,2021,45,40,1,60,4,67,5,82,5,108,5,128
1272096,2021,45,22,2,46,2,52,5,72,5,89,7,93
1272097,2021,45,58,2,81,3,89,4,107,4,133,5,161
1272373,2021,127,38,2,65,3,79,4,88,5,107,6,117
1272374,2021,127,39,2,64,4,69,5,93,5,125,5,152
1272375,2021,128,33,1,60,1,72,1,106,1,137,2,178
1272376,2021,128,57,0,89,0,100,1,134,2,152,4,174
1272377,2021,128,34,2,51,3,66,3,87,3,110,4,124
1273133,2021,129,27,0,49,1,61,1,82,1,124,2,135
1273134,2021,129,50,1,73,4,79,5,95,6,117,8,122
1273136,2021,130,32,1,71,1,86,1,103,1,134,3,148
1273138,2021,130,42,3,65,3,87,3,121,3,164,3,197
1273139,2021,130,68,1,114,1,133,1,151,3,187,4,218
1273141,2021,131,57,0,86,1,99,1,132,2,148,5,164
1273143,2021,131,37,3,55,4,71,4,84,5,112,8,136
1273144,2021,131,42,0,62,1,90,1,121,3,142,4,166
1273145,2021,131,48,2,79,2,88,4,97,6,126,8,147
1273147,2021,132,34,3,59,3,71,5,96,5,115,6,141
1273148,2021,132,34,2,60,3,66,4,84,4,121,4,141
1273149,2021,132,36,2,54,3,62,4,99,4,123,7,145
1273271,2021,133,32,4,59,4,74,4,97,5,121,6,141
1273272,2021,133,38,3,59,3,74,3,92,4,117,5,136
1273273,2021,133,50,1,81,3,91,3,115,3,138,3,177
1273712,2021,67,40,2,70,2,85,3,112,4,120,9,129
1273713,2021,67,39,1,51,3,55,6,87,6,119,7,140
1273714,2021,134,25,2,52,6,59,6,80,6,99,7,106
1273715,2021,134,30,2,54,2,68,2,82,5,92,7,96
1273716,2021,67,37,2,67,2,91,2,120,3,150,3,165
1273717,2021,67,29,2,63,2,88,2,112,4,137,6,153
1273718,2021,134,45,1,69,2,86,2,116,2,140,3,164
1273719,2021,134,47,3,78,3,95,3,130,3,150,5,171
1273720,2021,67,45,1,71,2,89,3,113,4,153,6,181
1273721,2021,67,37,2,53,3,72,3,94,5,106,7,122
1273722,2021,135,55,0,71,2,84,2,95,3,112,6,125
1273724,2021,134,29,3,59,4,71,4,83,7,101,8,118
1273726,2021,135,41,1,72,2,87,2,118,2,149,3,171
1273727,2021,16,36,3,60,3,81,3,100,4,127,5,151
1273729,2021,16,43,0,65,0,86,1,95,3,131,4,143
1273730,2021,135,42,1,60,3,75,3,100,4,119,6,134
1273731,2021,134,27,3,60,3,66,4,83,6,102,7,124
1273732,2021,134,22,4,43,4,58,5,84,5,99,6,109
1273733,2021,16,53,1,79,2,90,4,105,5,135,6,154
1273734,2021,135,29,2,48,3,61,3,84,4,119,4,142
1273736,2021,135,39,1,67,3,79,4,94,5,129,6,142
1273737,2021,16,21,3,41,4,51,5,67,5,110,6,125
1273739,2021,16,35,2,48,3,58,4,73,5,94,5,110
1273740,2021,135,36,3,47,3,61,3,105,3,141,3,163
1273741,2021,134,28,3,40,5,46,6,62,6,84,8,84
1273742,2021,134,29,0,59,0,89,0,118,1,155,2,189
1273743,2021,16,52,2,70,3,92,3,120,3,155,3,172
1273745,2021,16,33,4,58,5,64,7,73,10,73,10,73
1273746,2021,134,48,1,82,1,101,1,132,1,170,2,189
1273747,2021,135,43,1,62,2,81,2,91,4,131,4,163
1273748,2021,16,27,2,44,4,60,5,70,6,85,10,85
1273749,2021,134,50,3,74,4,87,4,99,5,136,6,157
1273750,2021,135,40,1,73,1,91,2,118,2,160,2,189
1273752,2021,135,35,0,60,2,75,2,112,3,146,4,189
1273753,2021,16,34,2,51,4,67,4,93,6,114,7,132
1273754,2021,134,40,1,67,2,85,2,110,2,146,3,166
1273755,2021,16,47,0,71,1,89,1,117,1,158,2,176
1273756,2021,16,32,1,57,1,81,2,114,2,149,4,172
1275039,2021,136,33,3,50,4,60,5,77,6,90,7,107
1275040,2021,136,39,1,58,2,76,2,110,3,131,4,152
1275042,2021,136,42,1,71,2,90,2,116,2,146,3,162
1275043,2021,136,42,2,70,6,75,6,89,8,106,8,123
1275044,2021,136,43,1,76,1,96,1,121,2,140,4,151
1275047,2021,136,31,0,53,2,75,2,117,2,155,2,172
1275051,2021,136,35,0,59,1,79,2,93,5,111,6,120
1275052,2021,137,27,2,36,5,49,5,86,6,106,7,128
1275053,2021,137,32,3,62,3,67,5,83,6,102,7,115
1275054,2021,137,39,4,62,7,68,7,87,7,105,9,119
1275268,2021,138,64,3,105,3,113,5,138,5,179,7,211
1275269,2021,138,43,1,84,1,108,1,124,2,168,2,187
1275270,2021,138,52,0,82,1,105,1,130,2,153,4,165
1275271,2021,138,32,5,58,6,71,6,84,7,102,8,112
1275272,2021,138,55,3,87,3,111,3,140,3,173,5,195
1275274,2021,138,54,1,82,2,101,3,128,3,160,4,179
1275275,2021,138,66,1,98,2,120,2,152,3,188,5,202
1275276,2021,138,33,1,74,1,95,1,118,3,143,4,170
1275277,2021,138,49,3,80,4,90,4,125,5,148,6,156
1276904,2022,109,66,2,105,3,126,4,157,4,182,6,198
1276905,2022,139,61,1,86,3,91,5,115,5,152,7,170
1276906,2022,104,52,1,86,3,111,3,152,3,190,5,215
1276913,2022,140,48,2,98,2,112,3,148,3,218,4,234
1276914,2022,108,58,1,100,1,118,2,154,3,191,3,207
1276915,2022,109,53,1,80,2,93,2,127,2,166,3,191
1277974,2021,45,25,3,40,4,59,4,80,5,101,6,127
1277975,2021,45,36,2,64,3,78,3,85,5,100,6,108
1277976,2021,45,33,1,52,2,69,2,89,3,110,3,124
1278671,2021,141,41,1,65,1,96,1,123,3,152,4,164
1278672,2021,142,64,1,84,2,94,3,125,3,140,6,153
1278673,2021,143,69,0,90,3,108,4,134,4,156,6,184
1278679,2022,143,44,1,71,2,78,4,96,5,135,6,157
1278680,2022,143,49,1,76,3,88,3,124,4,164,4,186
1278681,2022,143,43,1,68,3,81,3,98,4,142,4,184
1278684,2022,144,58,0,98,0,112,1,130,1,165,2,199
1278685,2022,145,32,0,71,2,80,3,103,4,144,4,183
1278686,2022,145,18,3,43,4,60,4,78,5,115,5,146
1278687,2022,146,51,0,102,1,117,1,150,2,187,3,211
1278688,2022,147,42,1,71,3,87,3,104,5,118,6,148
1278689,2022,148,57,0,97,1,120,1,138,3,156,4,179
1278690,2022,149,40,2,56,3,78,3,96,4,140,4,169
1279379,2021,151,23,3,43,4,61,4,87,4,93,7,102
1279380,2021,151,37,0,55,1,80,1,97,2,112,5,130
1279381,2021,151,18,3,32,6,40,7,63,7,84,7,92
1279382,2021,151,43,1,62,2,70,3,94,4,110,6,118
1279383,2021,151,39,1,73,2,84,2,110,3,138,6,149
1279385,2021,151,50,2,87,3,106,3,134,3,150,6,160
1279386,2021,151,26,3,38,5,42,5,67,6,71,10,71
1280058,2021,152,27,3,47,3,70,4,91,5,113,7,137
1280059,2021,152,42,1,70,4,82,4,110,4,147,4,174
1280060,2021,152,26,3,50,4,60,4,87,4,97,7,123
1280061,2021,152,45,1,68,2,87,2,109,2,128,4,163
1280062,2021,152,41,0,76,0,85,1,103,2,121,4,134
1280063,2021,152,54,1,79,2,83,3,105,4,136,5,154
1282272,2021,125,40,1,81,1,113,3,138,4,176,5,213
1282273,2021,125,30,2,59,3,76,3,104,4,121,6,133
1282275,2021,125,23,3,38,4,47,6,56,7,73,8,81
1282276,2021,125,52,2,83,4,92,5,109,6,133,7,150
1282278,2021,125,73,0,115,0,132,1,148,2,171,6,177
1282279,2021,125,37,2,68,2,86,4,106,5,149,7,176
1282738,2021,137,35,1,67,1,77,3,96,4,122,6,137
1282739,2021,137,26,2,37,4,45,5,65,5,91,7,100
1282740,2021,137,28,2,48,3,53,4,68,5,90,5,110
1282741,2021,137,29,1,62,2,78,3,95,4,106,5,139
1282742,2021,137,15,3,29,4,42,4,52,6,75,9,94
1282743,2021,137,19,0,49,0,55,2,72,4,83,5,103
1282744,2021,137,48,0,81,0,93,1,104,1,124,4,141
1282745,2021,137,18,2,32,3,40,4,56,6,78,7,85
1282746,2021,137,33,2,49,3,55,4,68,6,94,7,100
1282747,2021,137,25,1,51,1,64,1,85,2,97,5,119
1282748,2021,137,47,1,70,4,78,5,87,5,103,6,117
1282749,2021,137,29,2,56,2,71,3,80,5,102,6,130
1283021,2021,131,48,1,71,1,93,2,122,4,141,6,153
1283023,2021,131,31,3,47,7,57,7,82,8,89,9,95
1283024,2021,153,15,0,40,0,56,0,72,3,88,4,98
1283025,2021,131,36,0,61,2,68,3,83,5,107,8,131
1283026,2021,153,48,2,68,2,78,5,86,8,96,9,97
1283029,2021,131,20,2,31,4,46,4,68,4,89,7,95
1283033,2021,131,36,2,61,2,70,2,83,2,114,2,142
1283034,2021,153,24,0,37,4,39,4,53,6,63,7,74
1283037,2021,131,43,0,80,1,94,2,114,2,153,4,176
1283038,2021,131,39,3,54,5,60,6,69,8,77,10,77
1283040,2021,131,31,1,54,1,72,1,89,1,122,1,139
1283041,2021,153,41,1,65,2,78,2,102,3,135,4,164
1283042,2021,131,44,1,80,1,91,1,120,2,142,3,157
1283043,2021,131,92,2,128,2,149,2,180,3,219,6,242
1283044,2021,131,61,0,100,0,143,0,163,2,197,3,209
1283045,2021,131,25,1,41,4,49,4,68,8,82,8,99
1283046,2021,131,16,1,34,3,38,5,43,9,51,10,51
1283047,2021,131,38,2,55,4,58,5,78,7,86,8,96
1283048,2021,131,37,0,55,0,70,1,112,1,133,4,152
1283049,2021,131,69,1,101,3,119,3,159,3,204,5,240
1283050,2021,131,30,4,42,4,51,6,62,7,79,7,89
1283051,2021,131,44,3,75,4,86,4,101,5,134,8,143
1283089,2021,154,21,3,33,6,40,6,59,6,89,6,99
1283091,2021,154,24,2,46,5,58,5,81,6,102,7,124
1283092,2021,154,8,2,19,2,26,3,43,4,64,5,84
1283093,2021,154,17,1,43,2,56,3,80,6,90,10,90
1283094,2021,154,43,1,57,3,69,3,96,4,124,5,134
1284489,2021,155,22,2,39,4,44,5,64,5,89,7,98
1284490,2021,155,50,3,67,5,77,6,88,7,115,8,124
1284491,2021,155,47,2,81,2,98,2,117,4,132,6,154
1284493,2021,155,15,2,41,3,57,3,62,6,83,7,88
1284495,2021,155,43,4,64,4,71,5,82,7,99,9,103
1284496,2021,155,54,0,89,1,115,1,142,3,165,7,179
1284497,2021,155,32,3,60,5,66,6,79,6,115,7,126
1286667,2021,114,24,3,31,5,37,5,44,5,57,8,64
1286670,2021,114,61,0,99,1,117,2,159,2,196,3,234
1286671,2021,156,24,2,52,5,67,7,89,7,115,9,121
1286672,2021,114,30,2,54,3,80,3,98,4,123,5,143
1286673,2021,156,57,2,96,2,116,3,137,4,161,6,172
1286674,2021,114,33,1,58,2,70,2,100,2,128,3,142
1286675,2021,156,43,3,78,4,90,4,121,4,150,4,171
1286677,2021,114,61,0,131,0,143,1,180,1,222,3,239
1286681,2021,156,26,4,48,4,51,5,59,5,78,5,90
1286682,2021,114,12,0,31,1,39,1,51,2,72,5,90
1286683,2021,156,19,2,31,5,32,7,52,7,71,9,85
1286684,2021,114,30,2,49,3,69,3,89,4,117,6,139
1286685,2021,156,45,1,64,3,83,4,95,6,109,10,109
1286686,2021,114,72,0,116,0,140,0,172,1,212,1,245
1287773,2021,157,44,2,75,2,103,2,140,2,168,5,200
1287774,2021,157,50,2,73,2,94,3,113,5,141,7,172
1287775,2021,157,66,1,99,2,124,2,153,2,194,3,207
1288316,2022,158,56,0,80,2,94,3,112,3,142,6,162
1289042,2021,131,34,2,50,4,59,5,76,5,102,6,114
1289043,2021,153,23,1,47,2,64,2,96,2,121,5,161
1289044,2021,131,35,3,57,4,77,4,97,6,125,7,147
1289045,2021,153,52,1,83,3,98,4,119,5,155,5,187
1289046,2021,131,28,1,60,2,77,4,96,6,122,6,140
1289047,2021,153,31,2,62,3,70,3,85,5,111,6,130
1289048,2021,131,48,3,64,4,79,5,92,8,101,10,101
1289049,2021,153,17,2,36,3,57,4,75,6,97,8,112
1289050,2021,131,30,1,52,2,62,5,68,7,68,10,68
1289051,2021,153,56,3,84,4,95,4,110,5,132,6,168
1289052,2021,131,29,2,42,3,50,3,77,3,101,3,123
1289053,2021,153,35,2,54,3,65,5,90,6,117,6,136
1291187,2021,159,26,4,51,4,67,4,116,4,151,5,188
1291188,2021,159,59,2,84,4,93,5,110,7,145,9,150
1298135,2022,160,43,3,59,3,78,4,95,6,132,6,163
1298136,2022,160,31,0,57,1,65,2,85,2,103,4,111
1298137,2022,161,54,0,72,2,87,3,117,3,140,5,160
1298138,2022,161,41,3,79,4,99,4,130,4,150,6,174
1298139,2022,160,33,3,56,3,68,4,81,4,102,4,121
1298140,2022,160,52,1,84,1,95,2,117,5,134,6,152
1298141,2022,161,39,1,73,2,90,2,122,2,161,3,176
1298142,2022,161,49,1,78,2,89,2,106,6,127,6,153
1298143,2022,160,36,0,60,2,78,2,109,3,138,4,162
1298144,2022,160,30,0,58,1,73,1,97,2,115,3,148
1298145,2022,161,41,2,67,2,84,3,105,4,122,5,146
1298146,2022,161,43,2,65,3,75,3,91,3,120,5,132
1298147,2022,18,65,1,97,1,114,1,144,2,176,3,200
1298149,2022,161,40,2,60,4,74,4,100,4,117,6,128
1298150,2022,0,32,2,60,2,91,2,106,5,135,7,159
1298151,2022,161,47,1,72,4,79,5,106,5,129,7,144
1298153,2022,71,36,1,63,1,78,2,106,4,126,6,157
1298154,2022,0,59,1,92,1,103,2,127,3,150,7,157
1298156,2022,18,63,1,91,1,129,1,176,2,194,3,205
1298157,2022,18,32,1,67,1,84,2,114,2,154,2,179
1298158,2022,71,47,2,67,3,76,3,98,7,115,7,130
1298161,2022,18,25,3,54,3,70,3,102,4,140,5,167
1298162,2022,162,32,2,63,2,85,2,103,3,131,4,150
1298163,2022,71,19,1,34,3,49,3,68,4,79,6,91
1298164,2022,71,33,2,60,5,73,5,101,5,124,6,133
1298165,2022,162,38,1,78,2,87,3,134,3,158,4,179
1298167,2022,162,48,0,77,0,94,1,125,2,154,3,179
1298168,2022,2,20,3,53,3,68,4,95,6,111,9,117
1298169,2022,2,37,1,86,2,101,2,130,3,157,5,184
1298170,2022,18,42,3,68,4,82,4,120,5,159,5,185
1298171,2022,2,52,1,75,1,103,2,128,3,173,3,185
1298173,2022,18,54,1,80,2,89,3,116,3,128,5,141
1298174,2022,2,48,0,70,1,90,1,112,3,127,4,158
1298175,2022,2,40,1,70,1,78,3,99,4,109,6,127
1298176,2022,0,46,1,79,1,89,2,107,4,152,4,186
1298177,2022,18,38,2,59,3,81,3,106,3,133,4,152
1298178,2022,2,38,1,62,2,77,3,100,3,136,4,168
1298179,2022,0,39,1,68,2,84,3,106,4,127,6,137
1299566,2022,67,30,2,45,4,55,4,77,5,91,7,117
1299567,2022,96,64,0,94,0,126,0,149,0,190,1,216
1299568,2022,67,34,2,58,2,72,3,94,4,124,4,157
1299569,2022,96,39,1,58,4,79,4,99,7,106,10,106
1299570,2022,67,40,2,62,3,81,3,109,4,140,6,155
1299571,2022,96,41,2,89,2,115,2,151,2,193,2,218
1299572,2022,67,57,0,89,2,102,2,130,2,166,2,191
1299573,2022,96,45,0,68,1,77,2,100,3,131,4,158
1299574,2022,67,22,2,38,3,54,3,67,5,87,7,107
1299575,2022,96,39,1,66,2,78,2,104,4,138,4,172
1299576,2022,67,39,4,48,8,63,9,80,10,80,10,80
1299577,2022,96,13,1,19,4,30,6,36,9,36,10,36
1299578,2022,67,31,1,64,1,79,2,94,4,111,6,131
1299579,2022,96,49,2,82,2,95,2,128,2,161,3,191
1299580,2022,67,58,1,84,2,106,2,131,2,154,6,175
1299581,2022,96,45,2,77,2,100,2,122,5,147,6,165
1299582,2022,67,40,3,62,3,75,3,97,5,115,6,131
1299583,2022,96,50,0,63,3,68,4,72,6,97,6,109
1299584,2022,96,19,3,31,4,43,5,58,7,74,9,87
1299585,2022,67,36,3,67,5,81,6,111,6,135,8,159
1299592,2022,67,50,2,74,2,85,2,123,2,147,5,178
1299593,2022,67,43,3,59,4,69,4,98,4,119,6,135
1299594,2022,67,44,2,76,3,90,4,108,6,123,8,137
1299595,2022,67,40,1,84,1,110,1,126,4,144,5,164
1299596,2022,67,35,3,63,4,69,6,90,6,113,8,127
1299638,2022,67,60,1,83,1,98,1,135,2,162,3,192
1303308,2022,112,54,1,97,1,129,1,177,1,212,4,225
1303312,2022,113,42,3,65,4,82,4,112,5,145,5,173
1303313,2022,113,51,1,74,2,101,2,129,3,158,3,179
1303314,2022,113,42,1,79,2,89,3,104,4,143,6,174
1303315,2022,140,47,2,82,2,107,2,146,2,183,4,211
1303316,2022,140,42,1,54,2,84,2,108,4,162,5,182
1305498,2022,118,57,1,86,1,109,2,130,5,164,7,183
1305499,2022,118,31,1,66,1,90,1,120,2,146,2,180
1305500,2022,118,46,1,62,2,73,3,92,4,105,6,114
1305501,2022,118,44,0,77,2,94,2,129,3,167,3,203
1305502,2022,118,49,1,80,2,100,2,138,2,175,2,196
1305503,2022,118,60,2,101,2,117,2,145,3,190,4,223
1305504,2022,118,44,2,77,2,82,5,105,5,142,6,168
1307293,2022,119,50,1,79,1,100,2,111,5,127,7,128
1307294,2022,119,28,2,63,2,74,3,96,4,111,5,124
1307295,2022,85,49,1,85,2,93,4,117,4,149,5,176
1307477,2022,133,48,0,90,1,100,1,146,2,188,3,225
1307478,2022,133,62,2,103,2,128,3,175,3,213,4,254
1309701,2022,163,37,1,54,2,71,2,89,3,115,4,127
1309702,2022,163,30,1,57,2,78,3,114,3,150,4,177
1309703,2022,163,34,3,60,4,76,4,118,4,163,5,185
1310161,2022,137,20,2,38,4,48,4,74,5,112,5,137
1310162,2022,137,21,2,51,2,67,2,86,2,113,5,129
1310163,2022,137,27,1,45,1,60,1,77,2,107,5,120
1310164,2022,137,28,2,40,3,48,3,60,6,78,10,78
1310165,2022,137,13,1,35,1,51,2,70,3,94,6,107
1310166,2022,137,30,1,53,2,72,2,87,3,113,5,125
1310167,2022,129,41,0,61,2,75,3,90,4,124,4,137
1310168,2022,129,58,1,76,1,96,1,120,3,155,3,171
1310169,2022,129,44,1,72,2,85,2,115,2,134,3,164
1310170,2022,125,49,2,69,2,80,2,94,5,115,6,132
1310171,2022,125,53,1,91,1,117,2,147,3,189,5,206
1310172,2022,125,47,2,74,3,90,4,102,5,121,8,137
1310173,2022,125,55,1,72,2,89,2,116,2,141,4,165
1310174,2022,125,61,0,72,3,86,3,123,3,145,5,184
1310175,2022,125,37,4,68,4,88,4,110,5,138,6,158
1310176,2022,125,56,1,78,3,97,3,128,3,148,4,164
1310177,2022,125,84,0,128,0,151,0,183,0,220,1,258
1310178,2022,125,56,1,87,4,98,4,109,5,139,5,158
1310179,2022,125,60,0,97,0,113,0,154,0,190,0,213
1310180,2022,125,69,0,107,1,126,1,152,2,170,3,193
1310181,2022,125,33,3,55,4,64,5,96,5,113,7,131
1310182,2022,125,33,2,69,2,92,2,115,5,137,6,169
1310183,2022,125,34,1,50,2,64,2,94,4,127,7,141
1310184,2022,125,42,1,73,3,93,3,127,3,167,4,204
1310185,2022,125,49,1,72,3,82,4,123,4,149,5,170
1310186,2022,125,71,0,114,1,136,1,157,3,193,4,221
1310187,2022,125,58,2,78,3,91,3,111,4,152,4,171
1310188,2022,164,56,1,86,2,95,4,114,4,158,4,178
1310901,2022,165,33,2,60,2,73,3,95,5,124,6,148
1310902,2022,165,37,2,65,3,85,3,111,4,128,4,147
1310938,2022,166,44,1,61,2,83,2,114,2,127,4,153
1310939,2022,166,24,3,46,3,55,5,76,5,110,6,122
1310940,2022,166,42,2,68,3,81,3,99,4,117,7,128
1310941,2022,166,47,1,83,2,91,4,110,5,128,6,157
1310942,2022,166,48,2,79,4,89,5,99,6,110,8,127
1317136,2022,124,80,0,122,2,146,3,165,4,185,6,225
1317137,2022,124,65,1,98,2,123,2,153,5,181,7,194
1317138,2022,124,39,3,72,3,90,3,126,3,166,4,185
1317139,2022,124,63,0,85,1,114,1,150,1,218,1,242
1317150,2022,167,46,2,85,2,100,2,119,3,166,4,193
1317151,2022,82,44,2,72,2,96,2,113,3,144,3,163
1317482,2022,54,53,2,68,3,80,4,95,5,122,8,145
1317483,2022,162,45,1,88,1,98,3,123,4,162,5,178
1317486,2022,71,58,0,118,0,134,1,167,2,193,4,208
1317487,2022,122,41,2,70,4,89,4,131,4,155,5,178
1317903,2022,168,45,2,88,3,104,4,131,5,154,6,190
1317904,2022,169,56,3,75,4,96,4,109,5,127,6,138
1317905,2022,169,45,0,65,1,77,1,108,2,137,3,164
1317906,2022,159,65,2,96,2,114,3,146,4,164,4,191
1317907,2022,159,53,1,95,1,116,2,141,3,162,5,188
1317908,2022,170,52,0,78,2,98,3,121,3,151,5,185
1317909,2022,170,43,2,85,2,111,3,151,3,197,4,215
1317910,2022,170,47,1,64,3,85,3,106,4,126,5,145
1318358,2022,126,17,2,34,3,46,3,68,4,81,8,93
1318359,2022,126,43,2,62,3,80,3,92,5,117,6,141
1318360,2022,126,40,1,66,1,77,2,91,4,107,8,124
1318361,2022,126,37,2,71,2,83,2,91,4,117,5,133
1318362,2022,126,44,1,76,1,86,2,118,3,133,5,151
1320969,2022,171,18,2,47,3,67,3,98,3,121,5,139
1320973,2022,171,45,3,76,4,97,4,113,5,140,7,154
1320974,2022,172,64,2,100,2,137,2,165,4,213,4,256
1320975,2022,171,41,3,65,3,76,3,88,5,106,6,114
1320976,2022,172,21,3,49,3,75,3,86,5,104,7,120
1320977,2022,171,35,3,43,5,53,6,66,7,77,10,77
1320978,2022,172,50,1,67,4,79,4,103,7,118,8,134
1320979,2022,171,37,2,54,4,76,4,111,5,125,8,136
1320980,2022,172,55,1,72,2,92,3,111,4,142,8,161
1320982,2022,172,39,1,72,2,82,3,86,7,106,9,113
1320984,2022,172,44,0,81,2,92,2,113,4,137,4,154
1320985,2022,172,47,1,71,2,86,2,119,3,145,4,166
1320986,2022,172,57,4,79,6,95,6,116,7,135,8,145
1320987,2022,172,46,0,77,1,107,1,144,2,160,6,190
1320988,2022,172,41,1,51,4,61,5,71,6,82,7,110
1321258,2022,132,52,1,74,4,83,5,105,6,114,8,120
1321259,2022,173,24,2,45,4,57,5,73,5,109,7,115
1321260,2022,132,43,4,65,4,79,4,108,4,127,4,147
1321261,2022,173,42,1,68,2,82,2,103,3,143,4,154
1321262,2022,132,18,0,32,1,40,2,52,7,61,9,69
1321263,2022,173,58,2,99,2,111,2,127,3,140,7,165
1321264,2022,132,21,1,52,1,63,2,93,2,125,5,141
1321265,2022,173,40,1,83,3,90,4,133,4,154,6,169
1321266,2022,132,25,3,40,5,44,5,62,6,66,9,67
1321267,2022,173,24,1,53,2,61,3,75,3,93,3,104
1321268,2022,132,38,2,73,3,81,5,94,6,116,8,120
1321269,2022,173,47,3,64,4,70,4,88,5,111,6,133
1321270,2022,132,50,1,87,2,94,3,123,4,155,6,183
1321271,2022,173,46,1,79,4,92,5,125,5,160,7,183
1321272,2022,132,49,2,95,2,109,3,135,3,176,4,210
1321273,2022,173,42,0,66,1,82,1,94,4,125,4,150
1321274,2022,132,33,3,60,5,72,6,91,8,118,8,125
1321275,2022,173,16,2,33,2,43,2,63,4,75,6,85
1321276,2022,132,59,1,87,5,101,5,127,6,158,7,171
1321277,2022,173,35,3,45,5,50,6,65,6,82,8,90
1321278,2022,132,28,1,47,3,66,3,101,5,140,8,159
1321279,2022,173,30,2,43,4,52,4,72,4,98,6,104
1321280,2022,132,27,2,51,2,66,2,80,3,91,7,101
1321281,2022,173,70,1,95,3,105,4,120,6,135,9,139
1321282,2022,132,45,2,71,3,83,3,92,5,100,9,101
1321284,2022,132,29,0,60,0,82,0,113,1,139,4,153
1321286,2022,132,62,2,102,2,120,3,152,4,189,4,214
1321287,2022,173,33,1,70,1,81,1,104,2,134,3,157
1321288,2022,132,28,3,59,3,76,3,94,4,115,5,131
1321289,2022,173,55,0,80,2,93,2,106,6,125,6,139
1321290,2022,132,20,2,47,2,72,2,97,4,147,4,173
1321291,2022,173,44,1,75,2,78,3,100,4,123,6,140
1321292,2022,132,44,2,78,2,93,3,124,3,148,5,158
1321293,2022,173,48,3,64,5,71,6,115,6,144,7,174
1321294,2022,132,42,1,76,2,95,3,111,4,140,6,164
1321295,2022,173,45,0,74,1,86,2,106,2,122,6,135
1321298,2022,132,69,2,91,4,107,5,140,5,166,7,183
1321299,2022,173,45,1,71,3,85,3,111,4,123,7,129
1321301,2022,173,33,2,55,3,66,4,100,4,112,8,117
1321302,2022,132,48,1,72,2,88,2,113,3,133,5,153
1321303,2022,173,33,3,52,4,64,5,82,6,103,7,115
1321305,2022,123,32,1,61,2,68,3,79,5,98,5,119
1321306,2022,123,25,1,46,3,57,3,73,4,95,6,112
1321307,2022,123,53,1,80,1,112,2,124,4,157,4,182
1321309,2022,123,43,1,92,1,114,1,138,2,186,3,209
1321310,2022,123,46,3,65,4,74,4,105,5,126,8,146
1321311,2022,174,37,1,63,3,74,5,91,6,118,6,137
1321312,2022,174,53,2,93,2,102,2,121,5,146,5,177
1321465,2022,166,70,3,116,3,138,3,169,3,213,4,236
1321466,2022,175,29,1,50,3,65,3,90,4,122,4,154
1321467,2022,166,62,0,93,2,100,4,119,5,142,6,163
1321468,2022,175,21,2,43,3,55,3,67,4,80,7,87
1321469,2022,166,38,3,68,3,89,3,104,5,118,7,146
1321470,2022,175,72,0,111,2,127,2,145,3,179,4,201
1321471,2022,166,43,2,75,2,85,4,97,5,116,9,116
1321472,2022,175,32,1,55,2,68,2,99,2,140,2,160
1321473,2022,166,45,1,75,2,90,2,119,2,165,2,187
1321474,2022,175,49,1,85,2,105,2,144,3,165,7,185
1321475,2022,166,55,1,70,3,90,3,116,3,154,5,185
1321477,2022,166,32,0,55,2,60,3,65,7,89,8,110
1321478,2022,175,48,0,65,3,73,4,93,5,135,5,146
1321479,2022,166,51,1,90,1,109,2,134,3,170,4,199
1321480,2022,175,60,1,79,3,89,4,110,7,125,8,138
1321481,2022,166,31,0,52,1,61,2,77,4,92,6,102
1321482,2022,175,30,1,52,4,63,4,84,5,126,6,140
1321483,2022,175,51,3,73,6,79,7,95,8,97,10,97
1321484,2022,166,52,2,77,3,94,4,108,6,127,8,132
1321998,2022,176,56,0,97,0,123,0,160,1,181,3,213
1322002,2022,176,41,2,55,4,70,4,86,7,102,8,110
1322005,2022,176,19,4,53,4,65,4,75,6,86,6,110
1322006,2022,176,25,3,48,6,59,6,64,8,71,8,73
1322007,2022,176,29,1,41,1,51,3,74,3,93,5,97
1322009,2022,176,31,1,64,2,69,2,96,2,116,3,135
1322010,2022,176,20,4,37,5,42,6,63,7,76,8,82
1322012,2022,174,48,2,84,3,105,3,145,3,186,5,203
1322276,2022,177,42,1,75,2,97,2,119,3,164,3,191
1322277,2022,178,46,2,74,2,89,2,129,2,149,6,160
1322334,2022,179,43,0,71,1,91,1,111,3,144,4,167
1322335,2022,179,42,1,70,1,82,2,114,3,137,4,147
1322336,2022,179,41,1,63,3,70,4,88,5,110,7,137
1322337,2022,179,42,1,65,3,72,4,91,5,117,5,130
1322338,2022,179,54,1,87,1,109,1,143,2,180,4,208
1322339,2022,179,41,2,80,2,96,2,129,3,161,3,173
1322340,2022,179,51,2,83,2,98,3,130,3,151,4,163
1322362,2023,180,72,3,99,3,120,3,151,3,176,5,196
1322363,2023,181,50,2,83,2,98,3,117,4,137,7,141
1322364,2023,182,48,0,78,1,107,1,133,2,168,4,182
1323295,2022,4,43,1,74,2,98,2,128,3,167,3,205
1323296,2022,4,26,4,46,5,55,5,87,5,113,6,135
1323297,2022,4,45,3,56,5,65,5,110,6,146,6,156
1323550,2022,183,34,2,69,4,83,4,118,4,139,7,152
1323551,2022,183,15,3,51,3,72,4,106,6,138,8,154
1323552,2022,183,31,3,85,3,109,3,148,4,187,4,206
1327228,2022,157,51,0,87,1,104,1,120,3,141,5,158
1327229,2022,157,48,2,80,2,96,3,133,4,172,5,199
1327230,2022,157,57,1,89,3,116,3,152,3,192,3,221
1327231,2022,157,52,0,82,0,98,1,120,1,146,1,166
1327232,2022,158,43,2,66,3,83,4,114,7,134,9,145
1327233,2022,158,40,2,70,3,89,3,113,4,141,5,169
1327234,2022,158,57,2,102,3,122,3,149,3,182,3,209
1327270,2022,16,43,2,68,2,87,2,103,5,124,7,147
1327272,2022,16,44,1,70,1,85,1,114,2,153,2,192
1327273,2022,16,55,1,85,3,91,4,123,4,159,6,183
1327274,2022,135,40,1,64,1,83,1,116,1,156,2,193
1327276,2022,16,62,1,93,3,105,3,135,5,164,5,181
1327277,2022,16,44,2,79,2,109,2,127,4,157,5,173
1327280,2022,16,49,1,66,2,78,3,91,6,110,8,121
1327281,2022,16,42,3,67,5,85,5,117,6,147,6,170
1327503,2022,184,46,2,86,2,103,3,141,4,176,5,208
1327505,2022,186,66,2,86,4,103,4,123,6,161,6,186
1327506,2022,187,30,5,48,6,50,6,63,6,83,7,106
1327507,2022,188,57,0,96,1,113,2,155,2,209,2,237
1327508,2022,189,48,1,96,1,119,1,154,2,192,2,227
1328470,2022,67,62,2,103,2,125,2,156,5,188,7,209
1328471,2022,67,45,1,65,3,76,3,105,3,133,3,153
1328473,2022,67,33,2,73,3,102,3,126,4,165,5,186
1328474,2022,190,34,2,55,3,66,3,82,4,114,5,130
1328476,2022,190,29,2,53,2,60,2,87,2,123,2,156
1328477,2022,190,23,0,35,3,44,3,63,6,90,7,101
1328478,2022,190,49,0,82,1,101,1,128,3,161,4,175
1328849,2022,67,40,2,72,2,81,4,95,5,125,7,148
1328850,2022,67,48,0,85,1,97,1,126,1,156,1,173
1328851,2022,67,58,1,95,3,105,4,124,5,142,7,160
1328852,2022,67,35,3,57,5,62,6,77,6,128,7,151
1328853,2022,67,31,3,52,4,63,5,81,6,94,7,104
1328854,2022,67,45,3,67,4,78,5,101,5,137,5,147
1332496,2022,191,26,1,45,2,56,3,62,7,85,7,103
1332497,2022,191,45,0,67,0,80,0,104,2,131,2,155
1332498,2022,191,33,1,68,2,76,3,120,4,140,5,154
1332501,2022,191,23,0,52,0,74,1,96,2,120,6,133
1332503,2022,191,32,2,63,3,76,4,96,4,140,4,162
1332504,2022,191,41,0,73,0,90,1,112,1,140,5,185
1332505,2022,191,45,3,77,3,96,3,130,3,153,5,170
1332507,2022,191,41,2,60,4,79,4,105,4,128,6,146
1332509,2022,191,45,0,65,0,74,1,100,3,130,5,146
1332510,2022,191,65,0,88,1,102,1,129,2,155,4,174
1333920,2022,192,60,1,75,3,93,3,117,4,132,6,142
1333921,2022,192,43,2,63,5,73,5,85,6,105,8,122
1333923,2022,192,48,2,70,3,95,3,112,3,130,3,142
1333924,2022,192,45,1,87,3,100,3,115,5,146,6,157
1333925,2022,192,46,0,77,3,91,4,118,4,147,4,167
1333926,2022,192,30,4,43,6,51,6,71,7,104,7,120
1333927,2022,192,34,1,57,2,70,3,93,4,115,8,147
1333928,2022,192,55,2,79,3,84,6,101,6,130,7,147
1333932,2022,193,28,3,53,3,58,4,75,6,79,10,79
1336031,2022,16,42,3,67,4,86,5,103,5,134,5,158
1336032,2022,16,48,1,83,2,95,3,126,4,148,5,169
1336048,2023,194,38,3,64,4,80,5,96,6,119,7,139
1336049,2023,106,40,1,76,2,95,2,140,2,181,4,198
1336050,2023,139,48,1,86,2,100,2,137,2,185,3,202
1336051,2023,104,63,0,92,1,108,2,137,3,158,6,175
1336952,2022,193,63,1,118,2,139,2,169,3,189,6,218
1336953,2022,193,24,3,44,3,50,4,65,5,80,8,83
1336955,2022,193,51,2,71,4,76,5,94,6,100,9,103
1336956,2022,193,38,0,59,3,73,3,85,4,91,6,98
1339205,2022,137,45,1,65,1,70,3,81,6,97,9,107
1339206,2022,137,58,1,94,1,100,3,115,4,133,4,146
1339207,2022,137,65,1,92,2,106,3,120,4,142,4,161
1339208,2022,137,35,0,56,2,64,2,88,3,113,4,131
1339209,2022,137,36,3,56,4,68,4,95,4,117,6,132
1339210,2022,137,40,1,64,2,83,2,100,3,129,3,160
1339605,2023,111,62,1,137,1,148,3,190,4,235,4,258
1339606,2023,110,61,2,108,4,130,5,153,7,177,8,220
1339614,2023,158,52,2,91,2,116,3,135,6,160,7,182
1339615,2023,158,59,0,98,0,103,3,127,4,164,4,192
1339616,2023,158,35,1,64,2,86,2,112,2,144,4,163
1339618,2023,99,51,2,80,3,97,3,132,4,174,4,193
1343740,2022,131,36,0,56,2,69,3,81,5,100,8,106
1343741,2022,153,41,3,75,3,87,3,99,4,122,6,138
1343744,2022,131,42,0,65,2,79,2,97,4,117,6,130
1343746,2022,131,72,1,97,2,118,2,148,4,187,5,209
1343747,2022,153,40,1,69,2,84,2,110,3,147,3,162
1343750,2022,131,33,3,44,3,49,5,56,7,77,8,87
1343753,2022,153,62,0,95,1,113,2,149,3,192,4,237
1343762,2022,131,28,2,42,3,49,4,64,5,98,5,116
1343764,2022,131,23,2,38,2,53,2,69,2,85,6,94
1343767,2022,153,60,1,91,3,119,4,141,4,162,5,192
1343770,2022,131,22,2,33,4,39,4,53,7,74,8,86
1343771,2022,153,24,3,47,4,67,4,91,6,107,7,122
1343772,2022,131,15,6,26,6,35,6,43,8,55,9,62
1343773,2022,153,46,2,66,4,75,6,89,8,111,8,111
1343774,2022,131,50,1,80,3,90,4,108,6,136,6,146
1343775,2022,153,46,1,73,1,82,1,108,2,125,3,150
1343776,2022,131,41,2,72,4,86,5,93,8,95,10,95
1343777,2022,153,66,0,97,1,107,1,138,3,186,5,221
1343778,2022,131,34,1,45,5,52,6,74,6,111,6,121
1343782,2022,131,25,1,41,4,45,6,55,6,66,8,72
1343783,2022,153,31,2,57,2,71,2,97,3,116,6,135
1343784,2022,131,61,1,101,2,114,2,151,4,170,6,186
1343785,2022,153,21,2,35,2,46,3,60,5,74,7,81
1343786,2022,131,24,1,33,5,46,5,55,6,59,10,59
1343788,2022,131,45,1,75,1,88,1,121,2,175,2,215
1343790,2022,131,43,2,58,5,64,6,77,6,94,8,101
1343791,2022,153,25,1,54,1,67,1,85,2,116,4,127
1343793,2022,153,36,3,53,5,62,6,76,7,96,8,115
1343794,2022,131,26,2,49,3,62,3,93,7,112,7,127
1343795,2022,153,77,1,110,3,126,3,152,4,186,5,218
1344782,2022,67,22,4,38,4,46,5,55,6,70,8,86
1344783,2022,67,47,2,81,3,98,3,121,4,170,4,195
1344784,2022,67,60,1,90,1,111,1,129,2,160,4,194
1344785,2022,67,29,2,50,4,66,5,98,5,110,8,134
1344786,2022,67,41,2,72,2,96,3,123,3,156,4,170
1344787,2022,67,52,0,80,0,93,0,122,0,157,1,191
1344788,2022,67,38,2,62,2,72,3,82,6,103,6,114
1344789,2022,67,29,3,58,4,71,4,96,5,131,5,160
1344790,2022,67,32,2,50,3,71,3,101,4,139,5,171
1344791,2022,67,53,2,88,3,107,3,139,4,184,4,220
1344792,2022,67,34,2,70,2,88,2,119,5,138,6,169
1344793,2022,67,35,5,50,6,62,7,78,7,106,9,112
1344794,2022,67,34,2,62,4,77,5,97,6,126,6,155
1344795,2022,67,21,3,52,5,59,5,76,8,102,8,137
1348323,2023,4,28,3,45,4,61,5,78,8,105,8,114
1348324,2023,4,54,2,73,3,94,4,115,4,131,6,144
1348325,2023,4,39,3,67,3,79,3,97,5,125,6,141
1348640,2023,195,41,2,75,3,86,4,101,5,134,5,162
1348641,2023,196,55,0,89,2,98,3,129,4,168,6,206
1348642,2023,149,53,2,92,2,113,2,164,3,200,5,228
1348649,2023,142,47,2,79,2,96,2,117,3,141,5,176
1348650,2023,144,33,2,48,4,58,4,71,5,83,8,99
1348651,2023,197,58,1,102,2,118,2,156,3,211,3,234
1349126,2022,198,73,2,116,5,130,6,148,7,161,9,185
1349128,2022,198,54,1,84,5,100,5,121,7,146,8,168
1349129,2022,198,59,2,80,4,97,4,128,6,157,6,169
1349133,2022,198,38,2,58,3,66,3,85,3,102,7,118
1349134,2022,198,66,3,93,4,101,5,123,7,132,10,132
1349136,2022,198,41,1,61,1,83,2,93,5,110,8,134
1349137,2022,198,26,2,32,5,40,5,61,8,67,10,67
1349138,2022,198,46,3,62,3,66,4,84,4,109,6,136
1349139,2022,198,64,2,92,2,110,3,130,3,160,5,183
1349140,2022,198,37,5,54,6,63,6,88,8,100,9,108
1349379,2022,176,30,4,56,5,72,5,91,6,111,7,130
1349380,2022,176,38,4,52,6,66,6,78,6,106,6,126
1349382,2022,176,48,2,70,4,90,4,113,5,139,8,164
1349383,2022,176,55,1,84,1,109,1,138,3,172,3,207
1349384,2022,176,44,3,62,3,82,3,101,4,125,5,140
1349385,2022,176,34,2,58,3,72,3,99,4,145,4,179
1349386,2022,176,45,0,93,0,114,1,133,3,156,6,168
1349388,2022,176,53,1,111,2,135,2,164,3,201,3,223
1349391,2022,176,50,1,85,3,96,3,122,4,145,5,153
1351400,2023,199,51,0,80,1,89,2,126,2,143,4,156
1351401,2023,45,50,1,63,4,76,4,92,6,105,7,117
1351402,2023,45,46,0,77,1,98,1,131,1,144,2,158
1354800,2023,91,22,1,46,3,56,6,66,9,66,10,66
1354801,2023,91,21,3,40,4,56,5,79,5,104,7,116
1354802,2023,91,32,1,50,2,72,2,92,4,121,6,132
1355722,2023,199,41,4,64,7,75,7,94,7,111,9,124
1359786,2023,200,40,3,47,4,54,5,70,6,77,10,77
1359787,2023,201,60,0,95,2,122,2,158,2,205,3,226
1359788,2023,200,36,1,72,1,79,3,94,4,121,5,125
1359789,2023,201,63,0,92,0,117,0,144,0,179,0,196
1359792,2023,202,21,5,45,5,56,6,74,7,88,7,101
1359793,2023,201,57,1,83,1,111,1,133,2,179,2,220
1359794,2023,202,25,0,51,0,75,0,97,2,125,5,139
1359795,2023,200,69,0,93,2,97,2,120,2,153,3,173
1359798,2023,200,40,1,59,3,65,4,92,4,103,7,117
1359799,2023,202,40,2,62,3,79,4,101,5,123,5,138
1359800,2023,202,13,4,24,6,36,7,53,8,62,9,73
1359802,2023,201,31,1,58,2,68,2,90,3,108,5,125
1361770,2023,203,39,3,63,4,78,4,104,5,124,6,158
1361771,2023,203,47,0,66,1,78,2,95,4,126,4,153
1361772,2023,203,57,1,96,3,122,3,154,3,174,5,200
1361773,2023,203,59,3,81,4,91,4,116,4,140,5,161
1361774,2023,203,40,0,58,2,68,3,90,5,125,6,156
1361775,2023,203,25,4,38,5,48,5,73,6,92,9,95
1361776,2023,203,37,3,49,4,63,4,90,5,111,6,135
1362242,2023,203,47,0,80,1,92,2,109,4,159,4,182
1367722,2023,204,76,0,103,1,124,2,149,3,185,5,208
1367723,2023,204,38,1,73,1,91,1,115,1,143,4,166
1367724,2023,204,33,2,55,4,71,4,84,4,107,6,128
1367725,2023,205,37,3,74,6,83,6,102,6,161,6,171
1367726,2023,205,38,2,68,3,88,3,111,4,140,5,160
1367727,2023,205,44,0,66,2,87,2,126,2,166,3,176
1367728,2023,205,39,1,50,3,53,4,64,4,81,7,90
1367729,2023,205,30,2,62,3,84,4,104,5,135,7,162
1367730,2023,205,53,0,76,3,91,3,113,4,129,7,143
1367731,2023,205,33,1,70,2,84,3,104,6,125,7,165
1367732,2023,205,23,2,51,2,66,3,81,4,107,5,124
1367733,2023,205,32,2,56,3,77,3,113,3,137,3,156
1370782,2023,129,29,1,47,2,56,3,70,3,84,5,99
1370783,2023,129,49,2,92,3,106,3,129,3,153,4,175
1370785,2023,129,35,3,61,4,72,4,90,7,103,9,109
1370787,2023,129,21,1,34,3,50,3,68,4,75,9,92
1370790,2023,206,55,1,77,5,84,6,100,7,102,10,102
1370791,2023,206,30,5,50,5,68,6,85,8,96,10,96
1373568,2023,207,70,3,100,4,127,4,167,4,204,5,226
1373569,2023,207,46,4,75,4,96,4,115,6,147,7,164
1373570,2023,207,51,2,98,3,114,3,132,6,176,6,190
1373579,2023,115,77,0,112,2,123,4,139,5,167,6,171
1373580,2023,120,48,1,63,4,72,4,104,4,156,5,176
1373581,2023,120,52,2,81,3,115,3,135,4,183,5,222
1373582,2023,168,68,0,119,1,158,1,183,2,238,2,267
1373583,2023,168,50,2,77,4,90,4,111,5,125,6,132
1375850,2024,161,77,0,110,1,129,1,152,4,190,5,213
1375851,2024,2,58,2,99,3,131,3,164,4,199,4,241
1375852,2024,71,55,3,92,5,113,5,136,5,179,5,220
1377727,2023,16,51,2,73,4,85,4,108,5,130,6,155
1377728,2023,16,37,3,58,4,68,5,97,5,126,7,142
1377729,2023,16,38,2,68,2,91,2,119,3,148,4,166
1379575,2023,190,24,2,42,2,50,4,55,5,63,9,64
1379576,2023,190,39,3,55,3,68,3,82,4,93,7,99
1379577,2023,190,45,0,80,0,89,1,113,2,153,2,185
1379578,2023,190,26,3,44,4,54,4,66,5,81,9,81
1379579,2023,190,34,1,53,4,60,5,77,6,88,8,98
1379580,2023,190,25,1,35,5,55,5,68,8,81,8,92
1379581,2023,190,25,2,46,4,58,5,80,5,107,5,117
1379582,2023,190,33,2,56,3,65,3,82,5,92,9,92
1379583,2023,190,58,0,79,3,93,4,108,4,134,6,153
1379584,2023,190,42,1,56,4,60,5,69,7,76,7,85
1379585,2023,190,41,0,65,0,76,2,98,3,114,4,131
1379586,2023,190,52,2,78,3,93,3,124,5,143,8,158
1379587,2023,190,33,2,62,3,72,3,101,3,128,4,153
1379589,2023,190,54,2,92,3,105,4,127,4,159,6,175
1379590,2023,190,64,0,88,1,97,1,115,3,129,7,145
1379592,2023,190,20,4,40,5,60,5,89,6,113,7,125
1380583,2023,126,54,2,71,3,84,3,126,4,157,6,164
1380584,2023,126,42,2,71,3,77,4,101,5,127,5,148
1380586,2023,123,43,1,83,1,105,2,129,2,145,4,169
1380587,2023,123,39,2,56,5,70,5,89,6,118,7,138
1381217,2023,168,54,2,69,3,87,3,107,4,134,4,149
1381218,2023,82,34,2,65,3,79,4,106,4,129,6,152
1381219,2023,82,38,0,73,1,80,2,106,4,131,5,159
1381220,2023,159,55,2,79,4,102,4,121,6,153,7,178
1381221,2023,159,51,2,86,3,94,4,112,4,141,6,165
1381451,2023,208,29,2,70,3,78,5,95,7,105,8,114
1381452,2023,208,32,1,61,3,71,4,80,6,102,7,121
1381453,2023,124,52,0,100,0,121,0,148,4,171,6,181
1381455,2023,124,35,2,58,3,81,4,107,6,146,7,166
1381456,2023,124,41,3,55,7,62,7,69,7,77,7,83
1381457,2023,124,24,3,43,4,55,5,59,6,70,9,76
1381458,2023,124,53,3,97,4,107,6,121,6,139,8,147
1383068,2023,133,34,3,55,6,65,6,77,7,91,9,104
1383069,2023,209,35,2,59,3,80,3,107,3,137,4,158
1383070,2023,209,65,0,109,1,128,3,163,4,205,4,234
1383071,2023,133,43,3,59,4,69,5,88,7,117,8,122
1383072,2023,209,34,3,50,5,54,6,71,7,82,9,83
1383073,2023,133,43,2,68,4,82,4,104,6,125,6,149
1383074,2023,133,75,1,101,2,126,2,158,3,201,3,226
1383075,2023,209,54,0,82,2,99,2,119,4,155,6,183
1383076,2023,133,30,2,59,2,82,3,105,4,116,6,124
1383077,2023,133,62,1,109,1,151,1,177,1,230,1,245
1383078,2023,209,33,3,55,3,64,3,74,4,89,7,97
1383079,2023,209,23,4,46,5,55,6,63,8,69,9,78
1383080,2023,133,37,2,65,3,84,3,110,3,137,5,150
1383081,2023,209,88,0,118,1,136,1,177,1,209,2,232
1383082,2023,133,47,1,96,1,114,2,137,2,173,5,190
1383086,2023,133,68,0,84,1,99,2,110,6,130,7,141
1383087,2023,209,73,1,98,3,108,3,130,4,152,6,159
1383088,2023,133,49,2,111,2,130,2,165,4,198,4,213
1383089,2023,210,31,1,69,1,86,1,107,3,136,5,166
1383090,2023,210,22,1,31,5,35,5,51,5,62,7,71
1383091,2023,210,31,3,52,3,65,4,94,4,123,8,131
1383093,2023,210,29,4,46,5,59,5,70,6,89,7,97
1383094,2023,210,23,4,38,6,44,6,60,7,74,8,87
1383095,2023,210,44,1,64,2,72,4,100,4,122,6,148
1383096,2023,210,25,1,49,3,63,4,87,4,107,6,127
1383097,2023,210,51,2,71,2,91,2,100,4,121,5,136
1383098,2023,210,63,0,115,0,129,1,158,2,196,2,229
1383099,2023,210,32,2,53,4,60,5,74,7,93,9,94
1383100,2023,210,29,4,53,5,60,5,75,5,97,6,106
1383102,2023,211,28,1,49,3,56,3,66,5,90,8,105
1383104,2023,211,57,1,98,3,120,3,143,4,157,5,180
1383105,2023,211,24,2,51,3,62,4,91,4,121,5,140
1383106,2023,211,49,0,87,0,96,1,105,2,135,2,161
1383107,2023,211,62,2,102,2,123,2,160,4,186,5,219
1383108,2023,211,29,0,43,4,53,5,68,6,80,9,83
1383109,2023,211,24,2,31,4,45,4,55,4,65,6,77
1383110,2023,211,31,1,54,2,67,4,80,8,93,9,93
1384582,2023,125,33,4,59,5,70,6,89,7,105,8,115
1384583,2023,125,55,1,81,2,94,5,101,6,117,7,125
1384584,2023,125,48,2,86,2,110,2,129,4,161,6,179
1384585,2023,125,46,0,87,1,109,1,133,2,158,3,177
1384586,2023,125,26,2,60,2,73,4,95,4,133,4,163
1384587,2023,125,31,1,71,3,78,4,91,5,109,8,110
1384588,2023,125,51,0,78,2,89,3,113,3,132,6,153
1384589,2023,125,23,2,60,2,83,2,121,3,155,3,174
1384590,2023,125,44,0,66,2,75,2,104,2,120,4,134
1384591,2023,125,45,3,72,3,90,3,117,3,147,3,191
1384592,2023,125,35,1,53,3,68,3,90,3,105,7,118
1384593,2023,125,44,3,87,3,96,3,131,4,164,6,187
1384594,2023,125,33,2,63,3,76,3,95,4,134,4,148
1384595,2023,125,50,1,71,2,82,3,104,3,142,5,162
1384596,2023,125,46,2,80,3,99,3,126,5,149,7,156
1384597,2023,125,40,0,85,1,106,1,143,2,173,4,187
1384598,2023,125,29,4,47,4,50,6,72,7,78,10,78
1384599,2023,125,34,2,70,2,93,4,102,8,117,8,149
1384600,2023,125,44,2,88,2,93,5,119,5,145,6,164
1384634,2023,212,30,4,57,5,63,6,86,6,116,7,139
1384637,2023,212,47,2,81,2,104,2,129,3,143,4,185
1385688,2024,139,53,1,96,1,101,2,144,3,164,5,183
1385690,2024,213,59,1,84,4,105,5,126,7,145,8,157
1385697,2024,109,86,1,118,2,126,3,155,5,172,8,179
1385698,2024,108,67,1,96,2,117,2,133,4,161,6,193
1387243,2023,208,27,4,49,4,57,4,67,6,87,8,98
1387244,2023,208,50,2,79,3,90,4,115,4,137,5,164
1387245,2023,208,42,0,80,0,101,0,129,0,152,1,172
1387599,2023,110,62,2,87,2,108,2,144,3,186,3,201
1388213,2023,178,36,4,53,5,71,5,92,6,124,7,134
1388215,2023,177,45,3,65,4,72,5,81,7,103,8,110
1388216,2024,180,56,2,99,2,131,3,168,4,198,5,226
1388217,2024,215,65,1,111,1,128,1,153,3,182,4,194
1388218,2024,181,67,1,103,1,132,1,174,3,211,4,224
1388219,2024,179,51,1,71,2,82,2,112,4,131,5,158
1388220,2024,179,29,1,53,2,80,2,99,5,113,6,134
1388223,2024,216,68,1,97,1,121,1,165,1,184,3,215
1388224,2024,180,74,1,115,4,123,6,140,7,163,7,174
1389391,2023,148,40,1,83,1,110,1,151,1,187,3,208
1389392,2023,187,77,1,101,1,116,1,164,1,190,3,235
1389393,2023,188,43,2,80,2,101,3,143,3,180,3,222
1389394,2023,217,50,1,79,3,93,3,129,4,161,4,174
1389395,2023,218,42,2,61,4,87,4,108,5,134,5,160
1390167,2023,219,49,1,93,2,116,3,151,6,187,7,209
1390169,2023,219,28,3,54,5,56,7,61,9,63,10,63
1391332,2023,138,58,1,86,2,107,2,135,4,150,7,162
1391333,2023,138,48,1,71,3,87,4,107,4,128,7,147
1391335,2023,138,48,1,70,3,92,4,108,8,115,10,115
1391336,2023,138,38,1,78,3,97,3,113,5,140,6,156
1391337,2023,138,68,2,88,3,111,4,136,5,163,8,190
1391338,2023,205,32,2,55,2,66,2,106,3,125,3,149
1391339,2023,205,37,2,87,3,107,4,127,5,157,7,159
1392802,2023,155,54,1,80,2,93,3,106,4,123,7,142
1392803,2023,155,41,1,63,3,79,3,86,5,112,5,138
1392805,2023,155,42,0,58,2,61,5,70,5,87,8,123
1392808,2023,155,51,0,75,1,85,2,100,2,133,2,156
1392809,2023,155,29,3,44,4,55,4,90,5,109,9,110
1392811,2023,155,34,2,57,2,74,3,89,3,105,6,123
1392812,2023,155,69,1,102,1,114,3,128,4,145,6,166
1393309,2023,198,45,2,69,3,81,3,100,5,122,5,146
1393310,2023,198,54,1,82,2,89,3,107,4,131,6,143
1393311,2023,198,47,1,72,2,91,2,124,3,149,4,176
1393312,2023,198,59,2,98,2,116,3,133,4,174,5,186
1393313,2023,198,61,1,95,1,114,1,143,2,177,4,192
1393314,2023,198,46,2,62,4,76,4,98,4,134,4,171
1393315,2023,198,34,3,52,3,63,3,84,6,104,9,133
1393316,2023,198,41,3,61,4,74,4,94,5,106,7,126
1393317,2023,198,43,2,61,3,91,3,125,4,155,6,180
1393318,2023,198,23,2,48,2,56,2,67,4,97,5,110
1393319,2023,198,44,1,66,2,88,3,116,5,138,7,141
1393320,2023,198,41,2,74,3,94,3,109,5,130,8,131
1393328,2023,198,52,1,72,2,88,2,115,5,145,5,154
1393329,2023,198,51,2,77,3,96,3,132,4,153,5,161
1393330,2023,198,47,0,88,1,100,1,119,2,131,4,152
1393331,2023,198,46,1,62,3,70,3,105,4,134,5,159
1393332,2023,198,66,1,89,1,107,2,133,3,155,4,179
1397437,2023,155,40,2,64,2,75,3,96,3,129,3,150
1397438,2023,155,63,1,90,2,105,2,121,3,151,5,171
1397439,2023,155,42,2,73,2,87,3,101,4,137,5,163
1398295,2023,211,90,0,113,3,120,6,130,6,149,6,181
1398296,2023,211,52,2,84,2,94,4,120,5,139,7,152
1398298,2023,211,29,3,62,3,78,3,91,4,120,6,149
1398299,2023,211,40,1,61,3,66,6,76,7,81,10,81
1398300,2023,211,28,2,48,4,51,5,69,5,84,6,89
1399104,2023,220,62,1,122,2,159,2,206,2,259,2,314
1399113,2023,220,63,0,104,1,116,2,138,3,163,4,202
1399114,2023,220,38,3,60,5,73,5,101,6,121,7,160
1399116,2023,220,39,3,56,4,61,4,76,4,95,5,116
1399117,2023,220,21,3,40,4,54,5,63,6,90,8,96
1399138,2023,155,30,2,51,2,71,2,90,3,110,4,123
1399140,2023,155,37,0,53,2,59,2,68,3,88,5,100
1399142,2023,155,21,2,54,2,66,2,79,5,108,6,121
1399143,2023,155,51,0,84,0,107,1,131,3,155,5,174
1399144,2023,155,22,4,46,4,60,4,73,6,102,6,129
1399145,2023,155,24,3,48,5,53,5,63,7,76,9,76
1399146,2023,155,22,2,34,3,43,3,60,4,69,6,83
1399148,2023,155,61,0,95,1,107,2,140,3,178,5,201
1399149,2023,155,72,1,95,1,107,1,142,1,164,3,173
1399150,2023,87,62,1,84,2,110,2,152,2,178,4,181
1399151,2023,87,31,3,47,4,51,5,60,6,68,7,85
1399152,2023,87,34,3,48,4,54,4,68,5,80,7,90
1399153,2023,87,62,3,86,3,92,3,120,3,165,6,194
1399154,2023,221,43,1,76,2,107,2,149,2,197,3,230
1399155,2023,221,49,1,74,3,99,4,126,4,165,5,176
1399157,2023,221,31,1,45,2,47,4,60,5,80,6,86
1400053,2023,205,24,1,36,2,49,3,68,4,96,4,107
1400054,2023,205,31,3,51,5,63,6,72,8,78,9,82
1400055,2023,205,28,2,69,3,99,3,132,4,159,6,172
1400056,2023,205,44,2,77,2,92,3,120,3,152,5,165
1400972,2023,222,46,2,60,3,78,4,92,7,110,7,127
1400973,2023,222,47,2,58,3,64,5,77,6,85,7,95
1400974,2023,222,43,2,71,3,84,4,102,4,124,5,155
1400975,2023,222,28,2,45,3,58,3,76,4,109,4,121
1400976,2023,222,55,1,70,2,82,4,103,4,112,9,129
1400977,2023,222,38,1,60,2,79,2,97,5,126,6,154
1400981,2023,222,29,2,48,3,58,3,80,4,90,5,107
1400982,2023,222,28,0,51,0,72,0,103,2,129,4,142
1400983,2023,222,37,3,57,3,65,3,80,5,97,9,109
1400984,2023,222,39,1,67,2,77,4,90,7,99,8,109
1400985,2023,222,17,2,31,5,39,6,51,7,57,9,77
1400987,2023,222,32,4,49,5,62,6,79,8,95,8,106
1400989,2023,222,35,1,55,2,65,3,77,4,96,7,112
1400990,2023,222,29,4,36,5,40,5,62,6,72,9,72
1400991,2023,222,18,4,35,4,56,4,80,4,93,5,103
1403288,2023,223,36,2,62,4,71,4,96,4,131,5,140
1403289,2023,223,20,4,39,5,52,5,68,6,89,8,94
1403290,2023,223,40,3,67,4,80,4,122,4,170,4,213
1403291,2023,223,25,3,50,3,73,3,101,3,141,4,149
1403292,2023,223,55,2,69,3,86,3,114,4,140,5,164
1403293,2023,223,55,1,85,1,110,1,138,1,179,2,212
1403294,2023,118,61,1,95,3,108,3,123,5,143,8,162
1403297,2023,224,21,2,33,3,42,4,52,4,59,5,72
1403301,2023,224,22,3,46,3,58,4,74,5,112,5,124
1403305,2023,224,15,1,23,4,26,5,34,7,46,9,52
1404390,2023,117,30,4,50,4,65,5,81,7,100,9,121
1404391,2023,117,79,0,109,1,123,1,155,1,179,2,198
1404392,2023,163,36,3,62,3,82,3,103,4,116,6,138
1404393,2023,163,53,1,65,2,73,3,93,4,129,6,153
1404394,2023,163,25,2,52,4,62,4,85,4,101,8,101
1405313,2023,223,15,3,36,3,52,3,74,4,104,4,135
1405314,2023,118,51,1,69,4,80,5,105,5,124,8,145
1405315,2023,118,41,2,57,3,74,4,97,5,120,6,153
1405316,2023,223,58,0,90,0,101,1,121,2,147,4,166
1405317,2023,118,41,1,75,1,94,2,139,2,161,4,174
1405318,2023,223,35,3,61,4,73,5,102,6,133,8,146
1405319,2023,118,60,1,85,2,93,3,125,5,143,7,165
1405320,2023,223,35,3,47,5,53,6,66,6,74,8,88
1405321,2023,118,43,4,65,4,83,4,101,7,122,8,145
1405322,2023,223,55,1,84,3,91,4,119,4,150,4,176
1405323,2023,118,61,1,93,2,106,2,144,2,177,2,198
1405324,2023,223,48,2,75,3,87,3,103,4,138,7,158
1405325,2023,118,45,1,60,3,66,4,76,7,89,8,106
1405326,2023,223,41,2,62,3,76,3,94,4,118,6,134
1405327,2023,118,47,1,60,4,66,4,110,4,151,5,184
1407089,2023,163,35,0,58,1,71,1,100,2,133,2,154
1407090,2023,117,28,1,47,3,51,4,64,6,92,7,99
1407091,2023,117,41,3,73,4,82,5,100,6,116,7,132
1407092,2023,163,30,3,43,4,53,4,67,6,102,6,121
1407093,2023,163,19,2,33,4,37,5,45,7,78,8,96
1407095,2023,117,35,2,60,5,67,6,85,8,100,8,114
1407096,2023,117,44,1,72,1,87,1,111,2,157,3,182
1407097,2023,117,53,0,85,2,95,2,140,2,175,3,207
1407098,2023,163,51,0,74,2,83,3,97,4,122,6,139
1407099,2023,163,35,1,57,3,71,4,87,4,113,6,136
1407100,2023,163,29,2,58,3,64,4,81,4,95,8,99
1407101,2023,117,50,0,93,0,119,2,138,3,176,3,215
1407102,2023,163,21,1,37,2,46,3,72,3,93,5,104
1407103,2023,117,51,1,76,1,81,2,112,4,134,6,157
1407104,2023,163,34,3,61,5,72,5,83,6,99,7,110
1407105,2023,117,32,2,52,6,69,6,101,6,130,7,153
1407106,2023,117,32,2,71,2,82,3,106,4,137,4,162
1407107,2023,163,66,0,94,1,110,1,155,2,194,4,217
1407108,2023,117,24,2,38,4,44,4,52,6,65,8,65
1407109,2023,117,21,3,41,3,45,6,73,7,90,7,93
1407714,2023,225,35,1,56,2,72,2,84,4,117,5,134
1407715,2023,225,23,2,49,3,69,4,90,5,124,7,138
1407716,2023,225,26,1,47,2,66,2,88,3,127,4,156
1407717,2023,225,58,2,89,3,107,4,135,5,158,6,192
1407718,2023,225,40,1,69,2,79,4,109,4,129,6,144
1408103,2023,4,52,1,74,2,89,3,108,5,123,8,147
1408104,2023,4,53,2,91,5,98,5,117,5,148,5,165
1408105,2023,4,40,1,65,4,75,4,101,4,122,6,140
1412530,2023,225,43,1,59,2,81,2,118,4,142,5,158
1412531,2023,225,38,6,44,6,54,7,70,7,89,9,106
1412532,2023,225,38,2,64,3,78,4,107,4,123,7,140
1412533,2023,225,32,0,51,2,68,4,90,5,107,7,119
1412534,2023,225,46,3,62,5,71,7,94,7,113,9,137
1412535,2023,225,41,4,58,4,70,4,89,6,102,8,123
1412542,2024,119,38,2,64,2,76,2,94,3,121,4,143
1412543,2024,119,31,4,58,4,64,4,101,4,149,5,173
1415701,2024,226,50,1,85,2,102,2,137,3,159,4,194
1415702,2024,82,34,3,57,4,67,4,94,5,112,6,136
1415703,2024,115,36,3,60,4,68,5,78,5,97,8,109
1415704,2024,227,24,1,40,5,46,6,68,7,71,9,77
1415707,2024,226,29,2,53,4,56,5,75,6,96,7,106
1415708,2024,227,26,2,49,6,52,8,79,9,96,10,96
1415709,2024,82,33,3,48,4,51,5,56,6,74,8,77
1415710,2024,115,37,1,56,3,63,3,106,3,139,3,164
1415711,2024,226,30,3,66,3,93,3,113,5,139,6,159
1415712,2024,115,48,3,78,4,90,4,113,5,139,7,155
1415713,2024,227,37,2,63,4,74,4,92,4,126,4,137
1415715,2024,226,53,2,74,3,89,3,103,5,115,7,124
1415716,2024,227,20,3,35,4,48,6,66,6,87,6,103
1415717,2024,115,74,2,102,2,118,2,149,4,185,5,201
1415718,2024,82,54,1,85,2,102,2,124,3,148,5,173
1415719,2024,227,50,2,81,3,90,4,97,7,113,9,119
1415720,2024,156,53,2,78,4,89,4,113,4,132,6,150
1415721,2024,227,25,4,57,4,64,4,84,4,105,5,113
1415722,2024,227,30,2,55,5,66,5,77,6,91,7,106
1415724,2024,156,17,3,27,5,36,6,60,8,72,10,72
1415725,2024,227,18,2,42,3,59,4,81,5,100,7,110
1415726,2024,168,23,4,49,5,75,6,91,7,112,9,149
1415727,2024,228,54,2,76,3,89,3,105,4,133,5,159
1415731,2024,228,38,1,57,1,69,2,80,3,99,5,115
1415732,2024,168,9,3,21,5,25,6,29,7,40,9,40
1415735,2024,121,54,1,96,2,112,3,138,4,165,5,180
1415736,2024,159,32,5,59,6,76,7,86,9,95,9,106
1415737,2024,228,31,4,57,5,63,6,75,7,90,9,106
1415738,2024,121,45,2,74,2,90,3,124,4,172,6,201
1415739,2024,168,16,2,35,2,41,3,52,5,74,7,78
1415741,2024,156,64,1,101,1,125,1,141,4,173,4,194
1415742,2024,121,54,0,82,0,102,1,137,2,162,4,180
1415744,2024,156,39,1,67,3,79,3,98,4,122,7,140
1415745,2024,121,63,0,87,1,92,2,115,4,141,4,163
1415746,2024,115,48,1,69,4,80,4,95,6,123,8,128
1415747,2024,156,53,1,83,3,110,4,134,4,170,5,196
1415749,2024,115,48,2,65,3,73,4,91,5,115,6,115
1415750,2024,156,47,2,69,2,86,3,97,5,118,8,135
1415751,2024,121,60,1,114,2,131,3,162,4,181,4,205
1415754,2024,82,46,2,77,2,91,2,118,3,147,6,171
1415755,2024,115,45,3,75,3,93,3,118,4,150,4,176
1418176,2024,229,22,2,37,4,41,5,51,6,63,7,72
1418177,2024,229,14,0,30,2,46,3,61,4,103,5,130
1418181,2024,229,38,1,66,1,79,2,95,3,109,5,132
1418182,2024,229,69,1,106,2,116,3,135,3,174,3,199
1418183,2024,229,54,2,87,2,103,2,117,4,150,5,166
1418184,2024,229,36,1,48,2,57,2,70,5,87,8,89
1418185,2024,229,27,2,41,4,53,4,76,4,114,5,127
1418186,2024,229,26,3,44,4,55,5,78,5,102,7,115
1418187,2024,229,36,2,73,4,88,4,111,4,133,7,150
1418188,2024,229,67,0,88,1,108,1,124,2,151,3,185
1418190,2024,229,22,2,51,2,79,2,98,4,125,5,176
1418191,2024,229,44,1,59,3,74,4,87,5,109,6,127
1418192,2024,229,33,1,56,2,64,2,95,3,116,6,131
1418193,2024,229,30,3,52,4,67,4,92,5,113,7,137
1418194,2024,229,24,2,39,3,52,4,72,5,88,6,97
1418195,2024,229,31,4,57,5,62,7,79,8,92,9,109
1418196,2024,229,58,1,88,1,112,1,148,3,195,3,215
1418197,2024,229,32,2,55,3,71,4,96,4,121,5,147
1418539,2024,203,34,3,71,3,92,4,105,4,146,4,171
1418540,2024,203,32,2,65,3,84,3,110,4,150,5,179
1418541,2024,203,57,0,97,0,121,0,179,0,223,0,258
1418542,2024,203,46,3,62,5,82,5,112,5,146,8,155
1418544,2024,203,43,4,67,6,74,6,107,7,132,8,143
1418545,2024,203,64,1,96,3,108,4,135,4,179,6,219
1419824,2024,46,45,2,79,2,102,2,136,3,171,3,206
1419825,2024,46,49,1,78,3,92,3,122,5,149,5,165
1419826,2024,46,41,1,81,2,101,2,135,4,153,6,174
1420223,2024,4,40,2,69,3,74,5,90,7,98,9,115
1420224,2024,4,36,1,74,1,110,1,152,2,197,2,234
1420225,2024,4,55,0,80,1,89,2,127,2,154,3,182
1420226,2024,4,44,0,67,2,79,2,98,4,138,4,152
1420227,2024,4,44,3,75,3,95,3,113,4,137,5,167
1420801,2024,229,27,4,39,6,45,7,63,9,70,10,70
1420802,2024,229,71,1,94,2,110,2,125,5,154,6,186
1420803,2024,229,16,2,40,3,56,3,87,3,106,6,112
1420804,2024,229,42,3,69,4,73,4,86,4,107,5,115
1420805,2024,229,39,1,46,3,63,4,79,5,105,8,105
1420806,2024,229,75,1,116,1,140,3,164,3,209,3,221
1420807,2024,229,45,3,69,6,77,7,89,8,94,9,104
1420808,2024,229,51,0,83,0,89,2,103,3,125,4,138
1421078,2024,16,47,2,79,4,98,4,127,4,136,8,147
1421079,2024,16,47,4,72,4,77,4,92,6,114,7,121
1421080,2024,16,42,2,56,3,66,5,73,8,88,8,94
1422037,2024,118,36,1,60,2,84,3,133,3,184,3,206
1422038,2024,118,55,1,88,2,110,2,143,3,167,3,184
1422039,2024,118,47,1,104,1,123,1,172,1,217,2,247
1422040,2024,118,51,2,82,4,99,4,136,4,165,5,180
1422041,2024,118,43,2,60,6,67,6,89,7,111,9,120
1422043,2024,118,55,1,88,2,111,2,133,4,168,6,184
1422802,2024,230,52,0,83,2,99,3,129,3,153,4,172
1422803,2024,230,47,0,96,0,112,0,141,1,158,4,197
1422804,2024,155,27,4,47,6,53,6,75,8,111,8,125
1422807,2024,211,32,2,50,4,69,4,90,4,114,4,128
1422808,2024,211,34,1,68,3,78,4,94,5,106,7,123
1422809,2024,211,36,2,52,3,58,5,72,5,87,5,97
1422810,2024,211,46,1,85,2,97,4,129,4,141,7,148
1422811,2024,211,31,1,52,2,62,2,82,3,101,4,110
1422812,2024,211,26,2,53,5,61,5,81,6,93,7,102
1422813,2024,211,20,4,38,4,54,5,68,6,85,9,87
1422814,2024,211,44,1,66,1,80,2,92,6,123,7,135
1422815,2024,211,52,2,72,3,90,3,117,3,148,3,166
1422816,2024,211,27,3,40,4,50,4,70,5,82,9,83
1422817,2024,211,42,1,53,5,63,5,81,6,96,6,106
1422818,2024,211,23,3,37,5,46,6,59,7,65,9,77
1423372,2024,67,31,3,62,3,86,4,104,4,125,5,136
1423373,2024,67,29,3,53,3,65,3,88,4,119,6,145
1423374,2024,67,39,4,67,4,74,5,95,6,108,6,127
1423439,2024,203,45,2,84,2,108,2,133,4,179,4,212
1423441,2024,203,57,0,71,3,86,3,127,4,161,5,198
1423442,2024,203,26,4,35,6,56,7,84,7,115,9,121
1423444,2024,203,53,4,75,4,92,5,124,6,143,7,171
1424752,2024,231,55,2,85,2,99,3,126,4,158,5,197
1424753,2024,232,52,0,66,0,75,1,90,1,113,4,131
1424754,2024,231,57,1,86,1,109,1,157,2,201,2,237
1424755,2024,232,42,2,64,2,80,3,115,3,145,7,169
1424756,2024,231,32,3,53,4,58,5,67,7,79,8,86
1424757,2024,232,27,3,40,4,56,4,80,5,103,5,121
1424759,2024,232,45,0,91,0,111,0,156,0,168,3,194
1424761,2024,232,41,1,64,2,84,2,101,6,111,9,111
1424763,2024,232,18,4,36,7,45,7,54,7,65,9,71
1424764,2024,231,41,0,57,2,68,2,80,3,99,4,111
1424765,2024,231,35,2,63,2,82,3,118,3,148,5,196
1424766,2024,231,39,0,76,1,104,1,128,3,159,5,206
1424767,2024,231,30,2,53,3,65,4,79,4,100,5,113
1424830,2024,99,35,3,56,5,65,6,76,7,90,9,90
1424831,2024,99,54,0,84,1,101,2,124,3,163,3,178
1424832,2024,158,62,1,93,1,113,2,135,4,164,4,178
1424833,2024,158,51,1,86,2,98,2,123,3,158,3,178
1425110,2024,211,57,1,84,2,103,2,145,2,189,2,206
1425111,2024,211,60,0,85,1,99,1,129,2,144,4,161
1425121,2024,233,30,1,57,3,64,5,84,6,120,7,132
1425122,2024,233,81,0,114,1,136,2,167,2,197,2,230
1425124,2024,233,63,1,78,3,93,3,109,4,137,6,159
1425125,2024,233,44,1,72,3,91,4,111,4,147,5,168
1425126,2024,199,38,4,49,7,64,7,80,7,109,7,124
1425127,2024,199,22,1,38,4,54,5,81,5,117,6,138
1425128,2024,199,42,2,63,3,75,3,112,3,142,3,165
1425129,2024,45,57,0,90,0,108,2,123,5,133,8,143
1425130,2024,45,33,3,70,3,85,4,105,4,128,6,157
1425131,2024,233,37,2,65,3,71,4,102,4,132,4,153
1425132,2024,233,42,0,68,2,86,2,101,2,121,3,144
1425133,2024,233,46,2,56,3,60,4,68,5,94,7,104
1426450,2024,67,48,1,71,2,82,4,87,6,99,8,109
1426451,2024,67,48,1,72,1,86,3,100,4,118,5,137
1426452,2024,67,26,1,44,3,51,4,61,5,90,5,101
1426453,2024,67,57,0,82,1,95,2,116,3,141,4,164
1426454,2024,67,40,0,76,1,106,2,127,3,159,3,212
1426455,2024,67,48,1,76,1,90,2,119,2,145,3,177
1426456,2024,96,69,0,99,2,109,2,136,3,162,6,178
1426457,2024,67,36,1,69,1,86,1,107,1,126,3,143
1426458,2024,96,54,2,81,2,99,2,136,4,180,4,201
1426459,2024,67,39,1,50,2,69,2,96,3,124,4,141
1426460,2024,96,67,0,111,0,141,0,174,1,204,2,236
1426461,2024,67,56,1,85,2,110,2,132,4,159,6,210
1426462,2024,96,40,3,55,5,74,5,100,5,123,7,146
1426464,2024,96,59,1,88,1,104,1,140,2,172,4,202
1426465,2024,67,38,2,70,4,76,5,90,7,114,10,114
1426469,2024,67,48,2,65,3,80,3,111,3,142,5,153
1426470,2024,67,26,3,43,5,59,5,75,7,83,10,83
1426471,2024,67,45,3,64,4,83,4,109,6,128,7,140
1426473,2024,67,23,1,37,3,41,5,46,7,75,8,76
1426474,2024,96,47,2,72,3,91,3,113,5,170,6,200
1426475,2024,67,30,2,52,4,67,4,87,6,108,7,119
1426476,2024,67,52,2,69,4,78,5,94,5,113,7,130
1426477,2024,67,37,3,62,4,76,5,93,7,111,8,139
1426478,2024,67,59,0,96,1,110,1,152,1,181,3,204
1426479,2024,234,65,0,95,1,119,1,137,3,170,3,195
1426480,2024,234,58,2,100,3,105,3,117,5,133,8,141
1426553,2024,18,61,3,87,4,97,5,115,6,139,6,147
1426554,2024,161,58,1,72,4,89,4,95,7,117,9,117
1426830,2024,127,38,1,76,1,92,2,116,4,151,6,182
1426831,2024,127,55,2,84,2,98,3,137,3,164,6,193
1426832,2024,127,50,1,95,1,115,2,137,4,164,6,178
1428151,2024,165,49,0,77,1,87,2,111,3,146,6,167
1428152,2024,165,35,3,65,4,78,5,95,6,122,6,150
1428154,2024,165,29,1,76,3,103,3,124,5,140,7,158
1428155,2024,165,57,2,74,4,92,4,120,5,143,6,157
1428156,2024,165,42,1,57,4,72,4,110,4,127,6,161
1428743,2024,235,21,1,44,4,54,5,76,6,95,6,104
1428744,2024,235,33,1,50,2,51,4,74,4,89,4,106
1428745,2024,235,29,1,63,1,69,3,84,4,97,8,120
1428746,2024,235,12,2,29,3,41,4,68,5,78,7,93
1431086,2024,134,63,2,85,3,108,3,129,4,163,5,171
1431087,2024,134,59,0,110,0,131,0,156,1,179,5,195
1431120,2024,193,52,1,94,1,108,1,135,2,179,3,199
1431121,2024,193,72,2,97,4,120,5,160,5,194,6,217
1431122,2024,193,65,1,109,2,139,3,169,3,230,3,253
1431123,2024,193,16,3,19,6,20,7,26,8,26,10,26
1431124,2024,193,74,2,103,2,130,3,158,3,204,4,223
1431125,2024,193,44,2,87,3,103,3,148,3,190,3,216
1431126,2024,193,76,1,116,2,131,3,160,3,202,4,232
1431607,2024,225,30,4,61,5,65,6,85,6,122,7,137
1431608,2024,225,33,2,55,2,63,3,78,6,90,9,90
1431609,2024,225,37,0,58,2,70,3,86,6,118,7,126
1431610,2024,225,43,2,62,5,69,7,97,7,129,7,145
1431611,2024,225,33,4,49,6,59,6,77,6,105,6,117
1432194,2024,236,27,4,54,4,68,6,105,7,123,8,136
1432195,2024,236,47,2,71,2,95,3,118,4,147,5,170
1432196,2024,236,46,3,65,3,69,5,91,6,113,8,142
1432197,2024,236,41,3,59,5,82,5,103,7,118,9,142
1432198,2024,236,53,0,86,2,90,4,112,4,139,6,163
1432199,2024,236,32,4,57,4,62,6,81,6,99,8,112
1432200,2024,236,32,3,64,5,81,5,100,5,125,7,139
1432211,2024,207,43,3,93,4,117,5,138,7,153,8,183
1432212,2024,111,45,1,90,1,110,2,129,4,177,4,206
1433362,2024,170,64,1,109,1,127,2,143,5,160,6,175
1433363,2024,170,51,1,88,3,111,3,139,4,182,4,207
1433364,2024,170,45,2,63,4,77,4,113,4,142,5,163
1433367,2024,168,33,3,51,5,69,5,103,5,132,6,174
1433368,2024,168,43,1,90,2,99,3,129,4,160,5,179
1433373,2024,115,58,3,81,5,100,5,129,8,162,8,182
1433374,2024,115,44,3,63,3,71,4,101,5,126,7,158
1433375,2024,121,39,5,76,5,86,5,110,5,122,8,145
1433376,2024,121,63,1,105,2,123,2,155,4,194,4,218
1433383,2024,228,32,3,56,3,77,3,96,5,126,5,147
1433384,2024,228,29,2,45,4,62,5,80,6,103,7,129
1433385,2024,228,54,2,76,3,98,3,114,6,156,6,189
1434155,2024,138,48,0,77,1,96,3,119,4,163,5,174
1434157,2024,138,39,4,51,7,55,8,71,9,79,10,79
1434160,2024,138,44,1,59,5,78,6,121,6,139,8,168
1434161,2024,138,64,0,105,2,120,3,146,3,174,4,192
1436471,2024,237,44,3,73,3,81,4,113,4,152,5,166
1436472,2024,238,56,1,78,4,80,6,105,6,130,7,147
1436473,2024,237,34,2,76,2,85,3,106,4,136,6,149
1436474,2024,238,35,1,81,2,103,2,141,2,163,5,169
1436475,2024,237,20,3,43,4,58,5,68,6,82,8,107
1436476,2024,238,63,3,94,4,110,4,133,4,166,6,182
1436477,2024,237,45,1,82,1,95,2,110,6,126,7,142
1436478,2024,238,43,2,63,3,76,3,91,5,110,8,116
1436479,2024,237,36,3,55,4,64,5,79,7,85,10,85
1436480,2024,238,40,1,74,2,84,2,96,4,114,6,125
1436481,2024,237,46,0,91,0,95,3,114,3,134,5,147
1436482,2024,238,38,0,68,1,77,2,91,5,108,5,122
1436483,2024,237,29,2,57,6,73,6,89,6,110,9,110
1436484,2024,238,35,2,50,3,63,3,95,5,122,6,145
1436485,2024,237,34,2,61,2,67,4,77,6,103,6,118
1436486,2024,238,26,1,45,2,58,2,71,4,77,7,86
1436487,2024,237,50,1,74,3,90,3,101,6,135,6,154
1436488,2024,238,45,1,91,2,107,3,134,5,160,6,187
1436489,2024,237,40,3,64,4,81,4,108,6,134,6,167
1436490,2024,238,53,1,71,3,90,3,113,4,139,5,149
1436491,2024,237,43,1,57,3,78,3,109,3,145,5,172
1436492,2024,238,32,2,53,3,64,4,84,4,106,5,122
1436493,2024,237,53,1,77,2,90,2,108,3,141,4,174
1436494,2024,238,91,0,134,1,155,1,185,2,218,3,244
1438073,2024,129,23,4,49,4,65,5,86,6,105,7,119
1438074,2024,129,74,1,110,2,121,4,139,6,168,6,198
1438075,2024,151,28,3,57,4,77,4,103,6,159,6,195
1438076,2024,151,44,1,68,2,79,2,112,4,159,5,191
1438077,2024,151,44,2,82,3,99,4,120,4,152,4,166
1438078,2024,151,42,2,84,3,99,4,111,5,135,6,144
1438079,2024,151,39,1,66,2,71,3,92,4,123,6,145
1438080,2024,151,27,2,57,2,75,2,110,2,161,3,186
1438257,2024,132,48,1,79,2,91,3,117,4,151,4,171
1438259,2024,132,61,4,82,4,91,6,107,8,114,9,118
1438262,2024,132,44,2,59,4,66,4,82,8,104,8,115
1439813,2024,126,68,0,124,0,154,0,177,0,210,2,233
1439814,2024,126,50,2,75,3,98,3,125,4,170,6,183
1439815,2024,126,55,0,91,2,108,2,125,3,153,3,172
1439816,2024,126,67,1,96,3,109,4,146,4,166,5,185
1439817,2024,126,22,2,38,4,46,5,49,8,49,10,49
1439818,2024,126,29,0,53,1,70,1,102,1,129,3,140
1439819,2024,126,63,0,95,2,112,3,139,3,183,3,220
1439820,2024,126,64,3,113,3,132,4,162,6,192,7,219
1439821,2024,126,62,1,92,3,115,4,134,5,172,6,198
1439822,2024,126,55,1,81,3,99,3,134,4,158,7,162
1439824,2024,126,34,4,56,4,80,4,101,6,120,7,136
1439825,2024,126,18,2,38,2,45,3,63,6,79,7,99
1439826,2024,126,62,1,74,3,80,4,107,5,133,7,146
1439831,2024,126,35,2,52,5,60,5,76,5,88,7,104
1439832,2024,126,40,3,47,7,55,8,68,9,93,9,101
1439833,2024,126,14,1,40,2,48,3,65,4,82,5,98
1439836,2024,126,33,3,38,7,44,8,62,9,69,10,69
1439893,2024,239,39,2,64,5,75,6,102,7,117,9,127
1439894,2024,146,45,3,101,3,122,3,165,4,195,5,221
1439895,2024,186,82,1,152,1,179,1,213,3,267,3,297
1439899,2025,143,46,2,74,4,84,5,99,6,114,8,132
1439900,2025,240,58,2,78,4,94,5,121,6,153,8,165
1439901,2025,149,52,1,87,3,101,3,123,6,151,9,171
1439902,2025,196,47,3,72,4,87,5,113,5,166,6,181
1439903,2025,195,95,1,143,2,161,3,194,5,237,7,247
1440129,2024,241,38,2,58,3,79,3,100,3,130,5,156
1440130,2024,241,40,5,61,6,76,7,99,7,125,8,134
1440131,2024,242,45,2,72,3,81,4,107,5,131,8,148
1440463,2024,133,56,2,84,3,102,4,117,5,139,7,154
1440464,2024,133,55,2,100,2,117,3,148,3,176,3,196
1440465,2024,133,54,2,78,3,92,4,123,5,144,7,149
1441133,2024,243,31,0,79,2,91,2,114,2,141,2,176
1441135,2024,243,40,0,57,1,71,1,87,2,110,2,125
1441136,2024,243,24,3,47,4,53,6,70,7,85,7,103
1441140,2024,243,64,0,91,0,109,0,129,1,154,1,168
1441145,2024,243,53,2,70,3,94,3,122,4,157,5,182
1442735,2024,243,51,1,81,3,96,5,113,5,137,5,159
1442736,2024,243,32,1,59,2,63,4,85,4,113,6,136
1442737,2024,243,58,1,78,2,85,3,101,3,131,4,149
1442738,2024,243,43,0,77,0,99,0,114,1,145,3,158
1442739,2024,243,46,0,66,1,84,1,121,2,138,5,155
1442987,2024,85,74,1,111,2,135,2,159,3,192,4,213
1442988,2024,85,54,1,80,2,99,2,130,2,147,6,161
1442989,2024,85,30,4,59,5,74,5,102,5,120,7,137
1443543,2024,177,32,2,65,5,77,5,118,5,154,5,172
1443544,2024,177,48,1,86,2,100,2,124,4,152,5,186
1443545,2025,244,49,2,85,3,111,3,153,3,206,4,218
1443549,2025,179,14,4,42,4,59,5,77,6,89,8,91
1443551,2025,180,58,2,105,3,135,4,164,7,192,7,204
1443552,2025,177,79,1,134,2,141,4,157,5,204,5,220
1443553,2025,216,27,3,52,4,60,5,87,5,117,7,128
1443766,2024,241,20,2,49,4,64,4,95,4,134,4,152
1443767,2024,242,27,2,46,5,56,5,70,7,83,8,97
1443768,2024,241,64,0,98,1,122,2,156,3,203,4,225
1443769,2024,242,32,2,40,4,50,4,78,5,110,6,117
1443770,2024,241,39,2,75,4,96,5,110,7,126,8,142
1443771,2024,242,44,2,73,2,87,4,113,5,148,6,166
1443772,2024,241,44,1,73,1,83,3,105,4,128,6,139
1443773,2024,242,65,3,86,4,104,5,126,5,163,5,179
1443776,2024,241,35,3,55,3,68,4,82,7,94,9,100
1443777,2024,242,37,1,56,3,76,3,87,5,115,6,129
1443778,2024,241,67,1,94,1,118,2,137,2,178,2,211
1443779,2024,242,20,2,49,5,53,7,67,9,67,10,67
1443780,2024,241,19,3,39,3,47,4,53,6,86,6,99
1443781,2024,242,22,2,48,3,53,3,78,5,92,7,96
1443782,2024,241,63,0,93,1,120,1,143,3,176,3,205
1443783,2024,242,68,2,95,3,119,3,145,5,177,6,199
1443784,2024,241,62,1,83,1,95,1,111,3,135,5,159
1443785,2024,242,33,2,62,4,79,5,93,7,116,7,132
1443786,2024,241,43,1,79,1,99,2,122,3,150,3,172
1443787,2024,242,41,1,70,2,92,3,108,5,125,8,134
1443788,2024,242,42,4,59,4,73,4,92,5,101,8,110
1443789,2024,241,35,4,75,4,85,4,100,5,142,6,158
1444652,2024,166,52,1,78,2,85,2,105,4,131,4,165
1444654,2024,166,42,3,66,4,83,5,96,6,112,6,132
1444947,2024,245,30,1,71,3,79,5,106,6,116,8,125
1444948,2024,245,22,6,36,8,41,8,49,9,52,10,52
1444950,2024,245,47,2,96,3,118,4,140,4,169,4,205
1444951,2024,245,46,1,95,2,107,2,150,3,193,4,230
1444952,2024,246,48,1,72,3,92,3,118,4,139,5,180
1444954,2024,246,38,3,59,3,68,4,78,6,97,9,104
1444955,2024,246,38,1,64,3,83,3,115,3,139,3,157
1444956,2024,246,24,4,52,4,63,5,116,5,153,5,174
1444957,2024,246,46,1,72,2,93,3,114,4,147,5,173
1444958,2024,246,35,1,72,2,91,2,118,3,154,4,183
1444959,2024,246,52,0,76,1,80,5,102,7,113,7,125
1444960,2024,246,34,4,66,4,77,4,108,6,144,6,168
1444961,2024,246,65,0,94,2,101,3,118,3,143,3,169
1444962,2024,246,48,1,76,2,87,4,97,6,113,8,135
1444963,2024,246,35,1,53,2,66,3,89,3,119,6,145
1446761,2024,247,42,3,64,4,75,4,93,5,122,5,152
1446762,2024,247,54,1,88,1,100,2,127,2,148,4,169
1446763,2024,247,77,2,117,2,137,3,164,4,198,4,217
1446764,2024,247,23,4,52,6,61,6,86,6,104,7,132
1446765,2024,165,58,1,90,2,96,2,113,4,139,5,168
1446766,2024,165,54,2,65,3,73,6,89,7,113,7,132
1446771,2024,248,41,1,73,2,102,2,126,4,154,5,168
1446772,2024,248,29,3,44,5,55,7,68,8,70,10,70
1446773,2024,248,40,2,54,3,63,4,77,4,91,6,101
1446774,2024,248,38,2,61,3,72,3,109,3,125,5,144
1446775,2024,248,38,1,64,3,71,3,105,3,151,5,163
1446776,2024,248,43,2,76,2,90,2,120,2,142,4,153
1446777,2024,248,41,1,67,1,96,1,112,3,130,4,146
1447477,2024,211,57,0,100,0,122,1,150,1,172,3,203
1447478,2024,249,21,1,28,3,33,3,39,4,43,6,50
1447479,2024,211,60,0,102,0,131,1,161,4,197,6,210
1447480,2024,211,38,4,63,5,71,5,94,5,132,5,153
1447481,2024,249,19,2,35,2,39,3,52,5,70,6,75
1447483,2024,211,68,1,106,2,131,3,150,3,177,7,201
1447484,2024,249,52,2,94,3,115,3,147,4,201,4,226
1447485,2024,249,34,2,60,3,74,3,99,5,116,5,132
1447486,2024,249,48,2,58,3,65,4,80,5,92,7,102
1447487,2024,211,12,1,22,2,25,3,31,5,41,6,47
1447488,2024,249,67,2,90,3,100,4,132,4,153,5,182
1447489,2024,211,39,1,61,2,86,3,112,4,131,6,149
1447491,2024,211,18,2,30,5,35,6,44,8,51,10,51
1447492,2024,211,56,2,85,2,102,2,131,2,159,4,178
1447493,2024,249,50,3,80,3,95,4,105,5,139,7,152
1447494,2024,211,39,1,76,3,86,4,97,6,116,8,124
1447495,2024,211,18,1,28,6,29,7,32,9,45,10,45
1447496,2024,249,14,2,20,4,21,6,25,8,31,10,31
1447497,2024,249,42,4,66,4,77,5,93,5,120,7,139
1448346,2025,194,78,1,108,3,116,4,136,4,168,4,188
1448347,2025,140,55,1,82,1,93,2,116,3,149,5,196
1448348,2025,109,83,0,135,1,154,2,178,3,221,3,248
1448358,2025,106,100,0,166,1,193,1,230,2,268,2,304
1449301,2024,207,56,1,99,2,124,2,167,3,185,5,202
1449302,2024,214,34,3,62,4,70,5,86,5,115,6,124
1449303,2024,111,70,1,110,3,130,3,154,4,196,5,219
1449304,2024,110,73,1,129,1,162,1,219,1,251,1,283
1450751,2024,250,34,1,58,1,75,2,105,2,127,3,145
1450754,2024,250,26,2,32,4,40,5,49,8,57,10,57
1450755,2024,251,29,1,50,2,58,4,79,4,101,4,113
1450757,2024,251,30,1,56,1,66,2,88,3,112,3,133
1450759,2024,251,15,4,16,6,29,6,36,6,43,10,43
1450760,2024,251,19,3,35,4,48,4,60,5,70,7,84
1450761,2024,250,57,2,85,2,104,4,122,4,135,8,148
1450765,2024,250,24,3,47,3,59,6,76,7,105,8,119
1450766,2024,252,36,2,51,4,59,5,77,6,93,7,104
1450768,2024,252,11,3,32,3,47,3,63,5,85,6,96
1450769,2024,252,36,0,52,1,66,1,76,4,88,5,99
1450770,2024,252,26,2,45,3,56,3,79,3,97,4,113
1450771,2024,252,23,3,38,5,44,6,62,6,69,8,78
1450773,2024,252,55,2,86,2,106,2,134,3,160,5,178
1450774,2024,252,49,1,65,1,75,2,90,4,109,6,121
1450775,2024,252,25,0,56,1,64,1,84,2,120,3,141
1450776,2024,252,26,0,38,2,54,3,69,5,88,6,101
1450777,2024,252,44,2,77,2,90,2,110,3,137,5,155
1450778,2024,252,40,1,86,1,96,2,110,3,133,3,158
1450779,2024,252,51,1,78,1,93,1,116,2,144,2,173
1450817,2024,117,72,0,129,0,140,1,182,1,208,2,245
1450818,2024,117,62,0,91,1,118,2,138,3,161,5,175
1450819,2024,117,49,1,83,1,93,2,121,2,164,3,181
1450820,2024,117,15,3,40,4,58,4,73,6,98,6,110
1450821,2024,117,45,1,88,1,105,2,123,3,144,5,170
1450822,2024,117,46,4,65,5,75,6,85,6,104,7,120
1450823,2024,253,37,3,53,3,65,5,83,6,104,7,123
1450824,2024,253,39,1,65,2,85,3,98,5,149,5,176
1450825,2024,253,31,3,50,4,60,6,72,6,92,8,106
1450826,2024,253,56,0,74,1,80,3,88,4,116,5,139
1450827,2024,253,50,2,67,3,83,3,107,4,142,6,157
1450828,2024,253,35,4,40,6,46,7,55,7,75,9,82
1451814,2024,254,54,2,83,3,106,3,132,3,161,4,179
1451815,2024,254,52,0,77,1,90,1,118,2,142,4,162
1451816,2024,254,42,2,55,4,68,5,111,5,135,6,162
1453518,2024,226,50,1,75,2,90,3,115,4,150,4,164
1453519,2024,226,34,1,60,2,84,2,116,3,146,4,170
1453520,2024,226,38,2,71,3,83,3,116,3,137,4,156
1453903,2024,255,26,2,53,4,71,4,102,5,129,9,132
1453909,2024,255,24,1,42,3,58,3,75,4,91,6,101
1453911,2024,256,62,0,83,2,93,3,109,3,153,4,171
1453912,2024,256,27,4,47,6,63,6,76,7,90,9,95
1453913,2024,256,23,1,34,2,46,2,61,2,97,4,112
1453914,2024,256,18,2,26,4,42,4,51,5,69,7,86
1453915,2024,256,43,2,69,2,90,2,115,3,140,5,154
1453916,2024,256,42,0,62,1,79,1,108,1,128,1,144
1453917,2024,256,36,1,58,1,71,2,95,3,121,4,146
1453918,2024,256,44,0,64,2,71,2,92,2,108,5,122
1453919,2024,256,30,4,34,4,43,4,70,4,94,5,105
1453922,2024,190,86,0,148,1,171,1,213,3,257,4,286
1453923,2024,257,47,2,103,2,111,3,159,3,188,3,224
1453924,2024,257,38,3,70,4,87,4,110,5,126,7,146
1453925,2024,190,42,3,74,3,91,3,111,4,141,5,163
1453926,2024,257,43,0,61,2,76,2,95,3,123,4,142
1453929,2024,190,27,2,43,3,56,3,68,4,85,6,100
1453930,2024,257,17,3,31,6,44,6,51,7,57,9,74
1453931,2024,190,21,4,32,5,43,6,64,6,77,8,86
1453932,2024,257,103,1,150,3,185,3,228,4,301,4,344
1453933,2024,190,32,1,72,2,89,3,109,3,143,3,158
1453934,2024,190,64,1,92,3,106,4,132,4,161,5,175
1453935,2024,257,87,1,141,2,155,3,183,5,217,7,240
1454384,2024,258,30,2,48,3,52,5,63,7,77,7,88
1454385,2024,258,46,3,69,5,80,6,94,7,105,9,109
1454388,2024,258,37,3,48,4,54,5,72,6,82,8,101
1454819,2024,67,44,3,68,4,77,4,95,5,120,6,138
1454820,2024,67,40,2,83,3,100,4,123,5,153,5,185
1454821,2024,67,32,1,72,2,85,3,103,4,132,5,147
1456013,2024,243,50,1,69,1,80,3,108,3,147,5,177
1456441,2024,254,31,3,60,5,68,6,90,7,125,8,135
1456442,2024,254,33,2,50,5,57,6,75,6,101,7,108
1456867,2024,225,59,0,98,0,118,1,142,1,161,1,192
1456868,2024,225,32,1,49,4,58,4,70,4,82,4,93
1456869,2024,225,38,2,63,3,73,3,91,4,103,4,113
1456870,2024,225,36,1,66,1,81,2,100,2,120,2,127
1456871,2024,225,41,3,75,3,92,3,110,5,155,6,185
1456872,2024,225,34,1,49,4,65,4,79,4,89,8,101
1457217,2024,155,29,2,50,2,66,4,90,4,110,6,122
1457218,2024,230,61,0,83,2,100,3,120,4,137,5,166
1457219,2024,155,53,3,80,3,91,3,133,3,162,5,188
1457220,2024,155,47,0,74,2,91,3,111,3,148,4,178
1457221,2024,230,43,2,53,2,62,4,79,5,99,7,111
1457222,2024,155,42,2,67,2,84,2,119,2,139,4,162
1457223,2024,155,39,1,62,2,68,2,81,3,109,4,132
1457224,2024,230,23,3,43,3,55,4,68,5,85,6,102
1457225,2024,230,60,1,90,2,104,3,128,3,150,6,170
1457226,2024,155,44,3,65,4,78,4,105,4,147,5,175
1457227,2024,230,53,2,88,2,108,2,134,2,164,4,192
1457228,2024,230,56,0,98,0,104,2,136,2,160,3,170
1457229,2024,155,38,1,76,1,89,1,123,1,150,1,185
1457230,2024,230,55,1,80,1,96,1,119,3,140,4,161
1457231,2024,155,41,1,64,3,73,4,90,4,108,4,117
1457232,2024,155,46,3,61,3,71,3,90,4,118,4,133
1457233,2024,230,38,1,62,3,71,3,97,3,143,4,174
1457234,2024,155,45,0,83,0,105,0,134,2,175,3,206
1457235,2024,155,46,1,65,3,78,3,94,4,118,4,123
1457236,2024,230,69,1,90,3,110,3,128,4,149,5,165
1457351,2024,259,33,4,48,5,62,6,75,7,88,9,89
1459278,2024,230,38,2,63,2,76,3,92,5,120,6,135
1459374,2024,222,43,0,69,0,83,0,111,1,145,2,175
1459375,2024,222,51,1,83,2,93,2,123,2,168,2,189
1459376,2024,154,47,1,82,1,96,1,123,2,151,2,185
1459377,2024,260,8,2,13,4,17,4,18,7,22,9,26
1459378,2024,261,42,4,68,8,89,8,106,8,140,8,155
1459379,2024,261,55,2,81,2,103,2,139,2,167,4,181
1459380,2024,260,35,0,48,1,66,1,99,1,124,2,135
1459381,2024,260,62,0,74,3,82,4,95,5,115,7,137
1459383,2024,261,45,0,63,1,70,2,91,4,123,4,141
1459384,2024,260,33,1,53,4,57,6,65,8,74,9,78
1459385,2024,261,12,2,23,4,27,5,30,7,39,7,41
1459386,2024,154,21,3,57,3,78,4,103,9,115,10,115
1459387,2024,222,73,0,128,1,161,1,198,2,234,3,271
1459388,2024,154,50,1,78,2,91,3,135,4,163,4,173
1462880,2024,202,21,4,44,4,60,4,77,5,97,9,102
1462881,2024,262,35,2,55,3,57,4,74,6,93,8,101
1462882,2024,202,44,1,81,3,100,3,115,4,139,5,161
1462883,2024,262,39,1,67,1,77,1,90,2,110,5,124
1462884,2024,200,14,3,28,5,35,5,49,5,55,7,60
1462885,2024,202,35,1,63,3,75,3,95,4,106,7,119
1462887,2024,202,43,2,72,3,80,5,113,5,142,6,151
1462888,2024,202,41,2,68,2,90,3,108,5,134,6,142
1462889,2024,200,42,1,60,2,69,2,85,4,99,5,117
1462890,2024,202,30,4,37,6,45,7,55,7,66,8,96
1462891,2024,200,25,3,48,5,53,5,68,5,89,8,92
1462892,2024,262,19,1,32,2,45,3,58,5,74,9,85
1462893,2024,202,38,3,61,5,67,5,89,5,101,6,109
1462894,2024,262,33,1,69,1,79,2,107,3,130,4,149
1462895,2024,202,42,1,62,3,75,5,90,5,111,6,123
1462896,2024,201,34,2,60,2,76,2,94,4,105,8,122
1462897,2024,262,15,3,26,6,35,7,42,8,48,10,48
1462898,2024,201,26,2,36,3,49,3,71,4,89,5,108
1462899,2024,262,43,0,71,1,81,1,107,4,112,7,123
1462900,2024,200,55,1,96,1,105,1,137,1,201,1,224
1462901,2024,201,33,1,63,3,79,3,84,5,93,8,97
1462902,2024,200,27,2,53,3,67,4,85,7,97,9,103
1462903,2024,201,33,3,60,4,69,4,87,5,106,6,121
1462904,2024,201,48,2,76,3,84,4,99,5,106,8,120
1462905,2024,202,37,2,64,2,71,3,82,4,110,5,116
1462906,2024,201,40,2,72,3,87,3,114,3,147,3,179
1462907,2024,202,43,2,57,4,67,5,88,7,99,9,111
1462908,2024,200,42,1,59,2,71,3,92,4,123,4,139
1462909,2024,262,19,3,36,5,40,7,66,8,82,8,95
1462910,2024,200,27,3,61,6,67,6,85,7,98,10,98
1462911,2024,262,23,3,46,3,56,3,72,4,96,5,107
1462912,2024,198,56,3,78,4,86,5,111,5,126,7,164
1462913,2024,198,41,2,61,3,76,3,97,3,117,6,151
1462914,2024,198,39,2,53,3,59,4,75,5,92,7,111
1462915,2024,198,33,0,62,1,75,2,96,3,123,6,133
1462916,2024,198,46,1,78,3,97,3,115,5,130,8,138
1462917,2024,198,29,3,53,4,84,4,104,6,127,7,151
1462918,2024,198,61,0,79,1,94,1,125,2,149,4,168
1462919,2024,198,37,1,55,1,78,2,114,2,146,4,185
1462922,2024,198,41,2,62,3,68,4,85,5,127,6,149
1462923,2024,198,41,2,58,5,69,6,93,6,118,6,148
1462924,2024,198,58,0,80,2,91,2,109,3,128,5,137
1462925,2024,198,52,1,71,4,81,4,84,6,99,8,103
1462926,2024,202,37,1,64,2,85,2,117,3,135,5,154
1462927,2024,198,52,2,72,4,85,5,95,7,121,9,141
1462928,2024,198,51,0,89,1,116,1,146,2,196,2,229
1462930,2024,198,40,2,65,3,79,3,103,4,126,5,141
1462931,2024,198,36,0,62,2,86,2,101,3,132,5,151
1462932,2024,198,25,2,47,3,56,5,77,6,89,10,89
1463652,2024,152,27,2,47,3,60,3,85,5,104,6,113
1463653,2024,152,66,2,92,4,96,6,109,7,132,8,136
1463654,2024,152,33,3,54,5,63,6,79,6,113,6,125
1463655,2024,152,49,1,83,2,103,2,131,4,167,4,204
1463656,2024,152,52,0,78,0,87,1,117,4,133,6,157
1463657,2024,152,31,2,61,5,71,5,95,6,114,7,123
1463658,2024,152,25,3,38,3,54,4,79,5,99,7,113
1463659,2024,152,61,0,102,0,120,1,140,4,154,6,168
1463660,2024,152,40,1,74,1,92,1,110,2,128,5,138
1463661,2024,152,37,3,61,4,73,4,102,4,120,6,130
1463662,2024,152,43,1,68,2,86,2,119,2,140,5,165
1463663,2024,152,53,2,88,2,104,2,124,3,144,5,162
1463664,2024,152,61,1,82,2,98,4,125,4,161,6,182
1463665,2024,152,35,3,60,4,77,4,95,6,98,10,98
1463666,2024,152,40,0,53,3,72,4,88,6,109,7,143
1463667,2024,16,37,1,61,2,76,2,93,4,132,5,153
1467705,2025,4,51,1,75,2,92,2,104,3,123,6,137
1470186,2025,125,68,2,109,4,123,4,138,5,164,7,180
1470187,2025,125,47,1,84,1,95,2,116,4,134,5,150
1470188,2025,125,67,1,86,2,108,2,144,4,161,4,186
1470189,2025,125,50,1,74,2,107,3,128,4,164,4,177
1470190,2025,125,47,1,92,2,111,3,139,3,160,4,168
1470191,2025,125,42,5,68,5,78,6,90,9,98,10,98
1471822,2025,225,53,0,69,2,82,2,107,3,129,5,156
1471824,2025,225,42,3,56,3,79,3,95,5,121,7,128
1471825,2025,225,59,0,90,1,113,1,146,3,186,4,216
1471826,2025,225,36,0,66,1,77,1,100,3,113,5,120
1472516,2025,128,70,0,121,0,149,1,180,3,214,4,256
1472520,2025,170,56,1,103,1,115,1,152,2,183,4,189
1472521,2025,170,49,0,72,2,85,3,118,5,144,7,172
1472522,2025,169,66,0,106,0,127,1,165,2,192,2,214
1472523,2025,169,58,3,111,5,121,6,164,7,194,8,205
1472524,2025,169,49,3,84,4,107,4,127,6,159,8,170
1472525,2025,159,46,1,83,1,108,2,126,3,154,5,178
1472526,2025,159,24,3,57,4,73,4,110,4,125,7,133
1472527,2025,159,47,0,82,0,94,0,130,0,159,2,189
1474260,2025,263,35,1,61,1,81,1,109,1,137,4,167
1474262,2025,263,37,2,61,3,81,4,107,6,131,7,142
1474263,2025,263,38,0,74,1,85,2,105,4,124,7,144
1475525,2025,211,30,3,49,3,59,4,86,4,110,5,125
1475526,2025,211,44,1,60,2,72,2,93,3,106,7,118
1475527,2025,211,66,0,89,1,107,1,127,2,162,2,185
1475528,2025,211,32,4,50,4,57,4,82,4,112,4,126
1475529,2025,211,51,1,68,3,73,4,92,4,112,5,129
1475530,2025,211,22,3,40,5,55,5,68,7,94,9,94
1475531,2025,211,36,3,63,3,70,4,92,5,111,5,126
1476798,2025,264,40,0,61,2,72,2,98,3,121,6,142
1477609,2026,265,57,3,88,4,103,5,134,5,154,5,173
1477610,2026,111,68,1,115,1,133,2,145,4,193,4,221
1478228,2025,204,51,1,80,2,94,3,118,3,138,5,154
1478229,2025,204,35,3,52,4,63,4,78,7,103,7,137
1478230,2025,204,59,2,79,3,95,4,131,4,163,6,189
1478865,2025,4,34,1,53,2,65,3,96,3,125,4,141
1478866,2025,4,43,2,74,5,88,5,110,5,145,5,173
1478867,2025,4,39,1,61,2,71,2,91,4,106,6,120
1478868,2025,4,29,2,55,3,80,3,113,3,131,6,144
1478869,2025,4,34,1,55,3,62,4,91,5,115,7,134
1478870,2025,4,57,1,92,1,112,1,132,3,158,5,190
1478871,2025,4,52,0,85,1,105,2,135,3,163,4,180
1478898,2025,266,71,4,88,6,108,6,136,7,164,7,178
1478899,2025,266,50,2,88,3,123,3,167,3,196,5,218
1478900,2025,267,46,2,96,3,113,4,134,4,151,6,172
1478908,2025,0,40,4,69,5,83,5,105,5,125,8,125
1478909,2025,161,43,2,84,4,103,4,130,5,170,5,186
1478910,2025,54,49,0,75,1,90,2,125,3,149,6,167
1479320,2025,203,34,2,65,2,84,4,96,4,125,5,151
1479321,2025,203,43,2,81,2,103,2,117,3,153,3,175
1479322,2025,203,54,1,97,2,108,2,126,5,169,6,185
1479323,2025,203,66,0,92,1,109,2,138,3,173,5,197
1479324,2025,203,27,3,58,4,76,4,109,5,118,8,124
1479326,2025,203,43,1,76,1,106,1,141,2,174,3,188
1479327,2025,203,71,1,110,2,128,3,149,5,161,6,174
1479576,2025,147,40,2,71,3,80,4,121,5,145,6,175
1479577,2025,268,53,1,90,1,121,2,156,2,179,4,213
1479578,2025,145,25,3,44,4,58,5,77,6,111,7,117
1479580,2025,197,67,1,101,2,115,2,170,3,205,3,231
1481295,2025,269,46,2,76,2,93,2,119,4,145,4,174
1481296,2025,269,33,2,56,5,75,5,109,7,136,9,145
1481297,2025,269,34,0,47,2,49,3,64,3,78,4,91
1481298,2025,269,29,2,43,5,58,5,75,7,89,8,99
1481299,2025,269,10,2,24,3,28,4,41,5,58,6,71
1481300,2025,269,32,1,52,3,64,4,87,6,100,9,115
1481301,2025,269,36,2,62,3,69,5,87,5,110,6,127
1481303,2025,270,60,1,86,1,102,2,140,3,174,4,186
1481304,2025,270,28,2,57,2,69,2,80,2,101,4,105
1481305,2025,270,61,1,94,2,114,2,159,2,203,3,217
1481306,2025,270,43,1,65,1,77,2,100,3,117,4,137
1481307,2025,270,10,1,12,5,15,7,39,7,41,10,41
1481308,2025,270,30,1,49,4,53,7,62,7,70,10,70
1481309,2025,270,48,1,81,1,93,2,124,2,144,3,165
1481311,2025,270,31,0,71,0,86,1,107,1,153,2,175
1481312,2025,270,54,1,93,2,106,3,140,4,167,6,184
1481313,2025,270,56,2,73,3,84,3,97,3,111,4,122
1481314,2025,270,40,3,59,4,72,4,84,6,103,7,114
1481315,2025,270,43,3,63,4,84,5,105,7,153,7,168
1482088,2025,211,34,1,73,3,110,4,126,6,144,7,156
1482089,2025,211,59,1,81,2,97,3,114,3,148,3,170
1482090,2025,211,30,4,46,5,50,7,62,7,73,8,92
1482091,2025,211,69,0,111,1,137,1,144,4,168,5,178
1482092,2025,211,71,0,100,1,121,1,142,1,170,3,182
1482093,2025,211,36,3,66,4,73,5,107,9,125,10,125
1482094,2025,211,41,2,67,2,74,3,92,4,124,4,170
1482096,2025,211,59,1,83,3,100,3,110,5,138,7,160
1482097,2025,211,25,3,52,3,63,4,81,5,95,7,112
1482098,2025,211,34,1,74,2,91,2,110,2,138,4,160
1482100,2025,211,31,3,55,3,68,5,87,6,99,8,110
1482101,2025,211,34,3,62,3,76,3,98,4,124,5,135
1482819,2025,193,33,1,74,3,83,3,98,4,114,7,124
1482820,2025,193,34,2,53,3,68,3,81,6,97,8,110
1482821,2025,193,19,4,36,4,39,5,57,6,69,8,72
1482822,2025,193,29,2,50,3,60,4,71,6,97,8,105
1482825,2025,193,16,2,45,3,64,3,78,7,96,7,106
1482826,2025,193,42,2,53,3,66,4,78,5,87,7,104
1482827,2025,193,29,3,63,4,77,4,98,4,123,6,139
1482828,2025,125,50,3,95,3,110,3,149,4,182,6,199
1482829,2025,125,53,4,85,4,107,4,136,5,167,7,202
1482830,2025,125,92,1,151,1,170,2,187,4,207,7,229
1483731,2025,123,41,2,64,5,71,7,95,8,112,9,113
1483733,2025,123,49,2,79,3,100,3,124,3,139,5,159
1483734,2025,123,45,1,94,1,108,2,140,3,183,5,224
1483735,2025,123,47,2,91,2,103,4,125,5,162,5,174
1483736,2025,123,45,2,71,2,80,4,101,5,123,7,149
1483785,2025,158,52,2,97,3,118,4,143,5,177,6,201
1483786,2025,158,67,1,107,1,129,3,161,3,184,4,201
1483787,2025,158,53,0,99,0,120,2,150,2,172,5,196
1483788,2025,271,37,1,63,2,76,3,104,3,135,4,163
1483789,2025,271,54,0,80,1,94,2,128,3,152,5,161
1484051,2025,135,55,2,103,2,113,4,134,4,176,6,191
1484052,2025,135,66,0,94,1,123,1,145,2,181,3,205
1485343,2025,272,56,3,82,6,97,6,103,8,161,8,162
1485344,2025,272,25,2,46,5,57,6,76,6,102,8,102
1485345,2025,272,48,4,67,5,71,8,95,8,120,10,120
1485347,2025,272,49,4,72,5,87,5,106,6,124,6,133
1485348,2025,272,44,3,70,3,82,3,109,3,157,4,177
1485508,2025,85,54,1,79,3,87,3,108,4,130,4,154
1485509,2025,254,39,2,69,2,80,4,115,4,155,4,177
1485510,2025,119,40,3,66,4,73,5,94,6,105,7,132
1485938,2025,273,43,2,69,4,80,5,106,5,143,6,160
1485939,2025,273,52,1,75,3,86,4,102,5,131,6,152
1485940,2025,273,32,5,55,5,63,5,75,7,87,9,97
1485941,2025,273,45,4,99,4,110,5,129,7,153,7,174
1485942,2025,273,61,2,95,2,120,2,153,4,169,6,198
1485943,2025,273,64,1,101,1,125,1,143,4,168,5,193
1486224,2025,272,69,1,106,2,113,2,137,3,163,6,176
1486225,2025,271,44,2,63,4,83,4,101,6,125,7,155
1486227,2025,274,23,3,36,4,48,6,62,7,82,8,91
1486228,2025,274,65,0,129,1,158,2,173,3,208,5,244
1486582,2025,135,49,4,69,5,74,7,93,8,122,8,162
1486784,2025,271,46,1,72,3,84,4,100,5,129,7,148
1486785,2025,271,39,1,84,1,93,1,133,1,176,1,190
1486786,2025,219,59,2,93,3,125,4,153,5,171,7,214
1486787,2025,219,36,2,73,2,86,3,136,4,191,6,222
1486788,2025,219,63,2,96,5,108,6,123,7,145,8,149
1486790,2025,183,65,1,103,4,113,5,142,5,174,6,199
1486791,2025,183,49,2,82,2,97,2,134,2,194,2,226
1487631,2025,98,54,1,75,2,85,3,120,5,143,6,163
1487633,2025,98,39,3,72,5,76,7,98,7,129,7,139
1487815,2025,275,47,3,68,6,74,8,90,8,104,8,130
1487824,2025,264,33,2,63,3,79,5,100,6,118,6,134
1488319,2025,225,38,2,59,3,75,5,93,7,108,9,124
1488320,2025,225,41,2,75,2,81,2,115,3,134,5,156
1488321,2025,225,28,1,54,3,65,4,83,6,112,6,120
1488323,2025,225,46,1,71,2,82,2,123,2,180,3,210
1488324,2025,225,31,3,60,3,75,3,90,3,117,5,133
1488325,2025,225,38,3,60,4,68,6,83,8,93,8,98
1488326,2025,253,72,1,99,3,117,4,145,4,176,5,205
1488327,2025,253,75,0,109,1,132,1,149,2,168,4,183
1488328,2025,253,43,2,60,3,70,4,97,4,128,4,162
1488329,2025,253,21,2,37,3,51,3,68,5,79,7,90
1488330,2025,253,31,3,73,4,82,5,102,7,114,7,121
1488334,2025,253,14,3,20,6,25,7,35,7,46,9,57
1488336,2025,253,56,0,90,0,101,1,135,1,159,2,167
1488338,2025,276,56,0,89,2,105,2,133,2,175,2,198
1488339,2025,276,31,3,51,5,63,8,84,8,100,10,100
1488340,2025,277,56,3,84,4,97,5,114,7,152,8,166
1488341,2025,277,48,1,86,2,101,3,133,3,160,5,180
1488342,2025,276,29,4,57,4,81,4,111,5,140,5,161
1488343,2025,276,54,2,76,4,81,5,107,7,125,8,149
1488344,2025,276,33,2,60,3,68,5,103,6,130,7,168
1489581,2025,278,78,1,106,2,135,3,166,6,194,7,219
1489582,2025,278,53,2,80,3,106,3,133,3,158,6,172
1489584,2025,278,42,2,90,2,113,2,127,4,148,4,163
1489585,2025,278,58,0,100,0,127,2,174,3,226,5,236
1489968,2025,135,34,2,68,2,82,3,108,4,131,5,148
1489969,2025,135,39,2,74,3,83,3,108,3,143,4,173
1489970,2025,135,37,0,60,2,75,2,94,5,114,7,122
1490234,2026,185,68,2,117,2,149,4,182,5,211,7,238
1490235,2026,217,64,2,111,3,127,4,151,5,178,6,208
1490236,2026,188,36,3,75,3,86,4,112,5,135,8,153
1490237,2026,148,71,0,108,2,126,2,152,4,182,7,215
1490238,2026,187,54,2,102,2,141,2,188,3,236,4,271
1490239,2025,225,29,1,60,2,87,3,113,3,132,4,152
1490471,2025,279,49,4,80,4,95,5,118,6,148,6,160
1490472,2025,279,36,3,58,3,76,4,96,5,110,8,122
1490475,2025,279,33,2,66,2,81,2,105,3,144,4,160
1490476,2025,279,38,2,75,3,102,3,125,3,140,6,148
1490477,2025,279,63,2,82,4,94,5,112,5,140,5,167
1490478,2025,279,49,0,82,1,99,1,121,1,149,1,172
1490479,2025,279,39,4,60,5,68,6,82,6,113,6,133
1490480,2025,279,40,2,52,4,66,4,94,5,113,6,134
1490870,2025,225,60,1,104,1,125,2,148,3,169,4,183
1490871,2025,225,13,3,27,4,35,4,48,6,63,9,80
1490872,2025,225,39,2,71,3,87,3,108,4,136,5,160
1490873,2025,225,51,0,83,1,100,3,124,5,154,6,168
1490874,2025,225,61,0,96,1,117,1,137,3,170,4,185
1490875,2025,225,19,4,27,5,30,7,44,8,52,10,52
1490876,2025,225,34,4,66,5,80,5,108,5,149,5,172
1490877,2025,225,60,2,112,2,135,2,190,3,215,5,246
1490878,2025,225,49,2,78,2,89,2,104,4,130,7,162
1490879,2025,225,35,3,85,4,106,5,131,7,162,9,184
1490880,2025,225,41,1,62,3,75,5,108,7,123,7,141
1490881,2025,225,38,1,80,3,84,5,94,6,106,8,115
1490882,2025,138,34,4,51,5,65,5,73,6,87,7,105
1490884,2025,138,68,0,105,1,119,2,137,3,167,6,199
1490885,2025,138,70,0,95,1,115,2,132,3,156,5,186
1490886,2025,138,65,1,81,2,103,2,128,5,157,7,178
1490887,2025,138,53,2,93,2,101,4,118,5,139,6,147
1490889,2025,138,54,2,80,5,88,6,116,6,138,10,138
1490890,2025,138,56,2,85,4,92,5,111,5,140,7,149
1491604,2025,280,39,1,90,1,109,2,166,3,201,4,217
1491605,2025,280,61,0,99,1,120,1,137,5,164,6,195
1491606,2025,280,39,4,72,5,90,7,116,7,145,8,149
1491607,2025,280,76,1,130,2,154,3,183,5,218,5,243
1491608,2025,280,113,0,167,1,201,1,215,5,228,8,237
1491609,2025,280,58,1,101,1,108,2,144,3,171,4,193
1491610,2025,280,65,0,105,3,118,4,140,7,170,9,194
1491714,2025,177,49,3,93,3,111,4,129,4,158,4,181
1491716,2025,177,46,3,77,4,99,4,127,5,144,7,156
1491717,2025,179,44,2,75,3,83,5,97,5,127,6,153
1491718,2025,179,68,2,110,2,138,2,177,2,205,4,236
1491723,2025,180,32,2,66,3,90,3,113,4,146,5,164
1491724,2025,180,47,0,72,2,81,2,140,3,177,5,207
1491725,2025,244,47,1,96,1,111,2,142,3,166,6,177
1491727,2025,181,47,4,75,5,90,6,102,8,137,9,140
1491736,2026,215,43,0,81,2,96,3,123,4,141,6,175
1491737,2026,180,41,3,62,5,75,6,109,8,117,9,136
1491738,2026,216,50,1,82,2,95,3,121,4,146,5,164
1491739,2026,179,43,1,76,1,90,2,125,2,155,3,187
1491903,2025,45,41,4,66,5,70,6,88,6,109,7,110
1491904,2025,45,29,4,53,4,63,4,86,5,111,8,133
1491905,2025,45,57,0,86,1,97,2,132,4,154,5,178
1492823,2025,4,59,2,88,2,107,2,129,3,157,3,175
1492824,2025,4,37,4,50,5,60,5,69,8,80,10,80
1492825,2025,4,58,1,94,2,117,2,139,4,175,5,191
1492879,2025,258,63,1,92,1,108,2,138,2,174,4,209
1492880,2025,258,44,1,77,2,90,2,117,5,135,7,144
1492881,2025,258,66,1,94,1,107,2,137,2,171,2,207
1492883,2025,258,37,2,57,4,71,4,102,5,121,7,135
1492884,2025,258,31,2,45,5,60,5,84,6,105,6,109
1492887,2025,258,41,1,71,3,90,3,112,5,143,6,154
1492888,2025,258,48,2,78,2,95,3,123,4,151,5,166
1492890,2025,258,42,4,68,5,82,5,105,6,139,9,140
1492891,2025,258,91,2,124,3,138,4,159,6,200,6,219
1492892,2025,258,29,4,52,6,58,6,69,7,85,9,89
1494090,2025,263,49,0,78,2,94,2,125,3,141,6,151
1494091,2025,263,41,3,74,3,80,5,95,5,116,6,136
1494092,2025,263,29,5,53,5,59,7,67,8,85,8,105
1494093,2025,263,65,0,105,1,117,1,143,3,162,4,172
1494094,2025,263,68,1,115,1,134,1,162,3,190,4,213
1494095,2025,263,28,4,47,4,63,4,79,5,96,6,109
1494096,2025,263,44,3,75,4,86,4,106,6,127,7,140
1494097,2025,263,30,2,59,4,69,4,100,4,122,6,132
1494098,2025,263,33,2,64,2,68,4,94,4,137,4,159
1494099,2025,263,56,1,102,2,134,2,166,4,189,6,209
1494100,2025,263,61,0,95,0,107,0,130,1,160,2,188
1494101,2025,263,57,1,103,1,117,1,149,1,176,3,193
1494103,2025,136,32,2,63,2,76,2,98,2,137,4,157
1494108,2025,136,42,1,68,1,77,2,93,3,108,7,126
1494110,2025,136,31,1,45,2,54,2,82,4,92,7,98
1494111,2025,136,39,2,66,3,83,3,122,3,159,4,170
1494113,2025,136,49,0,65,1,79,1,100,2,124,4,141
1494114,2025,136,40,3,60,4,70,4,90,5,112,7,124
1494116,2025,136,59,1,83,3,99,3,128,3,158,4,180
1494583,2025,136,47,1,71,1,84,1,104,3,129,4,147
1494584,2025,136,24,6,44,6,57,6,71,7,97,8,113
1494766,2025,155,59,1,86,3,95,3,120,3,158,3,189
1494767,2025,155,53,3,72,3,96,3,118,3,142,5,169
1494768,2025,155,33,3,59,4,74,4,107,4,146,5,177
1494769,2025,155,55,1,69,5,77,6,88,6,103,8,123
1494771,2025,281,29,4,46,6,54,7,77,8,85,10,85
1494772,2025,281,38,0,64,1,75,2,104,3,131,7,141
1494773,2025,281,50,1,77,2,99,3,134,3,149,5,162
1494774,2025,281,55,1,82,1,101,1,125,2,138,4,157
1494775,2025,281,72,1,117,1,159,1,178,2,221,3,235
1495453,2025,198,28,1,49,1,56,2,75,2,89,6,102
1495454,2025,198,39,1,53,2,61,3,73,4,100,5,112
1495455,2025,198,29,2,59,2,72,3,89,4,99,6,113
1495456,2025,198,36,0,64,0,79,1,94,3,117,5,139
1495457,2025,198,22,2,50,2,59,2,79,3,109,4,125
1495458,2025,198,43,2,59,3,65,3,77,3,101,5,134
1495459,2025,198,57,1,87,1,110,1,152,1,187,3,211
1495460,2025,198,37,3,60,3,67,3,87,5,104,7,111
1495461,2025,198,47,1,78,1,96,1,125,2,155,3,176
1495462,2025,198,57,0,82,1,94,2,117,3,139,4,163
1495463,2025,198,41,0,62,2,77,2,95,6,106,7,113
1495464,2025,198,36,2,71,2,78,2,108,2,135,3,157
1495465,2025,198,59,0,85,0,94,2,124,2,159,3,189
1495654,2025,219,28,4,63,5,77,6,90,7,114,8,128
1495656,2025,219,48,3,60,3,73,4,107,4,129,6,148
1495657,2025,219,44,2,84,3,103,3,134,3,162,3,178
1495658,2025,219,32,2,62,3,89,3,121,4,154,5,168
1495659,2025,219,84,1,133,2,146,4,175,4,219,6,245
1495660,2025,219,66,0,99,0,120,0,135,1,171,4,182
1496821,2025,282,35,2,69,4,80,5,98,6,127,8,136
1496822,2025,282,22,2,37,3,52,3,66,4,102,5,138
1496823,2025,282,46,2,79,2,92,3,114,3,156,4,179
1496824,2025,282,44,3,75,4,89,4,113,4,134,4,162
1496825,2025,282,59,0,75,2,80,3,103,4,136,5,152
1496826,2025,282,23,4,52,6,62,6,79,6,91,9,105
1496827,2025,283,43,2,63,3,86,3,114,5,125,9,136
1496828,2025,245,56,1,84,2,108,3,138,3,182,3,213
1496829,2025,245,42,3,72,4,95,4,108,6,123,8,132
1496830,2025,245,27,2,51,2,64,3,94,3,114,5,135
1496831,2025,245,44,3,65,4,95,4,124,5,158,6,193
1496922,2025,134,34,2,64,2,71,3,101,3,125,4,143
1496923,2025,16,47,1,85,1,98,2,111,4,140,5,160
1496924,2025,134,30,3,54,5,67,5,93,5,113,5,139
1496925,2025,16,42,2,49,4,62,4,78,6,99,8,127
1496926,2025,134,50,0,83,0,94,1,116,2,146,3,172
1496927,2025,16,42,1,62,2,84,2,112,2,131,4,149
1496929,2025,16,39,2,67,2,75,3,93,5,118,7,146
1496931,2025,134,60,1,100,3,125,4,140,5,173,6,188
1496932,2025,16,53,1,72,3,83,3,115,4,153,4,168
1496933,2025,16,55,1,91,1,103,2,119,4,146,4,171
1496934,2025,134,53,3,70,5,80,5,88,6,118,6,133
1496935,2025,16,72,0,96,2,114,4,132,5,155,5,168
1496936,2025,16,27,2,46,4,55,5,83,6,114,7,135
1496937,2025,16,71,1,100,3,120,3,150,3,179,5,202
1496938,2025,16,45,0,87,1,107,1,128,4,141,9,146
1497874,2025,135,51,2,93,3,110,4,143,4,188,7,207
1497877,2025,135,50,3,74,4,81,5,97,5,129,5,171
1498191,2025,283,40,2,82,2,103,3,139,3,173,4,204
1498192,2025,283,34,2,58,2,77,3,112,3,153,6,172
1498662,2025,46,34,1,68,4,84,4,98,5,117,7,136
1498663,2025,46,40,3,62,6,73,7,82,9,103,10,103
1498689,2025,241,35,2,64,2,76,3,98,3,143,4,165
1498690,2025,241,40,2,57,3,72,3,95,3,131,3,154
1498696,2025,271,68,0,95,2,111,2,161,2,187,4,215
1498698,2025,271,58,1,80,4,100,4,114,5,141,7,154
1498699,2025,271,34,2,61,2,72,3,96,5,125,8,144
1499011,2025,138,60,2,80,3,97,3,119,5,144,7,149
1499012,2025,138,56,1,93,2,105,2,127,3,148,3,176
1499013,2025,138,54,1,106,1,123,1,142,2,172,3,195
1499014,2025,138,52,2,86,3,102,3,124,4,147,5,157
1501502,2025,284,42,3,68,4,83,4,104,5,146,6,160
1501503,2025,284,80,2,92,3,108,4,139,5,155,7,165
1501504,2025,284,66,2,98,2,107,3,136,4,169,6,182
1501505,2025,284,95,0,141,1,148,2,177,3,196,4,222
1501895,2025,99,74,1,111,3,119,4,145,5,183,6,194
1501896,2025,158,31,4,66,6,73,7,86,8,100,8,110
1501897,2025,158,22,2,56,4,77,6,96,7,121,8,139
1502048,2025,99,59,0,88,1,94,2,112,4,128,7,147
1502049,2025,99,43,2,71,2,94,2,116,3,146,6,162
1502050,2025,99,44,2,65,3,80,5,91,6,115,6,128
1502051,2025,99,53,1,83,1,97,1,126,1,165,4,195
1502052,2025,99,44,2,68,3,85,3,104,5,132,5,146
1502053,2025,99,58,1,93,2,108,3,137,3,160,4,184
1502054,2025,99,56,1,81,1,92,2,104,5,111,7,114
1502164,2025,166,43,0,83,0,103,0,131,1,177,2,211
1502165,2025,166,42,1,79,1,99,2,126,2,156,3,169
1502166,2025,166,85,1,109,4,118,4,144,6,172,6,204
1502743,2025,4,56,2,80,4,104,4,166,4,201,5,241
1502744,2025,285,15,3,29,5,38,7,55,7,77,8,88
1502745,2025,4,53,2,91,3,100,4,125,4,140,6,152
1502746,2025,285,30,0,48,1,63,2,90,2,111,3,122
1502747,2025,4,71,1,104,1,126,1,180,1,208,5,235
1502748,2025,285,48,2,61,4,74,5,93,5,114,6,128
1502749,2025,4,85,1,138,1,160,2,191,3,231,3,259
1502750,2025,285,46,0,64,0,75,1,99,1,119,2,130
1502751,2025,4,61,0,93,0,121,0,168,1,197,2,221
1502752,2025,285,35,0,46,1,54,2,62,4,74,5,81
1502753,2025,4,28,3,41,8,55,8,67,8,71,10,71
1502754,2025,285,51,1,76,1,85,2,113,3,131,5,147
1502755,2025,4,48,4,75,4,92,4,114,4,141,6,174
1502756,2025,285,32,1,62,3,79,3,110,3,143,5,166
1502757,2025,4,36,2,58,3,68,4,92,4,107,5,122
1502758,2025,285,29,1,67,2,84,2,109,2,164,2,192
1502759,2025,4,51,0,79,2,89,2,100,3,120,6,142
1502760,2025,285,46,1,66,3,86,3,111,4,128,5,151
1502761,2025,285,54,2,96,3,110,5,134,7,158,7,196
1502762,2025,4,52,2,80,3,99,3,127,4,148,5,167
1503450,2025,96,20,2,28,5,43,5,56,7,77,8,92
1503451,2025,67,25,4,55,4,64,5,89,6,110,7,118
1503452,2025,67,39,1,53,3,63,4,80,4,108,5,141
1503453,2025,96,39,3,54,6,72,6,85,6,104,9,123
1503454,2025,67,53,1,77,2,90,3,123,3,156,4,177
1503455,2025,67,41,2,61,4,67,5,88,5,107,8,117
1503456,2025,96,48,2,68,3,83,3,102,5,130,5,161
1503457,2025,67,31,1,70,1,95,1,104,4,115,6,131
1503458,2025,67,27,3,41,4,55,4,83,5,113,6,138
1503459,2025,96,39,2,63,3,78,3,110,4,147,4,172
1503460,2025,67,45,0,73,1,83,1,97,2,126,5,140
1503461,2025,67,44,0,73,1,96,1,118,2,152,5,162
1503462,2025,67,28,2,42,3,58,4,72,5,95,6,112
1503463,2025,67,33,2,60,3,83,3,110,4,120,7,147
1503464,2025,96,38,2,59,3,73,3,90,3,118,3,139
1503465,2025,67,51,1,88,2,111,2,149,2,185,4,225
1503466,2025,67,53,0,73,3,81,4,101,4,127,6,151
1503467,2025,67,25,3,52,6,60,8,74,9,94,9,116
1503468,2025,67,27,2,49,2,55,3,74,5,103,5,126
1503469,2025,96,41,3,60,6,64,7,90,8,102,9,103
1503470,2025,67,61,0,88,1,98,1,132,3,181,4,211
1504941,2025,67,51,1,76,2,85,3,101,6,117,7,142
1505125,2025,286,35,0,70,1,82,1,101,3,129,3,165
1505126,2025,286,50,1,94,1,108,3,119,6,134,6,149
1505127,2025,286,40,1,67,2,90,2,109,3,133,6,151
1506014,2025,286,48,1,77,2,104,2,127,3,159,4,181
1506015,2025,286,75,1,97,3,106,4,128,4,156,4,170
1506016,2025,286,51,2,66,4,74,5,90,5,110,8,117
1506436,2025,138,50,1,74,2,93,2,121,4,151,7,173
1506437,2025,138,58,2,102,3,126,4,148,5,159,8,171
1506438,2025,138,57,0,78,3,87,4,110,7,142,7,157
1506439,2025,138,66,2,106,2,113,2,154,3,180,6,207
1506440,2025,151,55,2,88,3,103,3,125,5,156,6,198
1506441,2025,287,51,1,86,1,100,2,121,2,149,5,162
1506442,2025,287,32,2,49,2,56,3,68,4,81,7,93
1506443,2025,287,48,1,96,1,124,1,147,3,188,5,211
1506444,2025,287,41,3,57,3,73,3,102,3,115,7,123
1506445,2025,287,54,0,82,0,95,0,120,1,150,1,179
1506446,2025,287,30,1,51,1,66,1,83,3,101,5,119
1506447,2025,287,29,2,66,2,76,3,92,6,108,7,125
1507719,2026,85,55,1,91,4,100,6,125,6,133,10,133
1507720,2026,85,58,1,102,1,127,2,139,4,167,4,189
1507721,2026,85,35,4,59,5,72,6,92,6,109,8,128
1508270,2025,225,17,0,33,4,40,4,48,8,59,9,61
1508272,2025,225,22,3,31,3,34,4,42,5,51,6,59
1508275,2025,225,23,2,40,3,52,4,67,5,91,7,102
1508277,2025,225,38,3,63,4,69,5,96,5,123,7,148
1508278,2025,225,22,3,39,4,46,5,52,5,66,7,70
1508279,2025,225,24,4,33,6,42,6,55,8,67,8,78
1508280,2025,225,62,0,99,0,115,2,140,3,171,3,180
1509859,2025,155,38,2,57,3,68,4,95,4,122,5,154
1510178,2025,225,66,0,88,1,107,2,123,4,145,6,174
1510179,2025,225,86,0,108,1,121,1,160,1,209,2,231
1510180,2025,225,16,1,27,3,50,3,67,4,76,5,97
1510724,2025,155,43,2,64,4,70,6,80,7,98,9,109
1510725,2025,230,49,1,62,2,70,3,97,5,120,6,131
1511993,2025,200,31,1,55,2,62,4,83,4,97,6,109
1511994,2025,200,46,1,68,3,86,3,90,4,105,9,108
1511996,2025,200,37,1,57,2,70,3,96,3,119,4,143
1511997,2025,200,40,1,59,3,75,3,118,3,133,5,150
1511999,2025,211,35,2,51,3,58,3,79,3,96,4,107
1512002,2025,211,16,2,28,4,34,5,40,6,52,7,69
1512719,2026,289,50,2,79,3,94,3,123,4,139,7,147
1512720,2026,143,33,0,66,2,98,2,138,2,167,3,182
1512721,2026,195,46,4,63,4,73,5,94,6,128,7,161
1512723,2026,195,57,2,84,3,106,3,134,4,151,5,184
1512724,2026,119,50,1,68,2,76,3,95,4,135,4,163
1512725,2026,143,49,0,91,0,107,0,136,2,181,2,207
1512726,2026,289,24,4,38,5,60,5,71,7,88,8,103
1512727,2026,197,66,0,104,1,132,2,151,4,177,4,213
1512728,2026,146,40,1,65,2,94,2,109,4,137,6,156
1512729,2026,240,50,1,77,1,99,1,122,2,156,3,173
1512730,2026,289,56,2,85,2,101,2,137,3,173,4,190
1512732,2026,119,64,2,90,4,110,4,129,4,159,6,182
1512733,2026,195,55,3,79,4,97,4,130,5,167,5,196
1512734,2026,85,58,2,96,2,114,2,146,3,199,3,225
1512735,2026,195,46,1,67,3,81,3,97,5,116,8,123
1512736,2026,146,86,1,120,2,124,4,168,4,199,4,209
1512737,2026,119,47,0,79,1,99,1,125,1,150,2,169
1512738,2026,146,39,3,71,3,92,3,106,4,131,5,150
1512739,2026,240,53,1,96,2,114,3,148,3,174,4,196
1512740,2026,289,47,3,79,4,101,4,142,4,193,5,235
1512741,2026,143,42,3,90,3,105,3,125,6,148,8,152
1512742,2026,197,58,3,92,4,121,4,140,5,155,7,175
1512743,2026,195,22,3,42,4,54,5,73,6,108,6,133
1512744,2026,240,65,0,88,1,104,3,136,3,180,3,199
1512745,2026,119,52,1,92,2,108,2,127,4,154,4,175
1512747,2026,143,56,2,82,3,97,4,124,5,174,6,202
1512748,2026,85,70,0,110,2,127,3,151,4,175,6,181
1512749,2026,240,50,0,75,0,83,0,123,1,158,2,173
1512751,2026,195,52,0,80,1,101,1,131,1,153,5,170
1512752,2026,146,44,2,66,3,76,3,97,4,114,5,122
1512753,2026,289,47,1,85,1,107,1,131,3,177,3,199
1512754,2026,197,51,2,74,3,89,3,118,4,159,4,193
1512755,2026,143,48,2,76,2,90,2,115,4,138,6,165
1512756,2026,119,61,1,86,1,100,1,122,3,148,5,178
1512758,2026,85,47,3,73,5,81,5,98,7,104,10,104
1512760,2026,85,37,2,68,4,83,4,106,6,126,7,146
1512761,2026,197,41,3,84,3,111,3,144,4,164,6,187
1512762,2026,195,55,2,115,2,131,2,179,3,216,4,254
1512763,2026,85,46,2,70,2,84,3,112,3,147,7,164
1512764,2026,119,44,2,75,3,84,5,90,6,137,6,168
1512765,2026,197,52,4,82,6,90,7,118,7,163,7,176
1512766,2026,240,80,1,109,1,134,2,176,4,220,4,256
1512767,2026,119,54,0,84,2,106,3,125,4,142,6,159
1512768,2026,85,64,0,102,0,125,0,163,0,198,3,212
1512769,2026,146,45,2,80,3,88,5,110,5,132,6,153
1512770,2026,143,45,0,82,1,103,3,125,4,175,4,195
1512771,2026,143,48,2,77,4,84,5,108,5,150,5,169
1512772,2026,195,67,1,119,2,145,2,177,3,217,5,253
1512773,2026,197,92,0,127,1,161,1,203,1,220,4,255
1513086,2025,260,38,3,70,3,77,4,94,7,111,8,138
1513088,2025,260,26,4,46,4,59,4,68,5,97,7,114
1513089,2025,260,22,2,40,3,66,4,92,6,105,8,119
1513090,2025,260,53,1,80,1,102,1,119,3,153,3,177
1513091,2025,260,39,2,63,5,68,6,75,6,92,9,95
1513092,2025,260,38,2,53,3,60,4,80,6,83,10,83
1513093,2025,260,36,1,66,3,77,3,90,5,123,6,126
1513094,2025,260,57,2,78,3,90,3,115,3,135,5,158
1513095,2025,260,40,0,54,0,65,0,89,1,116,4,128
1513096,2025,260,29,3,46,3,59,3,90,4,107,5,129
1513097,2025,260,33,0,53,1,71,1,103,5,121,5,140
1513099,2025,256,43,1,77,2,85,2,103,3,135,4,152
1513100,2025,256,53,0,80,1,95,1,133,2,146,2,160
1513101,2025,256,43,2,73,2,83,2,115,3,151,3,175
1513102,2025,256,28,2,55,5,62,5,74,5,90,8,102
1513297,2025,260,46,3,71,4,85,4,103,5,136,5,177
1513298,2025,260,36,0,78,2,103,2,130,3,147,4,171
1513299,2025,260,42,2,71,3,81,3,111,4,134,5,152
1513300,2025,260,40,0,74,0,87,0,116,0,154,0,179
1513301,2025,260,29,2,58,2,79,2,106,2,138,2,156
1513302,2025,260,35,1,55,3,62,5,78,6,109,6,116
1513303,2025,260,49,1,82,2,96,2,102,5,122,5,145
1513304,2025,260,48,1,69,2,93,2,127,4,145,4,157
1513824,2025,229,23,4,43,4,46,6,60,7,70,9,80
1513825,2025,229,54,0,95,1,120,1,156,2,176,5,201
1513826,2025,229,25,1,31,4,34,6,45,7,64,7,75
1513827,2025,229,23,3,51,5,60,6,84,6,123,8,145
1513828,2025,229,32,1,57,2,83,3,97,5,133,5,156
1513829,2025,229,62,1,106,3,114,3,132,4,159,5,182
1513830,2025,229,40,1,55,4,70,4,99,5,125,8,151
1513832,2025,229,49,2,76,2,90,3,106,3,148,5,153
1513833,2025,229,38,2,57,5,64,5,79,6,100,7,110
1514473,2025,234,40,0,51,2,57,2,64,5,71,6,76
1514474,2025,234,47,1,85,1,108,2,152,2,197,3,224
1514475,2025,234,12,2,30,3,33,4,46,6,55,8,55
1514476,2025,234,81,0,117,1,131,2,191,2,259,2,290
1514477,2025,234,32,1,48,2,53,3,75,4,82,6,90
1514480,2026,254,35,2,59,4,74,5,106,5,127,7,128
1515010,2025,256,30,4,47,5,60,7,66,8,69,10,69
1515011,2025,256,55,1,77,1,105,1,166,2,204,5,216
1515012,2025,256,46,3,65,4,78,4,103,6,108,8,127
1515013,2025,256,38,1,78,2,109,2,150,3,202,3,223
1515014,2025,256,48,2,69,2,80,3,96,3,119,6,139
1515542,2025,225,48,1,75,1,90,3,117,4,152,5,167
1515543,2025,225,39,1,67,2,78,3,94,4,123,4,141
1515544,2025,225,31,1,47,2,54,4,67,4,94,4,112
1515545,2025,225,36,2,64,3,84,4,108,6,129,6,152
1515546,2025,225,36,1,60,2,72,2,107,2,134,4,157
1515548,2025,225,45,0,65,1,90,1,110,2,125,3,150
1515549,2025,225,36,3,49,5,55,5,62,6,77,6,80
1519136,2026,290,57,2,79,4,87,5,105,8,118,9,118
1519137,2026,290,43,2,76,2,96,2,130,3,159,3,190
1519138,2026,290,55,1,88,3,95,5,107,6,139,7,154
1519139,2026,16,46,2,77,3,86,3,122,5,150,6,178
1519140,2026,16,49,3,87,4,98,5,105,7,145,7,170
1519636,2026,158,56,1,92,3,110,3,137,4,149,6,168
1519637,2026,158,72,2,96,3,117,3,139,4,175,4,198
1519638,2026,158,55,2,97,2,107,3,137,4,175,4,207
1522994,2026,155,56,1,101,2,124,2,151,2,184,3,215
1522995,2026,155,57,1,86,1,107,1,136,2,180,4,201
1522996,2026,155,51,2,82,3,104,4,127,5,164,5,187
1522997,2026,155,52,1,90,1,104,2,135,3,175,5,205
1522998,2026,229,47,0,70,1,102,1,123,2,133,6,157
1522999,2026,229,29,4,50,5,68,5,85,7,91,10,91
1523000,2026,229,21,2,50,2,58,2,74,3,121,4,140
1523001,2026,229,33,1,47,5,52,5,66,8,83,9,87
1523002,2026,229,50,2,65,2,87,2,109,3,139,4,170
1523003,2026,229,34,1,60,2,70,2,92,3,118,5,126
1523005,2026,229,17,4,31,5,45,5,60,6,80,8,108
1525159,2026,203,50,3,81,4,95,4,114,5,140,6,182
1525160,2026,203,46,1,78,3,84,6,114,7,149,7,171
1525162,2026,203,53,1,75,2,86,2,99,6,115,8,125
1525166,2026,270,43,3,66,3,73,3,86,7,98,10,98
1525167,2026,270,24,2,37,3,47,4,79,5,89,9,97
1525168,2026,270,57,1,76,2,91,3,102,3,115,8,129
1525169,2026,270,37,1,52,4,58,5,71,6,82,7,94
1525170,2026,270,26,4,43,4,49,5,58,5,73,6,92
1525171,2026,270,38,0,61,2,75,2,98,2,124,3,153
1525172,2026,270,52,0,81,2,92,2,128,2,172,2,187
1525173,2026,270,32,1,52,2,57,4,68,6,92,7,107
1525174,2026,270,63,1,96,2,116,2,145,2,184,3,215
1525175,2026,270,10,3,26,4,40,4,54,5,69,5,85
1525176,2026,270,40,1,71,3,86,3,100,5,117,6,126
1525177,2026,270,24,4,52,4,68,4,84,5,101,6,114
1526841,2026,231,30,1,41,4,59,4,85,5,102,6,115
1526842,2026,232,28,4,32,8,47,8,55,8,69,9,72
1526843,2026,231,24,2,53,5,59,5,68,5,87,6,95
1526844,2026,232,50,1,79,3,94,3,116,3,141,3,178
1526845,2026,231,20,1,47,2,59,3,69,5,90,6,98
1526846,2026,231,31,2,43,3,51,4,58,6,62,9,77
1526847,2026,232,34,5,47,7,56,7,74,9,75,10,75
1526848,2026,232,68,0,120,0,133,0,151,0,180,2,205
1526849,2026,232,73,1,131,2,152,2,176,2,209,4,236
1526850,2026,231,22,2,39,2,58,2,71,3,87,6,108
1526851,2026,232,43,1,76,1,95,2,123,2,154,4,178
1527157,2026,211,33,3,46,4,64,4,90,4,121,5,140
1527158,2026,211,37,2,59,2,71,2,98,4,119,5,130
1527277,2026,291,16,2,23,5,32,8,44,8,54,9,60
1527278,2026,291,15,2,35,3,51,3,62,5,75,5,81
1527279,2026,291,33,1,48,2,55,4,76,5,93,7,102
1527280,2026,291,49,1,74,3,91,3,110,5,147,5,164
1527281,2026,291,27,3,49,3,62,3,87,4,101,6,114
1527770,2026,287,35,1,81,2,95,3,116,6,152,8,174
1527773,2026,287,30,2,62,3,72,3,90,5,120,6,136
1528275,2026,286,61,1,100,2,112,3,130,5,162,6,182
1528299,2026,204,45,0,65,1,83,2,116,2,144,4,148
1528300,2026,204,36,3,69,4,80,4,100,5,125,8,128
1528301,2026,204,42,2,73,2,100,3,125,3,166,3,190
1528302,2026,204,54,1,98,1,128,1,159,3,180,4,207
1528303,2026,204,32,2,60,3,79,3,113,4,128,9,133
1528305,2026,204,41,3,57,6,64,6,85,7,107,7,129
1528306,2026,204,59,0,82,3,88,3,116,4,145,7,161
1528307,2026,204,39,1,65,2,83,3,90,7,109,7,111
1528308,2026,204,68,0,91,1,102,2,125,2,159,5,183
1529145,2026,264,50,3,75,5,89,5,104,6,135,6,159
1529146,2026,264,50,3,77,4,92,4,102,6,132,7,157
1529147,2026,264,49,0,72,1,81,2,117,2,158,3,186
1529377,2026,292,40,2,86,4,111,4,140,4,180,4,204
1529378,2026,292,9,2,24,3,38,4,48,6,63,8,64
1529379,2026,292,46,0,74,2,92,3,122,3,147,6,160
1529380,2026,292,39,1,92,1,104,3,121,4,136,7,157
1529787,2026,225,47,2,75,2,83,5,100,6,119,10,119
1529788,2026,225,33,2,53,4,64,4,99,5,116,7,125
1529789,2026,225,21,0,60,1,75,1,88,3,112,5,135
1529790,2026,225,55,2,77,4,93,4,119,5,146,5,164
1529791,2026,225,39,0,65,1,85,1,130,1,151,3,165
1529792,2026,225,43,3,75,3,102,4,117,6,148,6,170
1529793,2026,225,57,2,81,3,101,4,121,6,130,8,145
1529794,2026,225,46,5,73,5,84,6,103,6,136,8,166
1531681,2026,125,50,1,97,2,129,2,166,2,201,3,231
1531682,2026,125,70,1,122,1,145,3,178,4,206,7,227
1531683,2026,125,37,2,56,4,73,4,100,4,120,5,144
1531684,2026,125,53,2,86,3,106,3,129,4,163,4,198
1531685,2026,125,43,2,76,3,82,5,100,6,131,6,143
1531695,2026,118,47,3,61,6,73,6,89,6,112,6,128
1531873,2026,125,41,0,67,2,79,2,110,2,156,5,165
1532637,2026,193,35,2,51,3,64,3,97,3,124,4,132
1532638,2026,293,44,1,73,1,89,1,118,2,148,3,169
1532639,2026,293,20,4,30,7,36,7,45,8,47,10,47
1532640,2026,193,20,2,32,4,42,5,65,5,74,8,92
1532641,2026,293,34,3,59,3,66,3,96,4,113,8,123
1532642,2026,293,65,0,99,0,123,0,150,2,183,3,197
1532643,2026,193,48,0,84,0,101,1,119,2,144,3,166
1532644,2026,293,11,3,25,6,36,7,55,7,67,9,74
1532645,2026,293,64,1,114,1,130,2,146,3,174,4,204
1532646,2026,193,39,1,50,2,61,3,87,4,116,5,129
1532647,2026,294,53,0,68,2,79,2,102,3,140,3,163
1532648,2026,193,34,3,56,3,74,4,94,4,127,5,142
1532649,2026,294,35,0,73,0,88,1,107,5,125,8,140
1532650,2026,193,43,1,65,1,71,2,80,4,101,6,112
1532651,2026,193,35,2,75,2,94,3,121,4,147,4,163
1532652,2026,294,52,1,71,4,82,5,103,5,114,7,116
1532653,2026,193,33,3,49,3,65,3,88,4,110,7,130
1532654,2026,193,23,3,43,4,50,5,71,6,85,9,90
1532655,2026,193,43,0,60,1,65,2,74,3,91,6,102
1532656,2026,193,34,2,47,4,53,5,69,6,77,8,81
1532657,2026,294,21,3,41,3,47,5,70,6,82,8,94
1532658,2026,294,23,2,54,2,70,3,83,4,95,6,107
1532660,2026,193,40,1,76,1,102,1,133,2,177,2,207
1532662,2026,193,13,4,37,5,45,8,50,9,65,9,75
1532663,2026,193,39,0,71,2,80,4,97,5,110,7,121
1533385,2026,126,97,0,171,0,207,0,242,1,287,1,308
1533386,2026,126,31,1,62,2,69,4,96,4,130,7,163
1533387,2026,126,77,3,103,4,132,4,155,5,185,7,211
1533389,2026,126,73,1,120,1,132,1,165,2,193,6,213
1533390,2026,211,24,2,38,3,51,3,66,4,73,5,87
1533391,2026,211,41,3,56,5,73,5,96,5,124,6,137
1533392,2026,211,53,1,91,2,104,2,124,4,167,4,186
1533393,2026,211,13,3,28,4,32,6,46,8,67,8,73
1533394,2026,241,35,0,57,1,68,2,76,4,95,6,110
1533395,2026,241,52,3,87,4,108,4,135,4,180,5,198
1533397,2026,151,50,1,61,2,75,2,101,2,133,3,165
1533398,2026,151,38,3,46,6,61,6,84,6,98,7,112
1533399,2026,151,45,3,73,3,96,3,109,5,147,6,163
1533400,2026,151,52,1,77,2,94,3,125,4,149,6,167
1534038,2026,151,28,2,50,3,62,3,78,4,100,6,115
1534039,2026,287,32,2,70,2,93,2,113,4,131,6,151
1534040,2026,151,36,2,48,5,55,7,66,7,73,10,73
1534041,2026,287,38,2,65,5,70,6,102,7,128,8,140
1534042,2026,151,35,3,43,6,49,8,60,9,74,9,74
1534043,2026,287,57,1,87,1,127,2,158,2,184,3,208
1534044,2026,151,39,0,69,2,87,3,107,4,140,5,164
1534045,2026,287,55,2,84,4,102,4,139,7,156,8,172
1534046,2026,151,55,3,73,4,87,5,115,7,141,9,145
1534047,2026,287,30,2,56,2,71,2,93,3,123,4,133
1534048,2026,151,58,0,100,0,112,0,133,1,178,2,199
1534049,2026,287,50,1,103,1,115,2,138,2,183,4,196
1534050,2026,151,28,2,40,4,56,4,72,6,98,8,99
1534051,2026,287,38,1,89,2,100,3,125,7,146,7,155
1534052,2026,151,50,3,80,3,98,4,127,4,159,6,181
1534053,2026,287,63,0,119,0,145,1,198,2,250,2,280
1534054,2026,151,56,2,79,3,101,3,114,5,127,6,149
1534055,2026,287,45,2,69,2,82,5,100,6,124,7,148
1534056,2026,151,41,3,63,3,81,4,96,5,134,7,147
1534057,2026,287,20,3,37,4,46,6,63,8,68,10,68
1534058,2026,287,32,4,57,5,67,6,88,7,123,8,134
1534059,2026,151,45,1,62,3,71,4,96,6,125,6,139
1534060,2026,151,47,2,81,2,100,3,114,3,138,4,160
1534061,2026,287,40,2,65,3,84,3,107,3,121,4,139
1534590,2026,138,66,2,92,5,100,5,124,6,154,8,164
1534594,2026,138,51,2,72,3,86,4,102,6,135,9,154
1535413,2026,291,34,0,47,3,54,4,75,5,95,6,107
1535414,2026,291,58,0,91,1,102,2,117,3,145,4,166
1535415,2026,295,78,1,123,2,142,2,169,3,207,5,247
1535416,2026,291,93,0,156,0,169,0,201,1,253,1,288
1535419,2026,291,33,2,46,3,55,5,63,6,74,8,101
1535420,2026,295,35,2,64,2,74,2,94,3,125,5,149
1535421,2026,295,25,0,39,2,49,2,57,3,70,3,78
1535422,2026,295,20,2,25,4,26,5,40,7,49,9,49
1535423,2026,291,28,2,44,2,64,3,88,3,122,4,135
1535424,2026,295,54,2,83,3,110,4,135,4,162,7,183
1535425,2026,291,91,0,140,0,158,0,196,1,234,2,255
1535426,2026,295,29,1,44,3,49,4,68,7,82,9,88
1535428,2026,291,48,1,73,2,85,3,96,4,140,4,159
1535429,2026,295,18,1,29,4,36,4,40,7,49,7,53
1535430,2026,295,45,1,80,3,100,3,129,3,160,3,193
1535431,2026,291,34,2,60,3,70,3,81,4,93,6,97
1535433,2026,291,35,1,55,3,61,3,76,5,102,6,117
1538211,2026,284,72,3,119,4,139,4,162,4,201,4,217
1538213,2026,284,43,1,69,2,77,2,91,2,112,4,131
1538214,2026,284,56,2,100,2,115,2,137,3,176,5,200
1538216,2026,284,64,3,88,3,104,4,128,5,161,7,190
1538217,2026,284,45,1,86,1,104,1,144,2,177,2,209
1538218,2026,284,52,1,96,2,129,2,168,3,182,6,221
1538219,2026,284,35,2,72,5,86,5,133,5,162,7,191
1538440,2026,263,48,1,135,1,175,1,219,2,271,2,313
1538443,2026,263,64,0,88,2,105,3,120,4,149,6,173
1538445,2026,263,21,3,34,5,43,5,55,5,71,7,84
1538446,2026,263,59,0,94,0,102,1,131,2,163,3,184
1538449,2026,263,95,0,156,1,180,1,214,2,261,4,275
1538450,2026,263,45,1,84,4,97,4,133,4,185,5,212
1538451,2026,263,61,0,106,0,144,0,193,1,236,1,287
1538452,2026,263,19,3,48,5,53,6,79,7,94,8,94
1538453,2026,263,21,3,45,4,51,4,73,6,90,8,114
1538454,2026,263,42,0,53,3,56,4,70,8,81,9,90
1538455,2026,263,42,2,76,3,100,3,147,3,179,5,188
211028,2005,8,50,2,93,2,105,4,124,5,157,5,179
211048,2005,7,58,4,89,4,109,4,141,5,170,5,214
222678,2005,296,59,0,88,1,99,2,109,5,121,8,133
225263,2006,9,40,3,60,4,82,4,101,5,119,6,144
225271,2006,8,58,0,84,3,102,5,126,6,151,7,163
226374,2006,55,50,0,92,1,110,2,145,2,174,2,209
237242,2006,7,23,1,54,4,65,4,81,5,104,5,126
238195,2006,296,48,1,83,1,105,1,136,1,177,3,201
249227,2007,18,73,1,117,2,139,3,157,5,194,5,221
251487,2006,20,66,0,101,2,108,3,132,4,152,6,162
251488,2006,7,40,3,55,5,61,7,80,8,115,9,115
255954,2006,296,31,2,57,4,64,5,94,5,113,6,126
258463,2007,297,62,1,97,1,115,2,153,4,198,5,208
258464,2007,297,50,1,78,2,104,2,138,4,157,5,169
287853,2007,296,54,0,109,0,131,0,167,2,184,4,205
287854,2007,76,23,4,38,5,42,7,61,8,73,10,73
287855,2007,76,38,2,67,3,81,3,116,5,146,7,171
287856,2007,40,22,3,51,4,69,4,90,5,119,6,138
287857,2007,296,33,1,69,1,89,1,102,2,131,5,164
287858,2007,40,59,3,93,3,113,3,153,4,172,6,188
287860,2007,296,53,1,101,2,131,2,184,3,215,6,260
287861,2007,40,35,1,64,3,86,4,103,5,129,7,135
287862,2007,76,33,3,64,4,82,4,97,5,128,7,141
287863,2007,296,38,2,80,2,99,4,118,5,148,5,164
287864,2007,40,65,4,96,5,103,6,119,6,133,8,144
287865,2007,296,48,1,77,2,89,4,112,5,164,6,190
287866,2007,40,31,0,63,1,73,2,91,3,114,6,123
287867,2007,40,43,3,68,3,86,3,94,5,133,6,154
287868,2007,296,33,3,69,3,89,3,134,4,164,5,189
287869,2007,76,31,4,60,4,84,4,114,5,146,8,164
287870,2007,296,58,2,85,3,99,4,123,4,156,5,164
287871,2007,296,39,2,61,3,77,3,97,5,122,5,147
287872,2007,76,50,0,76,3,90,3,121,4,138,7,153
287873,2007,76,41,0,90,0,110,0,138,1,171,3,218
287874,2007,40,26,4,43,7,60,7,77,7,92,8,101
287875,2007,40,51,1,80,2,102,4,121,6,137,7,140
287876,2007,76,34,3,57,3,72,4,97,4,131,4,153
287877,2007,40,41,0,72,1,78,2,104,5,120,7,143
287878,2007,76,36,1,60,2,88,2,127,3,161,4,188
287879,2007,296,40,2,69,2,89,2,110,3,130,5,157
291343,2007,298,48,1,73,3,90,3,131,3,169,4,186
291356,2008,0,30,4,43,5,49,6,62,7,74,10,74
296903,2008,34,33,2,59,3,69,5,86,5,102,7,123
297800,2007,299,58,1,81,2,96,2,116,4,149,4,166
298795,2007,296,39,2,66,4,75,4,86,6,113,7,129
298804,2008,296,31,2,48,3,58,3,81,6,108,7,131
300435,2008,7,59,2,86,4,104,4,122,5,166,7,184
300436,2008,300,67,1,84,4,102,4,126,4,169,4,193
306987,2007,301,35,2,58,2,72,3,98,3,121,6,138
306989,2007,301,67,0,92,1,111,2,146,3,167,5,191
306991,2007,301,31,2,44,5,47,5,58,7,75,9,92
343764,2008,47,60,2,90,3,113,3,148,4,172,5,203
350050,2009,34,43,1,60,3,73,3,93,3,131,3,145
350475,2009,296,40,2,71,5,78,5,103,5,142,6,166
350476,2009,39,36,2,70,2,81,3,96,4,134,5,156
351694,2009,0,69,1,101,2,119,2,145,4,170,7,182
351695,2009,55,36,1,59,3,70,3,103,4,136,5,157
351696,2009,18,47,2,67,3,82,3,105,4,132,5,150
352674,2009,25,47,1,73,3,92,4,101,6,117,8,121
354456,2008,302,23,1,44,3,52,4,70,4,85,7,99
355991,2009,49,51,0,89,0,106,1,124,2,149,4,162
355993,2009,297,35,3,63,3,83,4,111,4,144,6,169
355994,2009,303,54,0,76,1,93,1,113,2,157,3,180
355995,2009,297,55,0,88,2,105,2,128,3,178,4,211
355996,2009,297,63,2,90,2,113,2,139,3,162,5,185
355997,2009,303,42,2,65,4,69,5,89,5,109,7,137
355998,2009,303,48,2,70,3,77,4,94,6,129,6,159
355999,2009,49,50,1,81,2,94,2,115,3,156,4,175
356000,2009,49,47,0,61,1,64,3,86,5,112,6,128
356002,2009,303,66,0,105,0,122,0,148,2,175,4,192
356003,2009,303,52,1,94,2,111,2,140,2,176,5,198
356004,2009,303,25,3,47,3,73,3,88,7,101,8,111
356005,2009,49,65,0,86,1,91,2,120,3,136,5,150
356006,2009,49,40,3,54,3,66,3,97,4,131,5,153
356007,2009,297,54,1,86,1,106,2,138,3,166,6,183
356008,2009,297,37,3,56,4,72,4,84,6,95,9,99
356009,2009,49,28,2,67,2,83,3,101,4,128,6,144
356010,2009,49,40,1,71,1,82,2,100,3,131,4,153
356011,2009,297,49,1,83,2,98,3,116,3,138,5,161
356012,2009,297,38,1,79,2,96,2,116,3,142,5,159
356013,2009,303,51,2,80,2,88,3,109,3,139,4,158
356014,2009,303,47,1,65,2,75,2,98,3,113,4,130
356015,2009,303,47,2,68,2,95,2,120,3,137,4,149
356016,2009,297,44,0,72,0,77,3,98,3,132,4,158
356017,2009,49,34,4,54,4,67,5,79,6,113,6,138
361530,2008,302,22,3,48,5,52,7,58,9,67,10,67
361531,2008,302,35,0,55,0,68,1,82,3,98,3,107
361656,2008,304,52,1,74,2,87,3,106,3,129,6,137
361660,2008,304,35,2,64,3,81,3,99,4,112,6,132
366622,2009,20,47,2,64,3,86,3,98,5,126,6,149
366707,2008,180,47,2,73,3,94,3,110,4,138,5,155
366708,2008,21,56,0,106,0,131,1,152,4,167,6,191
386494,2009,305,56,3,83,6,92,6,112,7,133,7,162
386535,2009,26,59,1,79,1,89,2,121,3,160,4,171
387563,2009,296,56,2,87,3,111,3,149,3,168,5,202
387564,2009,39,69,0,131,0,157,0,195,2,219,5,241
392615,2009,16,53,1,71,4,82,5,94,8,105,8,108
401076,2009,56,43,4,62,6,71,7,86,7,102,8,118
403375,2009,26,49,2,76,3,96,3,125,4,151,5,172
403385,2009,26,38,2,63,2,85,3,108,3,126,5,141
403386,2009,26,49,0,83,0,106,1,124,2,154,3,170
406197,2010,19,58,0,97,3,106,3,127,4,151,6,179
406198,2010,18,35,2,59,4,77,5,89,6,111,7,138
406207,2010,0,50,1,74,3,82,6,102,7,125,9,127
412677,2010,306,43,2,69,2,78,4,92,5,125,6,138
412678,2010,306,36,1,54,2,71,2,97,2,124,3,135
412680,2010,307,47,0,80,0,104,0,138,0,156,2,172
412681,2010,306,32,3,49,4,59,4,76,4,104,5,120
412682,2010,307,36,2,67,2,89,2,111,2,161,3,186
412683,2010,307,55,1,86,2,101,2,134,2,179,4,191
412684,2010,306,54,1,66,6,72,6,84,9,84,10,84
412685,2010,306,60,1,88,4,97,4,115,4,172,4,191
412686,2010,306,59,1,86,2,100,3,124,4,157,5,173
412688,2010,24,35,2,54,4,63,5,82,6,118,6,141
412689,2010,24,44,1,76,2,86,4,102,5,123,7,147
412690,2010,24,48,1,66,2,79,2,108,3,144,3,170
412691,2010,24,53,0,95,0,113,1,145,2,173,4,184
412692,2010,24,47,1,82,1,106,1,132,1,169,1,195
412693,2010,24,41,1,61,4,74,4,99,5,114,6,133
412694,2010,24,65,1,82,1,100,2,125,4,148,5,168
412695,2010,24,31,0,67,0,80,1,114,1,152,2,169
412696,2010,24,33,4,65,4,76,5,99,5,138,5,168
412697,2010,307,19,3,50,3,73,4,110,4,137,6,148
412698,2010,307,39,1,63,2,77,3,112,3,133,5,149
412699,2010,307,52,1,90,1,98,2,126,2,147,4,163
412700,2010,307,40,2,61,5,76,5,86,9,98,9,105
412701,2010,307,38,3,55,4,65,4,86,4,113,5,128
412702,2010,307,39,0,84,1,96,2,118,3,163,4,191
412703,2010,24,24,3,47,4,59,4,92,4,128,5,147
423782,2010,21,39,2,52,5,56,5,64,8,78,10,78
423787,2010,20,29,2,49,3,58,4,97,4,111,7,118
423788,2010,305,62,1,73,3,95,4,143,4,181,6,214
426392,2010,33,43,1,67,4,98,5,127,5,151,6,167
426393,2010,33,50,1,79,3,91,3,116,4,146,7,162
426417,2010,10,49,1,61,3,71,3,88,3,108,4,126
426418,2010,10,23,4,37,4,47,5,63,7,85,9,89
426723,2009,16,35,1,79,2,94,3,116,5,136,6,161
426724,2009,16,48,1,73,2,96,2,114,4,133,5,153
430884,2009,13,43,0,89,1,110,1,142,3,177,3,215
430885,2009,308,73,1,107,2,132,3,157,5,178,7,206
439139,2010,25,13,4,30,4,37,4,61,5,76,6,105
439146,2010,309,33,1,61,1,88,1,107,2,122,6,136
439497,2010,16,53,1,73,3,89,3,114,3,126,6,142
439499,2010,16,37,2,62,3,84,3,99,4,122,5,138
439505,2010,16,51,1,68,4,80,4,99,5,116,7,136
439510,2010,16,37,1,65,3,90,3,108,5,130,6,151
440945,2010,16,25,2,48,4,64,4,89,5,111,6,129
440946,2010,16,39,1,65,1,82,1,104,1,124,3,148
446956,2010,298,27,2,43,4,53,5,85,5,110,7,133
446960,2011,2,41,0,86,1,95,2,115,3,140,4,157
446961,2011,0,57,1,73,3,80,5,102,5,124,5,147
447539,2010,309,32,2,49,3,59,4,77,5,102,5,120
452153,2010,4,51,3,73,3,78,4,84,6,99,6,111
452154,2010,4,21,2,47,2,60,2,74,3,112,4,140
456991,2010,15,33,2,54,3,65,3,85,5,106,6,120
456992,2010,15,17,5,51,5,60,6,71,8,81,10,81
461565,2010,17,35,3,52,5,59,5,84,6,101,6,120
463141,2010,310,30,1,63,1,83,1,110,2,142,3,168
463142,2010,311,57,2,86,3,108,3,127,3,161,5,194
463149,2011,312,57,1,81,2,102,2,123,4,153,5,168
473918,2010,7,58,2,70,6,84,6,96,7,112,9,143
473919,2010,21,52,1,83,1,94,2,117,3,173,4,185
473920,2010,305,64,0,86,1,96,2,117,4,145,5,183
474466,2011,9,33,2,67,2,97,3,109,5,128,6,136
474476,2011,34,49,1,79,1,105,2,129,5,162,7,165
478279,2010,17,43,2,77,4,83,4,91,7,103,9,119
489212,2011,307,47,1,75,1,100,1,118,3,131,5,150
489220,2011,25,46,1,63,4,71,4,87,4,134,5,159
514023,2011,40,35,2,58,2,69,3,93,3,132,3,146
514024,2011,296,28,2,63,3,74,4,95,5,112,7,147
516204,2011,85,45,2,76,2,93,2,117,3,172,3,198
516205,2011,85,54,1,89,3,108,3,123,5,139,7,157
518954,2012,313,55,1,79,2,88,2,132,2,156,3,171
518955,2012,0,42,2,69,4,87,4,100,5,121,6,131
520595,2012,7,46,2,76,2,87,3,106,5,136,6,159
520596,2012,21,65,0,98,1,116,1,142,2,184,2,200
520597,2012,20,38,3,57,4,71,4,101,4,129,6,147
520598,2012,21,49,1,79,1,97,2,114,3,159,4,173
520599,2012,7,54,2,79,3,109,3,133,6,148,7,165
521217,2011,57,32,3,65,3,74,6,87,6,95,8,120
523735,2011,4,72,0,97,1,117,1,147,2,170,3,198
523736,2011,4,34,3,67,3,79,3,95,4,121,6,141
525816,2011,297,51,1,66,2,72,2,103,3,116,7,125
525817,2011,297,25,2,44,3,54,3,68,4,98,5,113
527012,2011,4,34,2,57,3,72,4,96,4,114,5,123
530432,2011,17,63,2,91,3,100,3,119,3,134,5,141
531635,2012,16,49,1,73,3,76,5,99,5,123,5,144
531636,2012,16,46,2,79,4,94,4,116,4,132,6,150
531637,2012,17,39,2,62,3,72,3,87,4,109,6,129
531982,2011,314,47,1,65,2,77,2,97,3,115,6,132
533272,2012,315,53,0,76,2,86,3,120,3,150,3,182
533273,2012,26,29,3,46,4,62,4,86,6,106,7,123
533275,2012,315,21,3,51,3,57,5,65,6,80,8,93
533276,2012,85,34,1,75,1,97,1,123,2,158,2,191
533279,2012,26,53,2,93,2,99,3,138,3,165,5,191
533280,2012,85,51,1,92,1,110,1,131,3,148,4,177
533281,2012,26,52,1,80,1,91,2,114,2,143,3,170
533283,2012,85,61,2,90,2,106,2,133,3,156,4,175
533284,2012,85,43,0,80,1,99,1,133,2,159,5,174
533285,2012,85,47,0,95,0,114,1,128,2,154,4,179
533286,2012,26,28,2,47,3,59,3,83,4,114,5,133
533287,2012,26,50,1,70,2,78,5,101,5,124,6,140
533288,2012,85,39,2,58,3,68,4,96,4,124,5,148
533289,2012,85,20,2,53,2,63,2,90,3,119,4,129
533290,2012,26,34,3,64,3,73,4,92,5,118,5,146
533291,2012,26,42,2,60,5,80,5,105,5,115,7,128
533292,2012,85,60,2,86,3,96,4,108,6,134,8,139
533293,2012,85,44,1,74,1,90,3,121,3,148,5,169
533294,2012,26,31,2,60,2,79,2,108,3,130,4,149
533295,2012,26,36,3,68,4,81,4,109,4,129,5,152
533296,2012,26,34,0,62,0,80,1,100,2,117,3,139
533297,2012,26,46,1,74,2,91,2,132,2,163,3,205
533298,2012,26,14,2,32,2,48,2,87,3,112,6,137
534208,2012,303,29,2,57,3,65,3,101,3,141,4,172
534233,2012,11,40,1,64,3,74,4,83,6,101,7,118
538068,2011,314,51,1,67,2,87,2,105,5,117,6,135
540173,2012,307,38,1,63,2,72,3,98,4,138,5,150
540174,2012,24,65,0,110,3,120,3,140,5,155,7,160
543883,2012,316,29,3,48,4,64,4,85,5,102,7,107
543884,2012,316,34,1,56,2,70,3,90,4,111,6,131
543885,2012,316,27,3,47,3,60,3,82,4,97,6,107
546410,2012,16,37,2,60,2,72,3,91,4,111,6,135
546414,2012,16,29,4,43,6,53,6,64,8,69,9,71
546442,2012,16,52,3,77,4,94,4,115,4,132,5,159
546462,2012,16,35,1,53,3,55,5,69,6,91,7,106
546470,2012,16,27,2,56,2,72,2,87,3,103,5,114
546473,2012,16,43,2,61,2,82,3,97,5,118,8,135
556252,2012,296,55,1,83,1,108,1,141,2,179,3,219
560921,2012,15,43,1,67,1,90,1,131,2,168,2,209
560922,2012,15,43,1,78,1,89,2,116,2,151,4,177
562437,2012,315,36,3,53,4,64,4,77,5,106,7,132
562438,2012,315,18,2,40,3,54,4,83,4,104,4,122
564786,2012,85,50,1,71,1,88,2,120,2,142,3,155
565810,2012,317,51,1,89,1,98,2,113,4,138,4,157
565811,2012,43,59,1,86,3,93,4,114,5,161,5,177
565820,2012,59,36,2,69,2,87,2,115,3,146,5,167
566926,2013,297,54,1,104,1,116,2,156,2,185,3,201
566937,2013,8,58,1,122,1,141,2,180,2,228,4,248
566938,2013,11,61,0,94,0,116,1,137,1,181,2,195
567071,2012,302,42,1,82,1,99,2,121,4,166,5,190
567205,2012,84,34,3,61,4,85,4,103,6,121,6,144
567353,2012,76,27,3,51,6,60,8,66,8,86,9,86
567355,2012,77,36,2,63,2,84,2,116,3,147,4,179
567367,2013,39,52,1,99,1,125,2,157,3,174,6,195
569237,2013,7,62,1,109,3,133,3,166,3,195,5,214
569238,2013,21,54,0,84,1,105,2,130,3,154,5,192
569239,2013,20,30,1,63,2,84,3,98,4,124,5,139
571148,2012,16,32,2,51,4,56,5,71,5,84,8,89
571149,2012,16,37,1,61,1,85,1,104,3,135,3,151
571150,2012,16,42,0,104,0,114,1,141,3,158,5,168
573019,2013,313,31,1,58,3,70,3,101,3,123,3,137
573020,2013,0,36,2,56,3,75,3,101,3,130,4,161
573027,2013,55,43,1,87,1,103,2,126,3,157,5,191
573672,2012,84,30,3,57,3,72,4,96,4,116,5,128
587476,2012,314,43,2,81,2,96,3,122,4,158,4,197
589306,2012,14,37,0,75,0,83,1,108,3,124,7,133
589307,2012,318,48,1,72,2,88,3,118,3,162,3,192
592268,2013,319,38,4,54,6,77,6,95,6,104,8,126
592269,2013,319,35,2,63,3,76,4,90,5,119,5,139
592276,2013,320,58,4,73,5,87,5,102,7,112,9,113
593986,2013,309,34,3,56,3,64,3,88,3,119,5,130
593987,2013,309,39,1,64,2,78,2,99,4,144,4,158
602477,2013,85,62,1,86,3,100,4,123,4,166,5,198
623571,2013,321,48,1,84,2,98,3,120,4,146,5,168
630951,2013,320,50,0,78,0,99,1,139,1,165,5,172
635658,2013,26,23,3,50,3,56,4,75,4,102,4,115
635659,2013,315,30,1,59,3,77,3,102,4,128,5,145
635660,2013,315,35,1,72,2,92,2,112,2,145,2,163
636164,2014,19,52,0,104,0,117,1,157,2,186,3,213
636165,2014,0,48,3,70,5,86,5,96,6,115,7,130
636166,2014,313,41,0,79,2,104,2,137,4,157,6,195
636536,2014,24,56,0,78,1,90,2,115,3,152,3,170
636537,2014,24,30,3,61,3,82,3,109,4,136,4,152
636538,2014,24,64,0,96,0,102,1,119,2,138,5,165
645645,2013,322,41,3,65,4,77,4,96,4,116,5,152
645647,2013,322,39,1,55,3,69,3,92,4,113,7,135
647247,2013,36,74,1,114,3,129,4,157,5,182,7,201
648683,2014,39,34,2,59,3,72,4,86,6,110,7,128
649101,2013,16,18,3,41,5,50,5,70,6,82,7,98
649103,2013,16,44,1,67,1,91,1,115,2,140,3,150
657633,2013,16,41,2,62,3,72,3,89,4,126,4,145
657635,2013,16,52,0,90,0,100,1,149,2,180,2,211
659545,2013,4,37,2,57,3,76,3,112,4,143,5,161
659547,2013,4,37,1,69,1,89,1,120,1,154,1,179
660113,2013,17,37,2,75,2,92,3,110,4,141,5,168
660149,2013,66,57,2,92,5,104,5,124,6,152,6,183
660173,2013,66,48,1,69,3,82,3,98,4,128,4,165
660185,2013,66,51,1,78,2,84,4,101,6,114,6,130
660209,2013,135,59,1,81,2,91,2,112,3,132,5,146
660223,2013,17,43,2,68,2,80,2,112,2,134,4,147
661695,2014,7,55,1,70,3,101,3,134,5,165,5,189
661697,2014,20,37,2,66,3,76,4,101,4,142,5,159
667731,2014,33,46,2,76,3,86,4,99,4,144,5,180
667887,2014,297,43,2,79,3,90,4,122,5,152,6,183
668959,2013,314,70,0,86,2,109,2,149,2,187,3,204
668969,2013,85,42,2,62,3,69,4,94,5,123,5,142
682899,2014,86,44,2,60,2,76,2,108,2,129,4,149
682901,2014,323,56,1,85,3,99,3,115,4,140,5,163
682903,2014,323,41,2,75,2,93,4,118,4,139,7,151
682907,2014,86,38,1,54,3,63,3,86,3,115,3,126
682909,2014,323,38,4,62,4,75,4,95,5,126,5,140
682911,2014,323,46,1,66,3,77,3,91,5,108,5,123
682915,2014,86,51,3,80,3,91,5,102,9,108,10,108
682917,2014,323,31,2,66,3,70,5,80,7,99,8,116
682919,2014,323,48,1,71,2,85,2,119,3,161,3,189
682921,2014,314,34,1,50,3,76,3,96,3,104,5,130
682923,2014,86,51,2,84,3,93,3,117,4,148,5,165
682925,2014,86,55,1,84,3,103,3,126,4,149,6,172
682927,2014,314,36,2,83,2,114,2,140,3,175,4,191
682929,2014,314,24,0,46,1,59,1,76,4,106,5,129
682931,2014,86,39,2,61,3,77,3,100,4,140,5,170
682935,2014,314,36,0,74,0,97,1,116,2,151,2,171
682937,2014,86,58,2,92,3,100,4,114,5,133,7,145
682939,2014,86,42,1,70,1,89,1,130,1,169,3,189
682941,2014,314,41,3,88,4,101,5,128,5,153,6,178
682943,2014,314,27,3,56,3,76,4,90,5,124,5,138
682945,2014,86,37,1,62,2,81,2,108,3,141,4,151
682947,2014,86,52,0,85,0,97,1,121,3,167,3,196
682949,2014,314,50,1,75,3,88,3,130,3,156,4,190
682951,2014,314,44,1,59,3,69,4,102,4,147,4,159
682953,2014,86,47,1,75,1,87,2,106,2,118,3,133
682955,2014,86,35,3,55,3,73,4,85,6,112,7,119
682957,2014,314,32,2,68,2,88,2,116,2,135,4,153
682959,2014,314,39,2,61,2,74,4,84,5,128,5,166
682961,2014,314,48,2,65,3,84,3,107,4,128,5,160
682963,2014,314,44,2,66,2,90,2,127,3,146,4,172
682965,2014,314,31,1,64,1,73,2,95,2,119,2,130
685727,2013,296,60,0,83,2,93,3,107,3,134,6,153
685729,2013,40,30,1,62,2,90,2,131,2,155,3,176
690351,2014,86,58,1,87,4,102,4,123,6,145,6,168
690353,2014,86,42,4,59,5,66,6,84,7,106,8,120
702141,2014,27,38,2,58,2,66,3,79,4,102,6,116
702143,2014,27,30,1,48,3,58,4,69,5,85,8,96
722335,2015,40,35,2,79,3,92,3,119,3,148,4,165
722337,2015,296,69,2,121,2,134,3,173,4,213,4,231
727917,2014,16,32,3,46,6,56,6,68,7,85,8,96
730285,2014,324,36,1,73,1,84,2,109,3,143,4,165
736063,2015,76,62,0,96,0,108,0,130,1,158,2,195
742617,2014,16,34,3,61,4,79,4,110,4,126,5,135
743953,2015,34,60,1,85,3,102,4,137,4,164,6,191
743975,2015,10,27,2,62,2,84,2,136,2,168,4,182
754039,2014,16,43,0,58,3,76,3,93,4,127,6,144
754717,2014,2,43,2,67,3,79,4,104,4,128,5,144
754719,2014,0,36,2,51,3,59,3,71,4,93,6,101
754721,2014,313,53,0,84,1,93,2,116,2,133,4,145
800479,2016,40,50,1,74,4,80,4,94,6,120,7,134
800481,2016,296,47,1,74,3,89,3,133,3,160,7,171
802327,2014,325,17,4,22,7,25,8,31,8,56,8,72
817203,2015,314,37,2,70,2,84,3,105,4,130,4,148
817205,2015,314,51,0,95,0,104,3,126,3,137,4,169
848839,2015,76,56,0,86,1,100,1,124,4,140,6,151
848841,2015,39,53,1,86,2,105,3,133,4,165,5,177
858491,2015,314,31,0,53,1,76,2,101,3,127,4,141
860279,2015,26,42,1,71,2,85,3,116,3,153,3,175
860281,2015,26,48,2,65,4,88,4,113,5,145,5,172
868723,2015,30,54,0,83,3,97,3,114,4,159,5,172
868725,2015,30,50,0,83,1,100,1,125,1,164,2,175
875457,2015,326,41,2,62,5,79,7,95,8,109,9,109
875471,2015,326,47,1,97,1,107,3,135,4,175,4,191
875481,2015,326,44,2,67,2,79,3,85,4,107,6,119
875501,2015,302,31,3,45,4,57,4,83,5,102,8,123
875507,2015,302,17,3,31,5,45,5,58,5,82,7,109
875513,2015,48,34,1,56,4,62,4,79,6,87,8,93
875521,2015,48,35,1,52,1,66,3,90,5,109,6,129
875549,2015,48,42,3,56,4,61,4,72,6,101,8,116
875553,2015,48,38,2,64,2,70,3,91,4,115,6,128
883343,2015,52,42,1,69,1,81,1,109,1,152,1,172
883345,2015,50,37,0,63,2,84,3,107,4,127,5,149
884347,2016,76,69,1,89,3,98,5,113,6,147,7,157
884349,2016,296,62,1,87,2,108,3,142,4,165,5,204
884351,2016,40,68,1,87,2,101,2,123,3,151,3,178
885969,2015,4,58,0,82,2,98,2,123,2,154,4,178
885971,2015,4,49,2,76,2,89,3,112,3,132,4,145
889463,2015,3,36,2,71,3,94,3,119,5,148,6,166
895817,2016,2,54,2,79,2,98,2,128,2,160,2,188
895819,2016,0,50,0,86,0,104,1,134,1,166,2,184
895821,2016,18,57,1,80,3,103,3,140,3,176,4,197
902649,2015,16,40,3,67,3,80,3,101,4,138,4,160
902651,2015,16,45,1,68,2,89,3,114,4,151,6,172
902653,2015,135,48,3,73,4,82,5,100,6,133,6,154
903587,2015,327,46,1,86,1,115,1,158,1,182,3,199
903589,2015,41,35,2,58,4,68,5,81,7,92,10,92
913633,2016,8,51,1,79,3,84,5,109,6,133,8,140
913663,2016,34,53,0,77,3,89,3,105,5,124,6,135
914217,2016,6,62,0,97,0,105,1,131,1,163,3,182
914219,2016,7,37,2,64,4,71,6,97,6,117,8,142
914221,2016,7,52,1,77,2,90,3,111,4,161,6,171
914223,2016,21,34,1,60,2,75,3,116,3,146,5,168
914225,2016,20,57,1,85,2,110,3,129,3,175,4,196
915783,2015,85,65,0,92,1,105,2,131,2,188,3,215
915785,2015,26,61,0,81,3,97,4,128,4,146,5,162
919603,2015,4,33,3,67,3,73,4,91,5,127,5,136
919605,2015,4,33,1,63,2,82,4,98,4,112,6,136
930573,2015,17,35,1,64,1,79,2,99,3,116,5,133
930575,2015,17,36,4,57,6,65,6,81,6,98,8,106
930577,2015,17,23,2,47,3,63,3,93,4,114,5,131
930579,2015,17,46,2,56,3,67,3,93,3,126,3,149
931396,2015,314,23,3,56,4,82,4,105,5,122,8,131
931398,2015,314,38,2,69,3,82,3,102,4,125,7,135
936155,2017,296,41,2,68,4,74,7,91,7,109,8,113
936157,2017,40,48,1,79,1,98,1,119,3,141,5,169
951305,2016,13,53,2,77,4,92,4,111,4,129,7,158
951309,2016,327,33,1,70,2,87,3,112,5,129,6,153
951311,2016,327,46,0,73,1,86,2,112,2,134,4,154
951313,2016,13,30,2,62,3,81,4,107,5,135,6,147
951323,2016,13,32,2,51,3,66,3,82,4,99,6,127
951327,2016,327,29,0,70,1,87,1,129,1,159,2,180
951329,2016,13,33,2,55,3,63,4,88,4,103,6,126
951331,2016,43,49,1,81,1,96,2,123,3,152,4,182
951333,2016,57,55,1,90,1,106,1,139,2,176,4,201
951337,2016,327,58,0,75,2,82,3,99,4,129,5,142
951339,2016,43,83,0,125,2,134,3,166,3,193,4,229
951345,2016,14,41,2,54,5,65,5,81,5,110,6,122
951347,2016,14,33,2,64,3,80,4,104,4,127,5,156
951349,2016,79,55,0,81,2,100,2,127,3,160,4,180
951353,2016,14,42,1,59,2,79,2,112,3,123,6,146
951355,2016,79,52,2,77,3,95,3,127,4,167,4,193
951357,2016,13,39,3,57,5,74,5,91,5,114,7,122
951359,2016,57,39,1,59,2,70,2,99,3,123,5,145
951361,2016,328,38,1,65,1,81,2,99,3,146,3,171
951363,2016,79,59,1,81,3,93,3,114,4,136,5,160
951367,2016,328,47,2,77,3,82,4,96,7,113,8,120
951369,2016,328,51,1,89,1,99,2,121,3,141,6,153
951371,2016,43,55,0,86,1,98,1,127,1,161,2,192
951373,2016,57,33,3,67,3,89,4,115,7,138,8,155
953105,2016,329,54,1,85,2,102,3,123,4,141,8,161
954737,2016,330,28,2,55,3,66,3,81,5,95,7,116
954741,2016,17,20,4,46,4,66,4,84,6,108,8,134
954743,2016,17,32,2,61,3,72,4,96,5,124,6,133
958415,2016,331,47,0,75,0,101,1,132,2,153,3,163
958417,2016,331,46,1,76,2,86,3,117,3,149,3,167
958419,2016,331,59,1,87,2,96,3,129,3,169,4,187
958421,2016,331,62,1,84,1,102,2,145,2,168,4,180
963697,2016,92,40,3,54,6,64,7,80,8,97,8,101
963699,2016,31,70,0,93,1,110,1,131,3,179,3,196
963701,2016,63,29,5,54,6,63,7,71,7,82,10,82
966373,2016,66,37,2,55,3,77,4,106,4,129,5,148
966735,2016,332,46,1,75,1,84,3,120,4,157,5,180
966739,2016,332,38,2,75,2,93,3,122,3,136,6,146
966743,2016,314,42,1,77,1,97,1,117,4,146,4,172
966745,2016,314,31,2,52,3,76,3,97,4,149,4,166
966747,2016,314,49,0,72,1,84,2,98,3,115,6,129
966749,2016,314,48,1,74,2,83,3,94,4,113,6,133
966751,2016,314,32,3,47,6,56,7,70,7,83,10,83
966753,2016,314,41,3,57,3,67,3,97,3,125,5,147
966755,2016,314,20,3,40,3,53,4,90,5,114,5,129
966757,2016,314,31,2,47,3,62,4,91,4,115,7,138
966759,2016,314,20,3,34,4,46,4,79,4,105,6,129
966761,2016,314,21,2,32,3,42,3,57,5,71,7,81
966763,2016,314,44,0,66,0,90,0,113,1,127,4,150
967081,2016,66,33,1,68,2,84,2,107,2,140,4,157
995467,2016,85,73,1,110,1,134,1,178,2,232,2,263
995469,2016,26,46,2,64,4,75,4,93,7,114,8,128
1538307,2026,170,56,3,75,4,95,4,122,4,139,6,147
1538308,2026,170,43,2,71,3,88,3,123,4,171,4,194
1538309,2026,170,51,3,80,4,93,5,117,6,156,6,169
1539464,2026,282,29,3,52,6,56,6,76,6,108,6,137
1539465,2026,282,19,2,34,5,52,5,71,7,86,10,86
1539466,2026,282,27,2,42,5,50,6,73,6,97,8,107
1539467,2026,282,15,3,51,4,69,4,89,4,129,6,150
1539468,2026,282,47,1,89,1,104,2,120,3,156,4,177
1539469,2026,282,52,1,70,2,84,3,110,4,139,5,165
1528548,2026,113,36,3,68,4,86,4,118,5,168,6,182
1528549,2026,113,44,2,58,3,88,3,114,5,142,5,154
1532483,2026,286,52,2,75,4,85,6,94,7,117,9,131
1532484,2026,286,44,3,91,3,101,3,147,4,171,5,196
1532485,2026,286,22,3,42,5,62,6,73,7,96,8,109
1539472,2026,129,48,1,63,2,81,2,101,4,109,8,116
1539473,2026,129,55,2,83,2,101,2,131,4,152,5,187
1539474,2026,129,41,2,62,3,80,3,100,5,122,6,146
1539475,2026,129,42,3,67,3,91,3,106,5,126,8,141
1539476,2026,123,52,0,100,0,135,0,157,2,172,5,196
1539477,2026,123,74,4,96,5,111,6,131,7,141,8,164
1539479,2026,123,26,1,67,1,83,2,107,3,137,4,162
1539480,2026,123,63,1,109,1,134,2,168,4,212,6,224
1539732,2026,87,47,0,64,1,82,1,99,2,127,3,155
1539733,2026,87,40,0,55,3,62,3,89,3,107,3,114
1539734,2026,87,47,2,70,3,79,3,94,5,121,6,133
1539735,2026,87,25,2,39,3,42,4,56,6,66,9,69
1539736,2026,87,41,1,64,2,72,3,81,5,105,6,111
1539737,2026,87,36,1,70,3,82,3,105,3,131,3,143
1539738,2026,87,60,1,106,1,120,1,157,2,193,3,220
1539739,2026,264,46,2,71,3,78,5,92,6,110,8,126
1539740,2026,264,48,4,62,5,72,6,110,6,119,9,126
1539741,2026,264,48,0,85,0,106,1,150,2,176,3,194
1539742,2026,264,35,4,64,6,67,9,76,10,76,10,76
1539743,2026,264,71,0,124,0,149,0,182,3,218,3,230
1539744,2026,264,45,1,96,2,115,3,146,4,185,5,220
1540308,2026,138,31,1,56,2,82,2,114,2,143,4,180
1540309,2026,138,61,2,101,4,108,4,143,5,169,5,192
1540310,2026,138,46,2,67,3,87,3,117,5,141,9,141
1540311,2026,138,35,4,55,6,59,6,75,6,106,6,124
1540312,2026,138,57,1,107,2,126,2,165,3,208,3,232
1540313,2026,138,57,4,88,5,104,5,122,5,172,6,184
1540314,2026,138,67,0,113,2,127,3,153,3,182,4,211
1540315,2026,138,57,1,95,2,114,2,160,3,209,3,229
1540316,2026,138,51,1,72,3,92,3,116,5,147,7,184
1541805,2026,263,63,0,103,2,121,2,152,2,218,2,247
1541806,2026,263,68,1,105,2,121,3,151,4,173,6,187
1541808,2026,263,49,2,86,3,107,3,157,3,216,3,258
1541809,2026,263,74,0,117,0,146,1,173,2,205,6,227
1541810,2026,263,24,4,54,6,64,6,73,9,73,10,73
1542988,2026,219,43,2,77,2,83,4,98,5,114,7,125
1542989,2026,219,74,1,89,4,95,4,115,5,136,6,159
1542990,2026,219,74,2,133,3,169,4,238,5,286,7,322
1496574,2026,194,61,2,99,3,111,3,135,4,165,5,189
1540317,2026,282,48,1,72,3,83,4,103,5,131,6,169
1540318,2026,282,41,3,65,4,85,5,103,5,121,8,143
1540319,2026,282,40,0,71,1,85,3,98,5,136,7,156
1496575,2026,106,65,2,96,2,118,2,144,3,162,5,190
1496576,2026,104,49,1,92,2,111,4,143,4,185,5,201
1496577,2026,140,44,2,71,3,87,3,116,4,150,5,158
1496578,2026,109,61,1,111,1,132,1,189,1,225,1,257
1543356,2026,132,52,1,76,1,99,2,113,4,133,8,142
1543358,2026,132,59,1,89,2,105,2,135,2,165,3,181
1543361,2026,129,61,0,91,0,104,1,139,2,162,4,180
1543362,2026,277,52,2,84,3,88,4,107,4,129,5,139
1543364,2026,277,48,1,69,3,77,3,101,3,120,4,136
1543365,2026,277,57,0,104,0,111,1,145,3,181,3,201
1543366,2026,277,18,3,40,4,46,6,83,6,102,8,105
1543367,2026,129,33,3,58,5,66,5,94,5,110,6,124
1543368,2026,277,69,2,90,4,97,4,110,5,123,7,132
1543369,2026,129,33,2,64,3,87,3,111,4,150,5,171
1543370,2026,277,39,2,62,5,64,7,80,8,95,10,95
1543371,2026,129,60,1,82,1,100,2,131,2,176,3,203
1543372,2026,277,43,4,62,6,69,7,84,8,106,9,107
1543373,2026,129,40,2,69,2,86,2,120,2,149,4,164
1543374,2026,277,53,1,71,3,80,3,106,3,123,6,139
1543375,2026,129,47,0,75,1,90,1,116,1,162,2,186
1530060,2026,4,26,3,46,4,59,4,78,5,109,5,125
1530061,2026,4,53,2,95,3,111,3,158,3,196,4,219
1530062,2026,4,64,1,95,1,113,2,145,3,172,4,192
1538301,2026,166,54,1,87,2,93,3,122,4,144,6,170
1538302,2026,166,54,0,84,0,99,0,121,1,150,5,186
1538303,2026,166,40,1,69,1,80,2,109,3,129,4,143
1543376,2026,129,31,3,43,4,56,5,86,6,106,8,117
1543377,2026,277,39,1,71,2,84,2,105,4,123,5,148
1543378,2026,277,45,0,83,0,109,0,140,1,183,1,199
1544120,2026,129,35,1,55,5,60,6,69,8,72,9,77
1544121,2026,129,46,0,86,0,96,0,118,2,142,4,162
1546377,2026,138,51,2,76,2,85,3,110,5,126,7,144
1546378,2026,138,71,3,109,3,127,3,156,3,202,3,221
1546379,2026,138,42,1,72,3,81,3,92,4,128,4,142
1546380,2026,138,27,1,46,2,54,4,76,4,94,8,103
1546381,2026,138,52,1,93,1,122,1,151,2,203,2,235
1546382,2026,138,27,1,41,3,50,3,76,4,98,5,106
1546383,2026,138,21,3,45,4,53,5,66,8,85,9,96
1546384,2026,138,31,2,57,3,64,4,75,5,91,7,123
1546385,2026,138,36,2,74,4,84,5,107,5,143,6,166
1546386,2026,138,42,0,66,1,75,2,93,4,109,6,130
1546387,2026,138,25,4,40,5,58,5,74,6,75,10,75
1546388,2026,138,46,4,66,5,71,6,80,9,99,10,99
1546389,2026,138,42,2,95,2,110,3,121,4,153,5,166
1548122,2026,190,34,1,65,1,85,1,108,2,142,2,159
1548123,2026,190,50,1,67,2,83,3,101,3,124,4,148
1545655,2026,333,25,1,49,2,71,3,87,4,102,5,122
1545656,2026,333,29,1,46,2,51,3,61,5,79,8,93
1545657,2026,333,39,2,63,3,75,3,91,4,104,5,113
1545658,2026,334,20,2,34,2,51,2,67,2,80,4,95
1545659,2026,333,48,0,77,0,97,0,139,1,164,5,180
1545660,2026,132,40,0,64,2,72,5,87,8,111,8,131
1545661,2026,173,53,1,91,2,95,2,114,2,139,4,163
1545662,2026,132,39,2,76,2,89,4,101,7,114,9,116
1545663,2026,173,66,2,98,3,124,3,156,3,190,3,221
1545664,2026,132,54,2,81,4,89,4,108,4,134,7,147
1545665,2026,173,40,2,61,3,73,3,82,5,102,6,108
1545666,2026,132,38,2,62,3,79,4,110,5,131,7,140
1545667,2026,173,65,3,112,4,141,5,162,7,197,8,232
1545668,2026,132,35,2,53,6,64,6,71,6,82,8,94
1545669,2026,173,48,1,80,3,95,3,124,4,148,6,177
1545670,2026,132,55,4,77,4,89,4,107,4,119,7,121
1545671,2026,173,37,2,76,2,91,3,128,3,166,3,206
1547089,2026,258,48,0,76,1,86,2,103,4,126,6,142
1547090,2026,258,61,3,93,3,101,4,115,4,135,8,151
1547091,2026,258,35,2,58,3,72,3,93,4,104,7,112
1547092,2026,258,53,0,85,2,92,4,103,6,133,6,151
1547095,2026,258,30,0,52,0,67,0,91,2,107,4,130
1547096,2026,258,60,2,88,3,103,3,143,3,154,8,180
1547097,2026,258,28,4,46,5,59,6,70,6,84,7,101
1549355,2026,333,38,0,51,2,57,2,78,2,113,5,128
1545672,2026,132,36,1,56,2,69,3,86,6,95,9,96
1545673,2026,173,41,1,82,2,102,3,123,4,151,6,168
1545674,2026,132,38,2,68,3,74,4,94,4,119,6,154
1545676,2026,132,51,0,73,2,87,2,107,3,141,4,156
1545677,2026,173,90,1,116,2,137,2,168,4,187,5,211
1545680,2026,132,48,1,68,4,85,4,108,6,122,7,144
1545681,2026,173,52,2,71,3,87,3,102,5,149,5,158
1545682,2026,173,28,2,52,3,65,4,78,5,88,9,88
1545683,2026,132,56,1,76,1,90,2,107,3,131,5,160
1549524,2026,264,57,0,85,1,101,1,133,3,151,6,163
1549525,2026,264,54,1,76,1,82,3,94,4,130,5,144
1549526,2026,264,64,1,83,5,101,6,133,6,164,6,195
1549527,2026,264,59,0,88,1,118,1,148,1,174,5,185
1549528,2026,264,26,3,50,3,73,3,102,3,128,6,156
1549529,2026,264,70,0,127,0,159,1,187,2,211,2,228
1549530,2026,264,67,0,94,2,119,2,150,3,186,5,205
1552906,2026,335,50,0,90,0,109,0,137,1,160,2,192
1552907,2026,335,55,2,89,3,105,3,145,3,184,6,204
1552908,2026,335,58,1,95,2,108,2,151,2,204,2,250
1552909,2026,335,33,3,60,4,68,5,94,6,114,8,139
1496585,2026,109,90,1,134,1,159,1,191,2,230,3,254
1496586,2026,108,56,2,84,3,95,5,115,5,141,6,145
1552910,2026,335,29,1,52,3,63,3,77,5,88,6,101
1552911,2026,335,74,0,105,2,124,2,150,2,170,2,191
1552912,2026,335,64,2,95,2,115,2,153,3,176,5,198
1552913,2026,335,47,2,67,3,80,4,90,5,100,8,108
1552914,2026,335,43,2,81,3,97,3,129,4,168,4,189
1552915,2026,335,58,0,86,2,97,2,120,2,145,4,165
1552916,2026,335,27,1,43,1,56,3,74,5,93,8,112
1552917,2026,335,45,0,73,2,89,4,118,5,153,7,183
1552918,2026,198,18,2,41,7,49,7,51,8,55,10,55
1552919,2026,198,63,2,92,2,99,3,119,3,171,3,189
1552920,2026,198,41,3,65,3,72,4,89,6,110,6,119
1552921,2026,198,23,3,36,4,56,5,65,7,70,9,87
1552922,2026,198,63,0,93,1,101,1,139,2,159,2,188
1552923,2026,198,63,1,102,2,118,3,163,3,193,5,216
